League,Season,Stage,Player,Team,GP,MIN,FGM,FGA,3PM,3PA,FTM,FTA,TOV,PF,ORB,DRB,REB,AST,STL,BLK,PTS,birth_date,weight_stats,nationality,high_school,draft_round,draft_pick,draft_team,player_norm,position,height_anthro,height_with_shoes,weight_anthro,wingspan,standing_reach,body_fat_percentage,hand_length,hand_width,draft_year,start_year,season_start_date,age_debut_saison,keyfactor,FGM_per_min,FGA_per_min,3PM_per_min,3PA_per_min,FTM_per_min,FTA_per_min,TOV_per_min,PF_per_min,ORB_per_min,DRB_per_min,REB_per_min,AST_per_min,STL_per_min,BLK_per_min,PTS_per_min,EFF_per_min
NBA,1999 - 2000,Playoffs,Glen Rice,LAL,23,766.0,93,228,28,67,71,89,36,50,10,82,92,48,15,4,285,1967-05-28,228.0,United States,Flint Northwestern High School,1.0,4.0,Miami Heat,glen rice,SF/SG,194.31,197.48,95.62,206.38,257.81,8.45,21.59,22.86,2013,1999,1999-10-01,32.3,2,0.12,0.3,0.04,0.09,0.09,0.12,0.05,0.07,0.01,0.11,0.12,0.06,0.02,0.01,0.37,0.32
NBA,2000 - 2001,Playoffs,Glen Rice,NYK,5,144.0,24,52,6,14,7,8,7,10,3,19,22,3,3,1,61,1967-05-28,228.0,United States,Flint Northwestern High School,1.0,4.0,Miami Heat,glen rice,SF/SG,194.31,197.48,95.62,206.38,257.81,8.45,21.59,22.86,2013,2000,2000-10-01,33.3,10,0.17,0.36,0.04,0.1,0.05,0.06,0.05,0.07,0.02,0.13,0.15,0.02,0.02,0.01,0.42,0.37
NBA,2000 - 2001,Playoffs,Eddie House,MIA,3,64.0,16,40,2,7,4,5,5,7,1,4,5,5,3,1,38,1978-05-14,190.0,United States,Hayward High School,2.0,8.0,Miami Heat,eddie house,SG/PG,182.24,,80.06,191.77,241.3,,,,2000,2000,2000-10-01,22.4,11,0.25,0.62,0.03,0.11,0.06,0.08,0.08,0.11,0.02,0.06,0.08,0.08,0.05,0.02,0.59,0.35
NBA,2001 - 2002,Playoffs,Richard Jefferson,NJN,20,441.0,53,114,0,2,33,60,26,40,16,76,92,25,11,9,139,1980-06-21,233.0,United States,Moon Valley High School,1.0,13.0,Houston Rockets,richard jefferson,SF,201.3,,101.15,213.36,261.62,6.7,,,2001,2001,2001-10-01,21.3,33,0.12,0.26,0.0,0.0,0.07,0.14,0.06,0.09,0.04,0.17,0.21,0.06,0.02,0.02,0.32,0.36
NBA,2001 - 2002,Playoffs,Eric Williams,BOS,16,487.0,47,94,14,30,17,23,11,53,18,52,70,21,25,4,125,1972-07-17,220.0,United States,Malcolm X Shabazz High School,1.0,14.0,Boston Celtics,eric williams,C/PF,201.3,205.1,129.27,224.16,270.51,13.0,,,2006,2001,2001-10-01,29.2,34,0.1,0.19,0.03,0.06,0.03,0.05,0.02,0.11,0.04,0.11,0.14,0.04,0.05,0.01,0.26,0.37
NBA,2001 - 2002,Playoffs,Jason Collins,NJN,17,227.0,12,33,0,0,25,38,12,48,24,17,41,7,5,6,49,1978-12-02,255.0,United States,Harvard-Westlake School,1.0,18.0,Houston Rockets,jason collins,PF/C,208.92,,113.85,224.79,279.4,12.9,,,2001,2001,2001-10-01,22.8,35,0.05,0.15,0.0,0.0,0.11,0.17,0.05,0.21,0.11,0.07,0.18,0.03,0.02,0.03,0.22,0.27
NBA,2001 - 2002,Playoffs,Eduardo Najera,DAL,8,122.0,16,23,0,0,5,8,2,22,3,10,13,1,3,0,37,1976-07-11,235.0,Mexico,Cornerstone Christian Academy High School,2.0,9.0,Houston Rockets,eduardo najera,PF/SF,199.39,,106.37,212.09,265.43,,,,2000,2001,2001-10-01,25.2,36,0.13,0.19,0.0,0.0,0.04,0.07,0.02,0.18,0.02,0.08,0.11,0.01,0.02,0.0,0.3,0.33
NBA,2001 - 2002,Playoffs,Jamaal Tinsley,IND,5,88.0,8,19,0,1,2,3,12,12,2,8,10,25,2,0,18,1978-02-28,188.0,United States,Samuel J. Tilden High School,1.0,27.0,Vancouver Grizzlies,jamaal tinsley,PG,184.78,,90.26,201.93,247.65,13.6,,,2001,2001,2001-10-01,23.6,37,0.09,0.22,0.0,0.01,0.02,0.03,0.14,0.14,0.02,0.09,0.11,0.28,0.02,0.0,0.2,0.33
NBA,2002 - 2003,Playoffs,Richard Jefferson,NJN,20,712.0,110,231,0,3,61,85,46,67,29,98,127,47,16,4,281,1980-06-21,233.0,United States,Moon Valley High School,1.0,13.0,Houston Rockets,richard jefferson,SF,201.3,,101.15,213.36,261.62,6.7,,,2001,2002,2002-10-01,22.3,88,0.15,0.32,0.0,0.0,0.09,0.12,0.06,0.09,0.04,0.14,0.18,0.07,0.02,0.01,0.39,0.41
NBA,2002 - 2003,Playoffs,Speedy Claxton,SAS,24,326.0,46,105,0,0,33,44,24,38,7,38,45,45,16,5,125,1978-05-08,170.0,United States,Christ the King,1.0,20.0,Philadelphia Sixers,speedy claxton,PG,179.07,,75.3,182.88,240.03,,,,2000,2002,2002-10-01,24.4,89,0.14,0.32,0.0,0.0,0.1,0.13,0.07,0.12,0.02,0.12,0.14,0.14,0.05,0.02,0.38,0.45
NBA,2002 - 2003,Playoffs,Jason Collins,NJN,20,529.0,33,91,0,2,51,61,18,74,51,74,125,17,13,12,117,1978-12-02,255.0,United States,Harvard-Westlake School,1.0,18.0,Houston Rockets,jason collins,PF/C,208.92,,113.85,224.79,279.4,12.9,,,2001,2002,2002-10-01,23.8,90,0.06,0.17,0.0,0.0,0.1,0.12,0.03,0.14,0.1,0.14,0.24,0.03,0.02,0.02,0.22,0.37
NBA,2002 - 2003,Playoffs,Eduardo Najera,DAL,19,394.0,39,86,0,0,38,48,16,53,36,38,74,15,14,4,116,1976-07-11,235.0,Mexico,Cornerstone Christian Academy High School,2.0,9.0,Houston Rockets,eduardo najera,PF/SF,199.39,,106.37,212.09,265.43,,,,2000,2002,2002-10-01,26.2,91,0.1,0.22,0.0,0.0,0.1,0.12,0.04,0.13,0.09,0.1,0.19,0.04,0.04,0.01,0.29,0.39
NBA,2002 - 2003,Playoffs,Drew Gooden,ORL,7,233.0,36,90,0,3,26,36,12,23,28,61,89,4,3,6,98,1981-09-24,250.0,United States,El Cerrito High School,1.0,4.0,Memphis Grizzlies,drew gooden,PF,205.1,,102.97,214.63,270.51,,,,2002,2002,2002-10-01,21.0,92,0.15,0.39,0.0,0.01,0.11,0.15,0.05,0.1,0.12,0.26,0.38,0.02,0.01,0.03,0.42,0.53
NBA,2002 - 2003,Playoffs,Eric Williams,BOS,10,310.0,33,88,3,15,27,34,12,42,12,20,32,17,9,0,96,1972-07-17,220.0,United States,Malcolm X Shabazz High School,1.0,14.0,Boston Celtics,eric williams,C/PF,201.3,205.1,129.27,224.16,270.51,13.0,,,2006,2002,2002-10-01,30.2,93,0.11,0.28,0.01,0.05,0.09,0.11,0.04,0.14,0.04,0.06,0.1,0.05,0.03,0.0,0.31,0.26
NBA,2002 - 2003,Playoffs,Amar'e Stoudemire,PHX,6,203.0,34,65,1,1,16,28,19,28,16,31,47,7,10,9,85,1982-11-16,245.0,United States,Cypress Creek High School,1.0,9.0,Phoenix Suns,amare stoudemire,PF,204.47,,105.69,217.8,275.59,,,,2002,2002,2002-10-01,19.9,94,0.17,0.32,0.0,0.0,0.08,0.14,0.09,0.14,0.08,0.15,0.23,0.03,0.05,0.04,0.42,0.47
NBA,2002 - 2003,Playoffs,Michael Redd,MIL,6,128.0,21,52,3,12,13,14,7,15,9,12,21,11,2,1,58,1979-08-24,220.0,United States,West High School,2.0,14.0,Milwaukee Bucks,michael redd,SG/SF,194.94,,97.07,205.74,259.08,,,,2000,2002,2002-10-01,23.1,95,0.16,0.41,0.02,0.09,0.1,0.11,0.05,0.12,0.07,0.09,0.16,0.09,0.02,0.01,0.45,0.42
NBA,2002 - 2003,Playoffs,Jamaal Tinsley,IND,6,185.0,20,35,8,13,3,6,8,20,6,12,18,39,4,0,51,1978-02-28,188.0,United States,Samuel J. Tilden High School,1.0,27.0,Vancouver Grizzlies,jamaal tinsley,PG,184.78,,90.26,201.93,247.65,13.6,,,2001,2002,2002-10-01,24.6,96,0.11,0.19,0.04,0.07,0.02,0.03,0.04,0.11,0.03,0.06,0.1,0.21,0.02,0.0,0.28,0.48
NBA,2002 - 2003,Playoffs,J.R. Bremer,BOS,10,148.0,16,56,8,32,7,8,8,12,0,15,15,12,3,0,47,1980-09-19,185.0,United States,Cleveland Heights High School,,,,jr bremer,SG/PG,186.06,,85.28,188.6,243.84,,,,2002,2002,2002-10-01,22.0,97,0.11,0.38,0.05,0.22,0.05,0.05,0.05,0.08,0.0,0.1,0.1,0.08,0.02,0.0,0.32,0.2
NBA,2002 - 2003,Playoffs,Mark Madsen,LAL,12,169.0,13,31,0,1,7,16,8,32,14,14,28,12,3,2,33,1976-01-28,240.0,United States,San Ramon Valley High School,1.0,29.0,Los Angeles Lakers,mark madsen,PF,203.2,,107.27,214.63,265.43,,,,2000,2002,2002-10-01,26.7,98,0.08,0.18,0.0,0.01,0.04,0.09,0.05,0.19,0.08,0.08,0.17,0.07,0.02,0.01,0.2,0.27
NBA,2002 - 2003,Playoffs,Joe Johnson,PHX,6,164.0,14,51,2,13,2,5,12,15,6,20,26,8,4,2,32,1981-06-29,240.0,United States,Little Rock Central High School,1.0,10.0,Boston Celtics,joe johnson,SF/SG,200.02,,102.51,205.74,266.7,6.7,,,2001,2002,2002-10-01,21.3,99,0.09,0.31,0.01,0.08,0.01,0.03,0.07,0.09,0.04,0.12,0.16,0.05,0.02,0.01,0.2,0.13
NBA,2002 - 2003,Playoffs,Kareem Rush,LAL,9,64.0,11,29,4,11,4,4,3,2,2,1,3,2,1,0,30,1980-10-30,201.0,United States,The Pembroke Hill School,1.0,20.0,Toronto Raptors,kareem rush,SG/SF,194.94,,90.26,207.64,262.89,,,,2002,2002,2002-10-01,21.9,100,0.17,0.45,0.06,0.17,0.06,0.06,0.05,0.03,0.03,0.02,0.05,0.03,0.02,0.0,0.47,0.24
NBA,2002 - 2003,Playoffs,Jannero Pargo,LAL,11,130.0,8,24,4,15,3,4,7,22,3,6,9,14,8,1,23,1979-10-22,185.0,United States,Paul Robeson High School,,,,jannero pargo,PG,183.52,,76.2,189.23,243.84,,,,2002,2002,2002-10-01,22.9,101,0.06,0.18,0.03,0.12,0.02,0.03,0.05,0.17,0.02,0.05,0.07,0.11,0.06,0.01,0.18,0.25
NBA,2003 - 2004,Playoffs,Dwyane Wade,MIA,13,510.0,86,189,3,8,59,75,54,45,16,36,52,73,17,4,234,1982-01-17,220.0,United States,Harold L. Richards High School,1.0,5.0,Miami Heat,dwyane wade,SG/SF,192.4,,96.16,210.18,259.08,6.7,,,2003,2003,2003-10-01,21.7,189,0.17,0.37,0.01,0.02,0.12,0.15,0.11,0.09,0.03,0.07,0.1,0.14,0.03,0.01,0.46,0.4
NBA,2003 - 2004,Playoffs,Richard Jefferson,NJN,11,460.0,66,158,9,33,77,108,43,35,14,55,69,42,14,8,218,1980-06-21,233.0,United States,Moon Valley High School,1.0,13.0,Houston Rockets,richard jefferson,SF,201.3,,101.15,213.36,261.62,6.7,,,2001,2003,2003-10-01,23.3,190,0.14,0.34,0.02,0.07,0.17,0.23,0.09,0.08,0.03,0.12,0.15,0.09,0.03,0.02,0.47,0.41
NBA,2003 - 2004,Playoffs,Caron Butler,MIA,13,511.0,59,153,2,11,47,57,23,45,18,92,110,31,28,7,167,1980-03-13,228.0,United States,Maine Central Institute,1.0,10.0,Miami Heat,caron butler,SF/SG,196.22,,100.7,212.09,262.89,,,,2002,2003,2003-10-01,23.6,191,0.12,0.3,0.0,0.02,0.09,0.11,0.05,0.09,0.04,0.18,0.22,0.06,0.05,0.01,0.33,0.42
NBA,2003 - 2004,Playoffs,Trenton Hassell,MIN,18,471.0,62,119,1,2,13,16,16,42,21,23,44,27,10,8,138,1979-03-04,227.0,United States,Clarksville High School,2.0,1.0,Chicago Bulls,trenton hassell,SG/SF,193.68,,92.99,203.2,252.73,5.3,,,2001,2003,2003-10-01,24.6,192,0.13,0.25,0.0,0.0,0.03,0.03,0.03,0.09,0.04,0.05,0.09,0.06,0.02,0.02,0.29,0.33
NBA,2003 - 2004,Playoffs,Jamaal Tinsley,IND,16,422.0,49,123,16,54,15,16,31,56,6,40,46,80,28,3,129,1978-02-28,188.0,United States,Samuel J. Tilden High School,1.0,27.0,Vancouver Grizzlies,jamaal tinsley,PG,184.78,,90.26,201.93,247.65,13.6,,,2001,2003,2003-10-01,25.6,193,0.12,0.29,0.04,0.13,0.04,0.04,0.07,0.13,0.01,0.09,0.11,0.19,0.07,0.01,0.31,0.45
NBA,2003 - 2004,Playoffs,Michael Redd,MIL,5,192.0,34,83,6,20,16,21,19,16,6,19,25,13,0,0,90,1979-08-24,220.0,United States,West High School,2.0,14.0,Milwaukee Bucks,michael redd,SG/SF,194.94,,97.07,205.74,259.08,,,,2000,2003,2003-10-01,24.1,194,0.18,0.43,0.03,0.1,0.08,0.11,0.1,0.08,0.03,0.1,0.13,0.07,0.0,0.0,0.47,0.29
NBA,2003 - 2004,Playoffs,Kareem Rush,LAL,22,315.0,30,78,20,50,2,3,14,33,0,16,16,17,10,3,82,1980-10-30,201.0,United States,The Pembroke Hill School,1.0,20.0,Toronto Raptors,kareem rush,SG/SF,194.94,,90.26,207.64,262.89,,,,2002,2003,2003-10-01,22.9,195,0.1,0.25,0.06,0.16,0.01,0.01,0.04,0.1,0.0,0.05,0.05,0.05,0.03,0.01,0.26,0.21
NBA,2003 - 2004,Playoffs,Marquis Daniels,DAL,5,184.0,32,75,1,7,14,22,15,14,10,21,31,15,10,3,79,1981-01-07,200.0,United States,Mt. Zion Christian Academy,,,,marquis daniels,SG/PG,196.22,,89.81,208.28,262.89,4.0,,,2003,2003,2003-10-01,22.7,196,0.17,0.41,0.01,0.04,0.08,0.12,0.08,0.08,0.05,0.11,0.17,0.08,0.05,0.02,0.43,0.39
NBA,2003 - 2004,Playoffs,Fred Jones,IND,14,263.0,25,51,11,22,5,7,9,31,3,30,33,16,7,7,66,1979-03-11,210.0,United States,Sam Barlow High School,1.0,14.0,Indiana Pacers,fred jones,SG,188.6,,98.88,213.36,254.0,,,,2002,2003,2003-10-01,24.6,197,0.1,0.19,0.04,0.08,0.02,0.03,0.03,0.12,0.01,0.11,0.13,0.06,0.03,0.03,0.25,0.37
NBA,2003 - 2004,Playoffs,Carmelo Anthony,DEN,4,143.0,21,64,2,11,16,20,17,11,7,26,33,11,5,0,60,1984-05-29,240.0,United States,Oak Hill Academy,1.0,3.0,Denver Nuggets,carmelo anthony,SF,198.76,,105.69,213.36,267.97,8.0,,,2003,2003,2003-10-01,19.3,198,0.15,0.45,0.01,0.08,0.11,0.14,0.12,0.08,0.05,0.18,0.23,0.08,0.03,0.0,0.42,0.31
NBA,2003 - 2004,Playoffs,Malik Allen,MIA,10,138.0,22,49,0,0,6,9,4,21,12,18,30,4,2,9,50,1978-06-27,255.0,United States,Shawnee High School ,,,,malik allen,PF/C,203.84,,122.92,219.71,276.86,,,,2000,2003,2003-10-01,25.3,199,0.16,0.36,0.0,0.0,0.04,0.07,0.03,0.15,0.09,0.13,0.22,0.03,0.01,0.07,0.36,0.43
NBA,2003 - 2004,Playoffs,Mark Madsen,MIN,17,222.0,17,32,0,0,13,29,7,43,28,30,58,2,5,4,47,1976-01-28,240.0,United States,San Ramon Valley High School,1.0,29.0,Los Angeles Lakers,mark madsen,PF,203.2,,107.27,214.63,265.43,,,,2000,2003,2003-10-01,27.7,200,0.08,0.14,0.0,0.0,0.06,0.13,0.03,0.19,0.13,0.14,0.26,0.01,0.02,0.02,0.21,0.36
NBA,2003 - 2004,Playoffs,Udonis Haslem,MIA,13,199.0,13,33,0,0,21,31,3,22,18,26,44,3,5,3,47,1980-06-09,235.0,United States,Miami High School,,,,udonis haslem,PF,202.56,,113.4,210.82,271.78,,,,2002,2003,2003-10-01,23.3,201,0.07,0.17,0.0,0.0,0.11,0.16,0.02,0.11,0.09,0.13,0.22,0.02,0.03,0.02,0.24,0.36
NBA,2003 - 2004,Playoffs,David West,NOP,7,111.0,15,28,0,0,11,13,7,10,8,22,30,8,2,4,41,1980-08-29,250.0,United States,Garner Magnet High School,1.0,18.0,New Orleans Pelicans,david west,PF/SF,203.84,,102.51,224.16,274.96,8.0,,,2003,2003,2003-10-01,23.1,202,0.14,0.25,0.0,0.0,0.1,0.12,0.06,0.09,0.07,0.2,0.27,0.07,0.02,0.04,0.37,0.58
NBA,2003 - 2004,Playoffs,Jason Collins,NJN,11,264.0,14,38,0,0,12,16,15,49,18,26,44,17,3,10,40,1978-12-02,255.0,United States,Harvard-Westlake School,1.0,18.0,Houston Rockets,jason collins,PF/C,208.92,,113.85,224.79,279.4,12.9,,,2001,2003,2003-10-01,24.8,203,0.05,0.14,0.0,0.0,0.05,0.06,0.06,0.19,0.07,0.1,0.17,0.06,0.01,0.04,0.15,0.27
NBA,2003 - 2004,Playoffs,Luke Walton,LAL,17,134.0,10,29,5,13,7,10,14,24,5,17,22,26,7,2,32,1980-03-28,235.0,United States,University of San Diego High School,2.0,3.0,Los Angeles Lakers,luke walton,SF/PF,202.56,,106.59,204.47,264.16,9.3,,,2003,2003,2003-10-01,23.5,204,0.07,0.22,0.04,0.1,0.05,0.07,0.1,0.18,0.04,0.13,0.16,0.19,0.05,0.01,0.24,0.38
NBA,2003 - 2004,Playoffs,Brian Scalabrine,NJN,9,73.0,11,17,5,6,3,6,4,15,7,5,12,1,3,0,30,1978-03-18,241.0,United States,Enumclaw High School,2.0,6.0,New Jersey Nets,brian scalabrine,PF/SF,205.1,,109.32,207.64,267.97,13.6,,,2001,2003,2003-10-01,25.5,205,0.15,0.23,0.07,0.08,0.04,0.08,0.05,0.21,0.1,0.07,0.16,0.01,0.04,0.0,0.41,0.45
NBA,2003 - 2004,Playoffs,Josh Howard,DAL,5,86.0,8,36,1,5,10,11,7,12,17,15,32,4,6,6,27,1980-04-28,210.0,United States,Hargrave Military Academy ,1.0,29.0,Dallas Mavericks,josh howard,SF/SG,196.22,,91.63,218.44,267.97,6.0,,,2003,2003,2003-10-01,23.4,206,0.09,0.42,0.01,0.06,0.12,0.13,0.08,0.14,0.2,0.17,0.37,0.05,0.07,0.07,0.31,0.45
NBA,2003 - 2004,Playoffs,Darius Songaila,SAC,7,85.0,10,16,0,0,6,6,5,14,6,7,13,2,0,1,26,1978-02-14,248.0,Lithuania,New Hampton School,2.0,21.0,Boston Celtics,darius songaila,PF,203.2,,108.86,215.9,275.59,,,,2002,2003,2003-10-01,25.6,207,0.12,0.19,0.0,0.0,0.07,0.07,0.06,0.16,0.07,0.08,0.15,0.02,0.0,0.01,0.31,0.36
NBA,2003 - 2004,Playoffs,Jason Hart,SAS,7,62.0,11,20,0,0,0,0,1,5,0,3,3,1,5,0,22,1978-04-29,180.0,United States,Inglewood High School,2.0,20.0,Milwaukee Bucks,jason hart,PG,187.32,,82.1,198.12,247.65,,,,2000,2003,2003-10-01,25.4,208,0.18,0.32,0.0,0.0,0.0,0.0,0.02,0.08,0.0,0.05,0.05,0.02,0.08,0.0,0.35,0.34
NBA,2003 - 2004,Playoffs,Gary Trent,MIN,13,71.0,8,25,0,2,5,8,3,11,6,6,12,2,0,0,21,1974-09-22,250.0,United States,Hamilton Township High School,1.0,11.0,Milwaukee Bucks,gary trent,SG,193.68,197.48,92.62,205.1,248.92,7.0,21.59,24.13,2018,2003,2003-10-01,29.0,209,0.11,0.35,0.0,0.03,0.07,0.11,0.04,0.15,0.08,0.08,0.17,0.03,0.0,0.0,0.3,0.18
NBA,2003 - 2004,Playoffs,Earl Watson,MEM,4,62.0,8,15,0,3,3,3,6,8,4,5,9,7,5,0,19,1979-06-12,199.0,United States,Washington High School,2.0,11.0,Seattle SuperSonics,earl watson,PG,182.88,,83.46,200.02,246.38,4.0,,,2001,2003,2003-10-01,24.3,210,0.13,0.24,0.0,0.05,0.05,0.05,0.1,0.13,0.06,0.08,0.15,0.11,0.08,0.0,0.31,0.44
NBA,2003 - 2004,Playoffs,Shane Battier,MEM,4,69.0,6,15,3,7,4,6,4,17,6,6,12,1,0,1,19,1978-09-09,220.0,United States,Detroit Country Day School,1.0,6.0,Vancouver Grizzlies,shane battier,SF/PF,203.84,,103.87,209.55,266.7,9.3,,,2001,2003,2003-10-01,25.1,211,0.09,0.22,0.04,0.1,0.06,0.09,0.06,0.25,0.09,0.09,0.17,0.01,0.0,0.01,0.28,0.25
NBA,2004 - 2005,Playoffs,Amar'e Stoudemire,PHX,15,601.0,153,284,0,3,143,183,47,59,60,100,160,18,10,30,449,1982-11-16,245.0,United States,Cypress Creek High School,1.0,9.0,Phoenix Suns,amare stoudemire,PF,204.47,,105.69,217.8,275.59,,,,2002,2004,2004-10-01,21.9,346,0.25,0.47,0.0,0.0,0.24,0.3,0.08,0.1,0.1,0.17,0.27,0.03,0.02,0.05,0.75,0.76
NBA,2004 - 2005,Playoffs,Dwyane Wade,MIA,14,571.0,136,281,1,10,111,139,62,43,23,57,80,93,22,16,384,1982-01-17,220.0,United States,Harold L. Richards High School,1.0,5.0,Miami Heat,dwyane wade,SG/SF,192.4,,96.16,210.18,259.08,6.7,,,2003,2004,2004-10-01,22.7,347,0.24,0.49,0.0,0.02,0.19,0.24,0.11,0.08,0.04,0.1,0.14,0.16,0.04,0.03,0.67,0.63
NBA,2004 - 2005,Playoffs,Gilbert Arenas,WAS,10,450.0,73,194,18,77,72,94,39,34,8,44,52,62,21,6,236,1982-01-06,191.0,United States,Grant High School,2.0,2.0,Golden State Warriors,gilbert arenas,SG,188.6,,90.26,207.01,252.73,5.3,,,2001,2004,2004-10-01,22.7,348,0.16,0.43,0.04,0.17,0.16,0.21,0.09,0.08,0.02,0.1,0.12,0.14,0.05,0.01,0.52,0.43
NBA,2004 - 2005,Playoffs,Josh Howard,DAL,13,428.0,78,155,4,16,41,55,28,60,33,63,96,24,11,7,201,1980-04-28,210.0,United States,Hargrave Military Academy ,1.0,29.0,Dallas Mavericks,josh howard,SF/SG,196.22,,91.63,218.44,267.97,6.0,,,2003,2004,2004-10-01,24.4,349,0.18,0.36,0.01,0.04,0.1,0.13,0.07,0.14,0.08,0.15,0.22,0.06,0.03,0.02,0.47,0.52
NBA,2004 - 2005,Playoffs,Joe Johnson,PHX,9,355.0,63,125,20,36,23,33,10,18,7,32,39,30,10,4,169,1981-06-29,240.0,United States,Little Rock Central High School,1.0,10.0,Boston Celtics,joe johnson,SF/SG,200.02,,102.51,205.74,266.7,6.7,,,2001,2004,2004-10-01,23.3,350,0.18,0.35,0.06,0.1,0.06,0.09,0.03,0.05,0.02,0.09,0.11,0.08,0.03,0.01,0.48,0.48
NBA,2004 - 2005,Playoffs,Udonis Haslem,MIA,15,543.0,52,106,0,0,34,46,18,48,38,112,150,15,8,6,138,1980-06-09,235.0,United States,Miami High School,,,,udonis haslem,PF,202.56,,113.4,210.82,271.78,,,,2002,2004,2004-10-01,24.3,351,0.1,0.2,0.0,0.0,0.06,0.08,0.03,0.09,0.07,0.21,0.28,0.03,0.01,0.01,0.25,0.43
NBA,2004 - 2005,Playoffs,Kirk Hinrich,CHI,6,214.0,45,100,17,33,20,29,14,18,4,18,22,35,12,4,127,1981-01-02,190.0,United States,West High School ,1.0,7.0,Chicago Bulls,kirk hinrich,PG/SG,189.86,,84.37,198.12,250.19,5.3,,,2003,2004,2004-10-01,23.7,352,0.21,0.47,0.08,0.15,0.09,0.14,0.07,0.08,0.02,0.08,0.1,0.16,0.06,0.02,0.59,0.55
NBA,2004 - 2005,Playoffs,Luke Ridnour,SEA,11,378.0,42,107,4,17,19,20,18,23,10,26,36,47,13,8,107,1981-02-13,175.0,United States,Blaine High School,1.0,14.0,Seattle SuperSonics,luke ridnour,PG,185.42,,75.75,190.5,242.57,5.3,,,2003,2004,2004-10-01,23.6,353,0.11,0.28,0.01,0.04,0.05,0.05,0.05,0.06,0.03,0.07,0.1,0.12,0.03,0.02,0.28,0.33
NBA,2004 - 2005,Playoffs,Brendan Haywood,WAS,10,295.0,39,72,0,0,28,44,10,40,35,41,76,10,14,20,106,1979-11-27,263.0,United States,James B. Dudley High School,1.0,20.0,Cleveland Cavaliers,brendan haywood,C,212.72,,120.66,229.87,288.29,12.9,,,2001,2004,2004-10-01,24.8,354,0.13,0.24,0.0,0.0,0.09,0.15,0.03,0.14,0.12,0.14,0.26,0.03,0.05,0.07,0.36,0.57
NBA,2004 - 2005,Playoffs,Carmelo Anthony,DEN,5,180.0,35,83,0,1,26,32,13,20,14,13,27,10,3,1,96,1984-05-29,240.0,United States,Oak Hill Academy,1.0,3.0,Denver Nuggets,carmelo anthony,SF,198.76,,105.69,213.36,267.97,8.0,,,2003,2004,2004-10-01,20.3,355,0.19,0.46,0.0,0.01,0.14,0.18,0.07,0.11,0.08,0.07,0.15,0.06,0.02,0.01,0.53,0.39
NBA,2004 - 2005,Playoffs,Nick Collison,SEA,11,218.0,37,61,1,1,17,27,6,40,22,33,55,5,3,5,92,1980-10-26,255.0,United States,Iowa Falls High School,1.0,12.0,Seattle SuperSonics,nick collison,PF,205.1,,115.67,217.17,274.32,17.0,,,2003,2004,2004-10-01,23.9,356,0.17,0.28,0.0,0.0,0.08,0.12,0.03,0.18,0.1,0.15,0.25,0.02,0.01,0.02,0.42,0.54
NBA,2004 - 2005,Playoffs,Ben Gordon,CHI,6,153.0,30,74,7,22,20,25,13,18,6,10,16,15,5,2,87,1983-04-04,200.0,England / United States,Mount Vernon High School,1.0,3.0,Chicago Bulls,ben gordon,PG/SG,185.42,188.6,87.09,204.47,251.46,5.3,,,2004,2004,2004-10-01,21.5,357,0.2,0.48,0.05,0.14,0.13,0.16,0.08,0.12,0.04,0.07,0.1,0.1,0.03,0.01,0.57,0.42
NBA,2004 - 2005,Playoffs,Jamaal Tinsley,IND,9,247.0,32,89,2,18,12,21,27,31,6,24,30,51,14,3,78,1978-02-28,188.0,United States,Samuel J. Tilden High School,1.0,27.0,Vancouver Grizzlies,jamaal tinsley,PG,184.78,,90.26,201.93,247.65,13.6,,,2001,2004,2004-10-01,26.6,358,0.13,0.36,0.01,0.07,0.05,0.09,0.11,0.13,0.02,0.1,0.12,0.21,0.06,0.01,0.32,0.34
NBA,2004 - 2005,Playoffs,Beno Udrih,SAS,21,241.0,28,78,10,37,12,14,20,20,4,13,17,22,9,1,78,1982-07-05,205.0,Slovenia,,1.0,28.0,San Antonio Spurs,beno udrih,PG,189.23,192.4,90.26,194.31,248.92,9.3,,,2004,2004,2004-10-01,22.2,359,0.12,0.32,0.04,0.15,0.05,0.06,0.08,0.08,0.02,0.05,0.07,0.09,0.04,0.0,0.32,0.23
NBA,2004 - 2005,Playoffs,Marquis Daniels,DAL,11,165.0,26,60,1,6,19,27,13,15,15,19,34,14,6,3,72,1981-01-07,200.0,United States,Mt. Zion Christian Academy,,,,marquis daniels,SG/PG,196.22,,89.81,208.28,262.89,4.0,,,2003,2004,2004-10-01,23.7,360,0.16,0.36,0.01,0.04,0.12,0.16,0.08,0.09,0.09,0.12,0.21,0.08,0.04,0.02,0.44,0.47
NBA,2004 - 2005,Playoffs,Tyson Chandler,CHI,6,173.0,19,40,0,0,32,46,8,27,29,29,58,8,1,13,70,1982-10-02,240.0,United States,Dominguez High School,1.0,2.0,Los Angeles Clippers,tyson chandler,SF/PF,212.09,,101.6,220.98,279.4,6.7,,,2001,2004,2004-10-01,22.0,361,0.11,0.23,0.0,0.0,0.18,0.27,0.05,0.16,0.17,0.17,0.34,0.05,0.01,0.08,0.4,0.62
NBA,2004 - 2005,Playoffs,Jared Jeffries,WAS,10,246.0,24,49,3,6,13,17,13,34,19,22,41,18,9,9,64,1981-11-25,240.0,United States,Bloomington High School North,1.0,11.0,Washington Wizards,jared jeffries,PF,208.28,,104.33,214.63,276.86,,,,2002,2004,2004-10-01,22.9,362,0.1,0.2,0.01,0.02,0.05,0.07,0.05,0.14,0.08,0.09,0.17,0.07,0.04,0.04,0.26,0.41
NBA,2004 - 2005,Playoffs,Richard Jefferson,NJN,4,140.0,20,50,2,10,21,31,8,14,8,14,22,9,3,0,63,1980-06-21,233.0,United States,Moon Valley High School,1.0,13.0,Houston Rockets,richard jefferson,SF,201.3,,101.15,213.36,261.62,6.7,,,2001,2004,2004-10-01,24.3,363,0.14,0.36,0.01,0.07,0.15,0.22,0.06,0.1,0.06,0.1,0.16,0.06,0.02,0.0,0.45,0.34
NBA,2004 - 2005,Playoffs,Steven Hunter,PHX,15,213.0,24,43,0,0,12,20,8,25,17,21,38,3,1,18,60,1981-10-31,240.0,United States,Proviso East High School,1.0,15.0,Orlando Magic,steven hunter,C/PF,208.92,,101.6,223.52,274.32,5.3,,,2001,2004,2004-10-01,22.9,364,0.11,0.2,0.0,0.0,0.06,0.09,0.04,0.12,0.08,0.1,0.18,0.01,0.0,0.08,0.28,0.39
NBA,2004 - 2005,Playoffs,Rasual Butler,MIA,12,182.0,22,59,11,30,1,3,2,21,1,17,18,7,1,1,56,1979-05-23,215.0,United States,Roman Catholic High School for Boys,2.0,24.0,Miami Heat,rasual butler,SF,200.02,,89.81,213.36,267.97,,,,2002,2004,2004-10-01,25.4,365,0.12,0.32,0.06,0.16,0.01,0.02,0.01,0.12,0.01,0.09,0.1,0.04,0.01,0.01,0.31,0.25
NBA,2004 - 2005,Playoffs,Fred Jones,IND,13,234.0,16,54,9,23,12,13,15,13,1,22,23,13,8,2,53,1979-03-11,210.0,United States,Sam Barlow High School,1.0,14.0,Indiana Pacers,fred jones,SG,188.6,,98.88,213.36,254.0,,,,2002,2004,2004-10-01,25.6,366,0.07,0.23,0.04,0.1,0.05,0.06,0.06,0.06,0.0,0.09,0.1,0.06,0.03,0.01,0.23,0.2
NBA,2004 - 2005,Playoffs,James Jones,IND,13,214.0,19,46,10,25,4,9,4,18,5,22,27,10,7,7,52,1980-10-04,218.0,United States,American High School,2.0,20.0,Indiana Pacers,james jones,SF,201.3,,98.88,219.71,273.05,6.7,,,2003,2004,2004-10-01,24.0,367,0.09,0.21,0.05,0.12,0.02,0.04,0.02,0.08,0.02,0.1,0.13,0.05,0.03,0.03,0.24,0.32
NBA,2004 - 2005,Playoffs,Jannero Pargo,CHI,5,75.0,18,51,13,32,3,5,8,14,1,4,5,10,3,0,52,1979-10-22,185.0,United States,Paul Robeson High School,,,,jannero pargo,PG,183.52,,76.2,189.23,243.84,,,,2002,2004,2004-10-01,24.9,368,0.24,0.68,0.17,0.43,0.04,0.07,0.11,0.19,0.01,0.05,0.07,0.13,0.04,0.0,0.69,0.35
NBA,2004 - 2005,Playoffs,Andre Iguodala,PHI,5,192.0,20,43,3,9,6,12,5,12,8,15,23,15,14,5,49,1984-01-28,215.0,United States,Lanphier High School,1.0,9.0,Philadelphia Sixers,andre iguodala,SG/SF,197.48,200.02,98.43,210.82,267.97,6.7,,,2004,2004,2004-10-01,20.7,369,0.1,0.22,0.02,0.05,0.03,0.06,0.03,0.06,0.04,0.08,0.12,0.08,0.07,0.03,0.26,0.38
NBA,2004 - 2005,Playoffs,Al Jefferson,BOS,7,136.0,17,41,0,0,9,12,4,16,17,28,45,2,4,8,43,1985-01-04,289.0,United States,Prentiss High School,1.0,15.0,Boston Celtics,al jefferson,PF/SF,204.47,207.64,119.29,219.71,279.4,10.5,,,2004,2004,2004-10-01,19.7,370,0.12,0.3,0.0,0.0,0.07,0.09,0.03,0.12,0.12,0.21,0.33,0.01,0.03,0.06,0.32,0.52
NBA,2004 - 2005,Playoffs,Reggie Evans,SEA,11,208.0,15,37,0,0,11,21,11,31,27,54,81,5,5,3,41,1980-05-18,245.0,United States,Woodham High School,,,,reggie evans,PF,201.93,,113.4,219.71,273.05,,,,2002,2004,2004-10-01,24.4,371,0.07,0.18,0.0,0.0,0.05,0.1,0.05,0.15,0.13,0.26,0.39,0.02,0.02,0.01,0.2,0.43
NBA,2004 - 2005,Playoffs,Damien Wilkins,SEA,7,136.0,16,36,3,11,4,9,8,17,9,9,18,3,10,1,39,1980-01-11,225.0,United States,Dr. Phillips High School,,,,damien wilkins,SG/SF,194.31,198.12,100.7,213.36,269.24,7.3,,,2004,2004,2004-10-01,24.7,372,0.12,0.26,0.02,0.08,0.03,0.07,0.06,0.12,0.07,0.07,0.13,0.02,0.07,0.01,0.29,0.28
NBA,2004 - 2005,Playoffs,Chris Duhon,CHI,6,159.0,11,37,6,22,9,11,12,6,6,20,26,21,2,0,37,1982-08-31,190.0,United States,Salmen High School,2.0,9.0,Chicago Bulls,chris duhon,PG,182.88,186.06,87.54,199.39,248.92,6.7,,,2004,2004,2004-10-01,22.1,373,0.07,0.23,0.04,0.14,0.06,0.07,0.08,0.04,0.04,0.13,0.16,0.13,0.01,0.0,0.23,0.28
NBA,2004 - 2005,Playoffs,Shane Battier,MEM,4,119.0,13,31,1,7,2,5,4,14,10,17,27,6,2,4,29,1978-09-09,220.0,United States,Detroit Country Day School,1.0,6.0,Vancouver Grizzlies,shane battier,SF/PF,203.84,,103.87,209.55,266.7,9.3,,,2001,2004,2004-10-01,26.1,374,0.11,0.26,0.01,0.06,0.02,0.04,0.03,0.12,0.08,0.14,0.23,0.05,0.02,0.03,0.24,0.37
NBA,2004 - 2005,Playoffs,Delonte West,BOS,7,115.0,11,21,5,11,2,4,2,17,2,7,9,4,7,1,29,1983-07-26,180.0,United States,Eleanor Roosevelt High School,1.0,24.0,Boston Celtics,delonte west,PG/SG,186.69,189.86,83.01,198.12,252.73,6.7,,,2004,2004,2004-10-01,21.2,375,0.1,0.18,0.04,0.1,0.02,0.03,0.02,0.15,0.02,0.06,0.08,0.03,0.06,0.01,0.25,0.32
NBA,2004 - 2005,Playoffs,Willie Green,PHI,5,65.0,8,18,2,9,9,10,2,5,3,6,9,3,1,0,27,1981-07-28,201.0,United States,Cooley High School,2.0,12.0,Seattle SuperSonics,willie green,SG/PG,189.23,,91.17,201.3,254.0,8.0,,,2003,2004,2004-10-01,23.2,376,0.12,0.28,0.03,0.14,0.14,0.15,0.03,0.08,0.05,0.09,0.14,0.05,0.02,0.0,0.42,0.43
NBA,2004 - 2005,Playoffs,Kyle Korver,PHI,5,146.0,8,28,7,24,2,2,8,18,3,10,13,8,4,1,25,1981-03-17,212.0,United States,Pella High School,2.0,22.0,New Jersey Nets,kyle korver,SF,198.76,,95.71,207.01,260.35,6.7,,,2003,2004,2004-10-01,23.5,377,0.05,0.19,0.05,0.16,0.01,0.01,0.05,0.12,0.02,0.07,0.09,0.05,0.03,0.01,0.17,0.16
NBA,2004 - 2005,Playoffs,Devin Harris,DAL,9,80.0,7,16,2,6,6,9,10,5,0,11,11,11,4,1,22,1983-02-27,185.0,United States,Wauwatosa East High School,1.0,5.0,Washington Wizards,devin harris,PG,187.32,190.5,77.11,201.93,250.19,5.3,,,2004,2004,2004-10-01,21.6,378,0.09,0.2,0.02,0.08,0.08,0.11,0.12,0.06,0.0,0.14,0.14,0.14,0.05,0.01,0.28,0.36
NBA,2004 - 2005,Playoffs,Dahntay Jones,MEM,3,71.0,8,21,3,5,3,4,2,8,2,7,9,1,1,0,22,1980-12-27,225.0,United States,Steinert High School,1.0,20.0,Boston Celtics,dahntay jones,SG/SF,194.94,,97.07,205.74,260.35,2.6,,,2003,2004,2004-10-01,23.8,379,0.11,0.3,0.04,0.07,0.04,0.06,0.03,0.11,0.03,0.1,0.13,0.01,0.01,0.0,0.31,0.22
NBA,2004 - 2005,Playoffs,Darius Songaila,SAC,5,75.0,8,19,0,0,4,5,2,14,6,8,14,3,2,1,20,1978-02-14,248.0,Lithuania,New Hampton School,2.0,21.0,Boston Celtics,darius songaila,PF,203.2,,108.86,215.9,275.59,,,,2002,2004,2004-10-01,26.6,380,0.11,0.25,0.0,0.0,0.05,0.07,0.03,0.19,0.08,0.11,0.19,0.04,0.03,0.01,0.27,0.35
NBA,2004 - 2005,Playoffs,Earl Watson,MEM,4,74.0,8,24,1,9,2,2,2,11,3,7,10,15,3,1,19,1979-06-12,199.0,United States,Washington High School,2.0,11.0,Seattle SuperSonics,earl watson,PG,182.88,,83.46,200.02,246.38,4.0,,,2001,2004,2004-10-01,25.3,381,0.11,0.32,0.01,0.12,0.03,0.03,0.03,0.15,0.04,0.09,0.14,0.2,0.04,0.01,0.26,0.41
NBA,2004 - 2005,Playoffs,Tony Allen,BOS,7,90.0,8,18,0,0,3,7,5,17,4,8,12,2,3,2,19,1982-01-11,213.0,United States,Crane High School,1.0,25.0,Boston Celtics,tony allen,SG,191.77,193.68,97.07,205.74,259.08,6.7,,,2004,2004,2004-10-01,22.7,382,0.09,0.2,0.0,0.0,0.03,0.08,0.06,0.19,0.04,0.09,0.13,0.02,0.03,0.02,0.21,0.19
NBA,2004 - 2005,Playoffs,Kwame Brown,WAS,3,61.0,5,13,0,0,5,9,2,5,4,11,15,3,0,2,15,1982-03-10,290.0,United States,Glynn Academy,1.0,1.0,Washington Wizards,kwame brown,PF/C,208.28,,110.22,215.9,274.32,8.9,,,2001,2004,2004-10-01,22.6,383,0.08,0.21,0.0,0.0,0.08,0.15,0.03,0.08,0.07,0.18,0.25,0.05,0.0,0.03,0.25,0.35
NBA,2004 - 2005,Playoffs,Jason Collins,NJN,4,128.0,4,17,0,0,3,8,5,19,9,17,26,1,2,0,11,1978-12-02,255.0,United States,Harvard-Westlake School,1.0,18.0,Houston Rockets,jason collins,PF/C,208.92,,113.85,224.79,279.4,12.9,,,2001,2004,2004-10-01,25.8,384,0.03,0.13,0.0,0.0,0.02,0.06,0.04,0.15,0.07,0.13,0.2,0.01,0.02,0.0,0.09,0.14
NBA,2004 - 2005,Playoffs,Brian Scalabrine,NJN,4,61.0,2,11,1,4,4,4,4,6,2,5,7,2,1,2,9,1978-03-18,241.0,United States,Enumclaw High School,2.0,6.0,New Jersey Nets,brian scalabrine,PF/SF,205.1,,109.32,207.64,267.97,13.6,,,2001,2004,2004-10-01,26.5,385,0.03,0.18,0.02,0.07,0.07,0.07,0.07,0.1,0.03,0.08,0.11,0.03,0.02,0.03,0.15,0.12
NBA,2005 - 2006,Playoffs,Dwyane Wade,MIA,23,959.3,219,441,14,37,202,250,90,71,28,107,135,132,51,26,654,1982-01-17,220.0,United States,Harold L. Richards High School,1.0,5.0,Miami Heat,dwyane wade,SG/SF,192.4,,96.16,210.18,259.08,6.7,,,2003,2005,2005-10-01,23.7,539,0.23,0.46,0.01,0.04,0.21,0.26,0.09,0.07,0.03,0.11,0.14,0.14,0.05,0.03,0.68,0.67
NBA,2005 - 2006,Playoffs,LeBron James,CLE,13,604.5,146,307,21,63,87,118,65,44,22,83,105,76,18,9,400,1984-12-30,250.0,United States,St. Vincent St. Mary High School,1.0,1.0,Cleveland Cavaliers,lebron james,SF/SG,201.3,,111.13,214.0,269.88,6.7,,,2003,2005,2005-10-01,20.8,540,0.24,0.51,0.03,0.1,0.14,0.2,0.11,0.07,0.04,0.14,0.17,0.13,0.03,0.01,0.66,0.56
NBA,2005 - 2006,Playoffs,Josh Howard,DAL,23,823.7,140,309,24,65,80,99,52,85,41,130,171,32,23,14,384,1980-04-28,210.0,United States,Hargrave Military Academy ,1.0,29.0,Dallas Mavericks,josh howard,SF/SG,196.22,,91.63,218.44,267.97,6.0,,,2003,2005,2005-10-01,25.4,541,0.17,0.38,0.03,0.08,0.1,0.12,0.06,0.1,0.05,0.16,0.21,0.04,0.03,0.02,0.47,0.48
NBA,2005 - 2006,Playoffs,Richard Jefferson,NJN,11,437.2,90,165,12,29,52,63,30,32,7,38,45,45,10,4,244,1980-06-21,233.0,United States,Moon Valley High School,1.0,13.0,Houston Rockets,richard jefferson,SF,201.3,,101.15,213.36,261.62,6.7,,,2001,2005,2005-10-01,25.3,542,0.21,0.38,0.03,0.07,0.12,0.14,0.07,0.07,0.02,0.09,0.1,0.1,0.02,0.01,0.56,0.53
NBA,2005 - 2006,Playoffs,Devin Harris,DAL,23,567.7,82,171,0,8,52,74,42,69,15,24,39,50,18,3,216,1983-02-27,185.0,United States,Wauwatosa East High School,1.0,5.0,Washington Wizards,devin harris,PG,187.32,190.5,77.11,201.93,250.19,5.3,,,2004,2005,2005-10-01,22.6,543,0.14,0.3,0.0,0.01,0.09,0.13,0.07,0.12,0.03,0.04,0.07,0.09,0.03,0.01,0.38,0.31
NBA,2005 - 2006,Playoffs,Gilbert Arenas,WAS,6,284.4,65,140,20,46,54,70,20,21,7,26,33,32,13,4,204,1982-01-06,191.0,United States,Grant High School,2.0,2.0,Golden State Warriors,gilbert arenas,SG,188.6,,90.26,207.01,252.73,5.3,,,2001,2005,2005-10-01,23.7,544,0.23,0.49,0.07,0.16,0.19,0.25,0.07,0.07,0.02,0.09,0.12,0.11,0.05,0.01,0.72,0.62
NBA,2005 - 2006,Playoffs,Udonis Haslem,MIA,22,650.3,74,150,0,1,41,60,31,79,49,113,162,17,13,7,189,1980-06-09,235.0,United States,Miami High School,,,,udonis haslem,PF,202.56,,113.4,210.82,271.78,,,,2002,2005,2005-10-01,25.3,545,0.11,0.23,0.0,0.0,0.06,0.09,0.05,0.12,0.08,0.17,0.25,0.03,0.02,0.01,0.29,0.4
NBA,2005 - 2006,Playoffs,Michael Redd,MIL,5,185.3,44,84,7,15,41,46,10,11,16,11,27,8,4,0,136,1979-08-24,220.0,United States,West High School,2.0,14.0,Milwaukee Bucks,michael redd,SG/SF,194.94,,97.07,205.74,259.08,,,,2000,2005,2005-10-01,26.1,546,0.24,0.45,0.04,0.08,0.22,0.25,0.05,0.06,0.09,0.06,0.15,0.04,0.02,0.0,0.73,0.65
NBA,2005 - 2006,Playoffs,Ben Gordon,CHI,6,245.3,43,106,15,41,25,37,17,12,5,15,20,18,6,0,126,1983-04-04,200.0,England / United States,Mount Vernon High School,1.0,3.0,Chicago Bulls,ben gordon,PG/SG,185.42,188.6,87.09,204.47,251.46,5.3,,,2004,2005,2005-10-01,22.5,547,0.18,0.43,0.06,0.17,0.1,0.15,0.07,0.05,0.02,0.06,0.08,0.07,0.02,0.0,0.51,0.31
NBA,2005 - 2006,Playoffs,Kirk Hinrich,CHI,6,234.3,39,94,9,26,36,42,24,22,0,20,20,46,8,2,123,1981-01-02,190.0,United States,West High School ,1.0,7.0,Chicago Bulls,kirk hinrich,PG/SG,189.86,,84.37,198.12,250.19,5.3,,,2003,2005,2005-10-01,24.7,548,0.17,0.4,0.04,0.11,0.15,0.18,0.1,0.09,0.0,0.09,0.09,0.2,0.03,0.01,0.52,0.49
NBA,2005 - 2006,Playoffs,Chris Kaman,LAC,11,324.1,51,86,0,0,16,21,33,38,21,67,88,10,5,9,118,1982-04-28,265.0,United States / Germany,Tri-unity Christian School,1.0,6.0,Los Angeles Clippers,chris kaman,C/PF,212.09,,114.31,212.72,280.67,16.3,,,2003,2005,2005-10-01,23.4,549,0.16,0.27,0.0,0.0,0.05,0.06,0.1,0.12,0.06,0.21,0.27,0.03,0.02,0.03,0.36,0.49
NBA,2005 - 2006,Playoffs,Drew Gooden,CLE,13,280.5,45,85,0,0,17,18,18,40,31,67,98,8,3,2,107,1981-09-24,250.0,United States,El Cerrito High School,1.0,4.0,Memphis Grizzlies,drew gooden,PF,205.1,,102.97,214.63,270.51,,,,2002,2005,2005-10-01,24.0,550,0.16,0.3,0.0,0.0,0.06,0.06,0.06,0.14,0.11,0.24,0.35,0.03,0.01,0.01,0.38,0.58
NBA,2005 - 2006,Playoffs,Carmelo Anthony,DEN,5,192.6,33,99,0,4,39,52,15,20,12,21,33,14,4,1,105,1984-05-29,240.0,United States,Oak Hill Academy,1.0,3.0,Denver Nuggets,carmelo anthony,SF,198.76,,105.69,213.36,267.97,8.0,,,2003,2005,2005-10-01,21.3,551,0.17,0.51,0.0,0.02,0.2,0.27,0.08,0.1,0.06,0.11,0.17,0.07,0.02,0.01,0.55,0.33
NBA,2005 - 2006,Playoffs,Shaun Livingston,LAC,12,331.5,36,76,1,1,17,21,23,31,16,40,56,57,7,6,90,1985-09-11,192.0,United States,Peoria Central High School ,1.0,4.0,Los Angeles Clippers,shaun livingston,PG/SG,198.76,201.93,84.37,210.82,267.97,6.7,,,2004,2005,2005-10-01,20.1,552,0.11,0.23,0.0,0.0,0.05,0.06,0.07,0.09,0.05,0.12,0.17,0.17,0.02,0.02,0.27,0.45
NBA,2005 - 2006,Playoffs,Caron Butler,WAS,5,222.2,34,83,2,12,20,24,12,26,15,42,57,15,11,3,90,1980-03-13,228.0,United States,Maine Central Institute,1.0,10.0,Miami Heat,caron butler,SF/SG,196.22,,100.7,212.09,262.89,,,,2002,2005,2005-10-01,25.6,553,0.15,0.37,0.01,0.05,0.09,0.11,0.05,0.12,0.07,0.19,0.26,0.07,0.05,0.01,0.41,0.51
NBA,2005 - 2006,Playoffs,Kwame Brown,LAL,7,224.9,34,65,0,0,22,31,12,21,17,29,46,7,2,6,90,1982-03-10,290.0,United States,Glynn Academy,1.0,1.0,Washington Wizards,kwame brown,PF/C,208.28,,110.22,215.9,274.32,8.9,,,2001,2005,2005-10-01,23.6,554,0.15,0.29,0.0,0.0,0.1,0.14,0.05,0.09,0.08,0.13,0.2,0.03,0.01,0.03,0.4,0.44
NBA,2005 - 2006,Playoffs,James Jones,PHX,20,353.4,28,82,8,26,22,26,9,25,16,56,72,5,5,18,86,1980-10-04,218.0,United States,American High School,2.0,20.0,Indiana Pacers,james jones,SF,201.3,,98.88,219.71,273.05,6.7,,,2003,2005,2005-10-01,25.0,555,0.08,0.23,0.02,0.07,0.06,0.07,0.03,0.07,0.05,0.16,0.2,0.01,0.01,0.05,0.24,0.32
NBA,2005 - 2006,Playoffs,Luke Walton,LAL,7,234.5,38,83,4,11,5,5,11,16,10,35,45,12,7,1,85,1980-03-28,235.0,United States,University of San Diego High School,2.0,3.0,Los Angeles Lakers,luke walton,SF/PF,202.56,,106.59,204.47,264.16,9.3,,,2003,2005,2005-10-01,25.5,556,0.16,0.35,0.02,0.05,0.02,0.02,0.05,0.07,0.04,0.15,0.19,0.05,0.03,0.0,0.36,0.39
NBA,2005 - 2006,Playoffs,Marquis Daniels,DAL,20,221.6,25,56,2,5,16,21,12,26,10,11,21,26,5,1,68,1981-01-07,200.0,United States,Mt. Zion Christian Academy,,,,marquis daniels,SG/PG,196.22,,89.81,208.28,262.89,4.0,,,2003,2005,2005-10-01,24.7,557,0.11,0.25,0.01,0.02,0.07,0.09,0.05,0.12,0.05,0.05,0.09,0.12,0.02,0.0,0.31,0.33
NBA,2005 - 2006,Playoffs,T.J. Ford,MIL,5,161.7,25,51,2,5,11,12,16,20,3,17,20,32,3,0,63,1983-03-24,165.0,United States,Willowridge High School,1.0,8.0,Milwaukee Bucks,tj ford,PG,180.34,,73.48,181.61,237.49,6.7,,,2003,2005,2005-10-01,22.5,558,0.15,0.32,0.01,0.03,0.07,0.07,0.1,0.12,0.02,0.11,0.12,0.2,0.02,0.0,0.39,0.46
NBA,2005 - 2006,Playoffs,Smush Parker,LAL,7,258.4,24,72,4,26,10,10,12,24,9,12,21,11,15,1,62,1981-06-01,190.0,United States,Newtown High School,,,,smush parker,PG/SG,189.23,,81.19,208.28,273.05,,,,2002,2005,2005-10-01,24.3,559,0.09,0.28,0.02,0.1,0.04,0.04,0.05,0.09,0.03,0.05,0.08,0.04,0.06,0.0,0.24,0.18
NBA,2005 - 2006,Playoffs,Luol Deng,CHI,6,180.2,24,56,1,5,12,21,5,13,8,21,29,3,5,4,61,1985-04-16,220.0,England / South Sudan,Blair Academy,1.0,7.0,Phoenix Suns,luol deng,SF,200.66,203.2,99.79,214.63,275.59,6.7,,,2004,2005,2005-10-01,20.5,560,0.13,0.31,0.01,0.03,0.07,0.12,0.03,0.07,0.04,0.12,0.16,0.02,0.03,0.02,0.34,0.31
NBA,2005 - 2006,Playoffs,DeSagana Diop,DAL,22,406.9,24,39,0,0,11,18,11,81,40,69,109,2,14,28,59,1982-01-30,280.0,Senegal,Oak Hill Academy,1.0,8.0,Cleveland Cavaliers,desagana diop,C,208.28,,142.43,229.87,287.02,21.0,,,2001,2005,2005-10-01,23.7,561,0.06,0.1,0.0,0.0,0.03,0.04,0.03,0.2,0.1,0.17,0.27,0.0,0.03,0.07,0.14,0.43
NBA,2005 - 2006,Playoffs,Maurice Evans,DET,16,100.8,16,30,7,11,14,16,2,10,6,8,14,3,1,1,53,1978-11-08,220.0,United States,Wichita Collegiate School,,,,maurice evans,SG,193.68,,100.24,203.2,256.54,4.0,,,2001,2005,2005-10-01,26.9,562,0.16,0.3,0.07,0.11,0.14,0.16,0.02,0.1,0.06,0.08,0.14,0.03,0.01,0.01,0.53,0.54
NBA,2005 - 2006,Playoffs,Danny Granger,IND,6,161.8,18,34,9,16,4,4,7,20,7,24,31,10,4,7,49,1983-04-20,222.0,United States,Grace King High School ,1.0,17.0,Indiana Pacers,danny granger,,201.93,204.47,102.24,217.17,261.62,,,,2005,2005,2005-10-01,22.5,563,0.11,0.21,0.06,0.1,0.02,0.02,0.04,0.12,0.04,0.15,0.19,0.06,0.02,0.04,0.3,0.47
NBA,2005 - 2006,Playoffs,Fred Jones,IND,6,167.4,15,36,6,16,11,12,8,13,2,18,20,15,6,1,47,1979-03-11,210.0,United States,Sam Barlow High School,1.0,14.0,Indiana Pacers,fred jones,SG,188.6,,98.88,213.36,254.0,,,,2002,2005,2005-10-01,26.6,564,0.09,0.22,0.04,0.1,0.07,0.07,0.05,0.08,0.01,0.11,0.12,0.09,0.04,0.01,0.28,0.36
NBA,2005 - 2006,Playoffs,Charlie Bell,MIL,5,108.0,17,43,5,11,7,7,4,15,2,1,3,7,3,2,46,1979-03-12,200.0,United States,Flint Southwestern Academy,,,,charlie bell,PG,189.23,,90.72,201.93,247.65,6.7,,,2001,2005,2005-10-01,26.6,565,0.16,0.4,0.05,0.1,0.06,0.06,0.04,0.14,0.02,0.01,0.03,0.06,0.03,0.02,0.43,0.29
NBA,2005 - 2006,Playoffs,Brian Cook,LAL,7,78.3,18,46,4,11,4,4,3,15,11,11,22,8,1,0,44,1980-12-04,234.0,United States,Lincoln Community High School,1.0,24.0,Los Angeles Lakers,brian cook,PF/SF,207.01,,106.14,218.44,276.86,10.5,,,2003,2005,2005-10-01,24.8,566,0.23,0.59,0.05,0.14,0.05,0.05,0.04,0.19,0.14,0.14,0.28,0.1,0.01,0.0,0.56,0.55
NBA,2005 - 2006,Playoffs,Eddie House,PHX,14,129.8,19,52,3,14,3,4,5,10,0,9,9,6,1,2,44,1978-05-14,190.0,United States,Hayward High School,2.0,8.0,Miami Heat,eddie house,SG/PG,182.24,,80.06,191.77,241.3,,,,2000,2005,2005-10-01,27.4,567,0.15,0.4,0.02,0.11,0.02,0.03,0.04,0.08,0.0,0.07,0.07,0.05,0.01,0.02,0.34,0.19
NBA,2005 - 2006,Playoffs,Brendan Haywood,WAS,6,154.6,15,22,0,0,13,25,7,22,7,12,19,5,2,11,43,1979-11-27,263.0,United States,James B. Dudley High School,1.0,20.0,Cleveland Cavaliers,brendan haywood,C,212.72,,120.66,229.87,288.29,12.9,,,2001,2005,2005-10-01,25.8,568,0.1,0.14,0.0,0.0,0.08,0.16,0.05,0.14,0.05,0.08,0.12,0.03,0.01,0.07,0.28,0.34
NBA,2005 - 2006,Playoffs,Andrew Bogut,MIL,5,171.8,20,46,0,0,3,8,8,21,9,22,31,17,3,0,43,1984-11-28,260.0,Australia,Australian Institute of Sport,1.0,1.0,Milwaukee Bucks,andrew bogut,C/PF,210.82,214.0,113.67,220.98,280.67,,,,2005,2005,2005-10-01,20.8,569,0.12,0.27,0.0,0.0,0.02,0.05,0.05,0.12,0.05,0.13,0.18,0.1,0.02,0.0,0.25,0.32
NBA,2005 - 2006,Playoffs,Sasha Vujacic,LAL,7,128.6,11,26,9,15,11,11,3,14,3,14,17,6,4,0,42,1984-03-08,195.0,Slovenia,,1.0,27.0,Los Angeles Lakers,sasha vujacic,PG/SG,196.85,,87.54,196.85,256.54,14.1,,,2003,2005,2005-10-01,21.6,570,0.09,0.2,0.07,0.12,0.09,0.09,0.02,0.11,0.02,0.11,0.13,0.05,0.03,0.0,0.33,0.41
NBA,2005 - 2006,Playoffs,Mo Williams,MIL,5,75.3,17,34,2,11,0,0,6,12,0,3,3,10,1,0,36,1982-12-19,198.0,United States,Murrah High School,2.0,18.0,Utah Jazz,mo williams,PG/SG,184.78,,85.73,196.85,250.19,6.7,,,2003,2005,2005-10-01,22.8,571,0.23,0.45,0.03,0.15,0.0,0.0,0.08,0.16,0.0,0.04,0.04,0.13,0.01,0.0,0.48,0.36
NBA,2005 - 2006,Playoffs,Jared Jeffries,WAS,5,179.6,12,36,0,4,9,13,11,18,16,16,32,9,1,6,33,1981-11-25,240.0,United States,Bloomington High School North,1.0,11.0,Washington Wizards,jared jeffries,PF,208.28,,104.33,214.63,276.86,,,,2002,2005,2005-10-01,23.8,572,0.07,0.2,0.0,0.02,0.05,0.07,0.06,0.1,0.09,0.09,0.18,0.05,0.01,0.03,0.18,0.24
NBA,2005 - 2006,Playoffs,Bobby Simmons,MIL,5,158.8,14,42,5,12,0,0,6,11,4,14,18,10,9,1,33,1980-06-02,235.0,United States,Simeon Career Academy ,2.0,13.0,Seattle SuperSonics,bobby simmons,SF,198.76,,106.59,214.0,266.7,6.7,,,2001,2005,2005-10-01,25.3,573,0.09,0.26,0.03,0.08,0.0,0.0,0.04,0.07,0.03,0.09,0.11,0.06,0.06,0.01,0.21,0.24
NBA,2005 - 2006,Playoffs,Jason Collins,NJN,11,302.4,9,25,0,0,13,22,9,55,20,35,55,3,5,2,31,1978-12-02,255.0,United States,Harvard-Westlake School,1.0,18.0,Houston Rockets,jason collins,PF/C,208.92,,113.85,224.79,279.4,12.9,,,2001,2005,2005-10-01,26.8,574,0.03,0.08,0.0,0.0,0.04,0.07,0.03,0.18,0.07,0.12,0.18,0.01,0.02,0.01,0.1,0.21
NBA,2005 - 2006,Playoffs,Chris Duhon,CHI,6,130.6,9,25,7,16,5,6,5,13,1,15,16,13,2,0,30,1982-08-31,190.0,United States,Salmen High School,2.0,9.0,Chicago Bulls,chris duhon,PG,182.88,186.06,87.54,199.39,248.92,6.7,,,2004,2005,2005-10-01,23.1,575,0.07,0.19,0.05,0.12,0.04,0.05,0.04,0.1,0.01,0.11,0.12,0.1,0.02,0.0,0.23,0.3
NBA,2005 - 2006,Playoffs,Malik Allen,CHI,6,116.4,14,30,0,0,0,1,10,16,5,13,18,7,2,6,28,1978-06-27,255.0,United States,Shawnee High School ,,,,malik allen,PF/C,203.84,,122.92,219.71,276.86,,,,2000,2005,2005-10-01,27.3,576,0.12,0.26,0.0,0.0,0.0,0.01,0.09,0.14,0.04,0.11,0.15,0.06,0.02,0.05,0.24,0.28
NBA,2005 - 2006,Playoffs,Shane Battier,MEM,4,128.6,10,20,2,7,2,6,8,16,7,16,23,2,4,2,24,1978-09-09,220.0,United States,Detroit Country Day School,1.0,6.0,Vancouver Grizzlies,shane battier,SF/PF,203.84,,103.87,209.55,266.7,9.3,,,2001,2005,2005-10-01,27.1,577,0.08,0.16,0.02,0.05,0.02,0.05,0.06,0.12,0.05,0.12,0.18,0.02,0.03,0.02,0.19,0.27
NBA,2005 - 2006,Playoffs,Reggie Evans,DEN,5,68.7,3,7,0,2,13,18,6,11,8,15,23,0,2,1,19,1980-05-18,245.0,United States,Woodham High School,,,,reggie evans,PF,201.93,,113.4,219.71,273.05,,,,2002,2005,2005-10-01,25.4,578,0.04,0.1,0.0,0.03,0.19,0.26,0.09,0.16,0.12,0.22,0.33,0.0,0.03,0.01,0.28,0.43
NBA,2005 - 2006,Playoffs,Tyson Chandler,CHI,6,104.0,4,6,0,0,3,10,6,29,8,19,27,3,2,2,11,1982-10-02,240.0,United States,Dominguez High School,1.0,2.0,Los Angeles Clippers,tyson chandler,SF/PF,212.09,,101.6,220.98,279.4,6.7,,,2001,2005,2005-10-01,23.0,579,0.04,0.06,0.0,0.0,0.03,0.1,0.06,0.28,0.08,0.18,0.26,0.03,0.02,0.02,0.11,0.29
NBA,2005 - 2006,Playoffs,Eduardo Najera,DEN,4,88.7,3,14,0,0,2,4,4,13,4,11,15,2,3,0,8,1976-07-11,235.0,Mexico,Cornerstone Christian Academy High School,2.0,9.0,Houston Rockets,eduardo najera,PF/SF,199.39,,106.37,212.09,265.43,,,,2000,2005,2005-10-01,29.2,580,0.03,0.16,0.0,0.0,0.02,0.05,0.05,0.15,0.05,0.12,0.17,0.02,0.03,0.0,0.09,0.1
NBA,2006 - 2007,Playoffs,LeBron James,CLE,20,892.9,166,399,21,75,148,196,66,40,26,135,161,159,34,10,501,1984-12-30,250.0,United States,St. Vincent St. Mary High School,1.0,1.0,Cleveland Cavaliers,lebron james,SF/SG,201.3,,111.13,214.0,269.88,6.7,,,2003,2006,2006-10-01,21.8,786,0.19,0.45,0.02,0.08,0.17,0.22,0.07,0.04,0.03,0.15,0.18,0.18,0.04,0.01,0.56,0.59
NBA,2006 - 2007,Playoffs,Carlos Boozer,UTA,17,654.0,162,302,0,0,76,103,51,52,54,153,207,50,17,5,400,1981-11-20,266.0,Germany / United States,Juneau-Douglas High School,2.0,6.0,Cleveland Cavaliers,carlos boozer,PF,202.56,,117.03,219.08,275.59,,,,2002,2006,2006-10-01,24.9,787,0.25,0.46,0.0,0.0,0.12,0.16,0.08,0.08,0.08,0.23,0.32,0.08,0.03,0.01,0.61,0.72
NBA,2006 - 2007,Playoffs,Deron Williams,UTA,17,657.0,122,270,19,57,64,81,68,49,9,64,73,146,26,4,327,1984-06-26,200.0,United States,The Colony High School,1.0,3.0,Utah Jazz,deron williams,PG,187.32,189.86,91.81,198.76,248.92,,,,2005,2006,2006-10-01,22.3,788,0.19,0.41,0.03,0.09,0.1,0.12,0.1,0.07,0.01,0.1,0.11,0.22,0.04,0.01,0.5,0.54
NBA,2006 - 2007,Playoffs,Amar'e Stoudemire,PHX,10,342.8,91,174,1,3,70,91,19,39,30,91,121,6,13,19,253,1982-11-16,245.0,United States,Cypress Creek High School,1.0,9.0,Phoenix Suns,amare stoudemire,PF,204.47,,105.69,217.8,275.59,,,,2002,2006,2006-10-01,23.9,789,0.27,0.51,0.0,0.01,0.2,0.27,0.06,0.11,0.09,0.27,0.35,0.02,0.04,0.06,0.74,0.84
NBA,2006 - 2007,Playoffs,Richard Jefferson,NJN,12,488.8,81,168,13,40,61,66,27,24,4,63,67,27,9,5,236,1980-06-21,233.0,United States,Moon Valley High School,1.0,13.0,Houston Rockets,richard jefferson,SF,201.3,,101.15,213.36,261.62,6.7,,,2001,2006,2006-10-01,26.3,790,0.17,0.34,0.03,0.08,0.12,0.14,0.06,0.05,0.01,0.13,0.14,0.06,0.02,0.01,0.48,0.46
NBA,2006 - 2007,Playoffs,Drew Gooden,CLE,20,605.4,99,201,0,2,30,39,27,62,49,111,160,20,10,9,228,1981-09-24,250.0,United States,El Cerrito High School,1.0,4.0,Memphis Grizzlies,drew gooden,PF,205.1,,102.97,214.63,270.51,,,,2002,2006,2006-10-01,25.0,791,0.16,0.33,0.0,0.0,0.05,0.06,0.04,0.1,0.08,0.18,0.26,0.03,0.02,0.01,0.38,0.48
NBA,2006 - 2007,Playoffs,Luol Deng,CHI,10,409.7,88,168,0,1,46,57,23,22,30,57,87,24,10,7,222,1985-04-16,220.0,England / South Sudan,Blair Academy,1.0,7.0,Phoenix Suns,luol deng,SF,200.66,203.2,99.79,214.63,275.59,6.7,,,2004,2006,2006-10-01,21.5,792,0.21,0.41,0.0,0.0,0.11,0.14,0.06,0.05,0.07,0.14,0.21,0.06,0.02,0.02,0.54,0.56
NBA,2006 - 2007,Playoffs,Jason Richardson,GSW,11,428.0,81,170,29,82,19,27,24,38,24,50,74,22,14,5,210,1981-01-20,225.0,United States,Arthur Hill High School ,1.0,5.0,Golden State Warriors,jason richardson,SF/SG,194.94,,96.62,212.09,260.35,5.3,,,2001,2006,2006-10-01,25.7,793,0.19,0.4,0.07,0.19,0.04,0.06,0.06,0.09,0.06,0.12,0.17,0.05,0.03,0.01,0.49,0.46
NBA,2006 - 2007,Playoffs,Ben Gordon,CHI,10,395.2,61,147,24,55,58,63,34,34,9,29,38,38,9,1,204,1983-04-04,200.0,England / United States,Mount Vernon High School,1.0,3.0,Chicago Bulls,ben gordon,PG/SG,185.42,188.6,87.09,204.47,251.46,5.3,,,2004,2006,2006-10-01,23.5,794,0.15,0.37,0.06,0.14,0.15,0.16,0.09,0.09,0.02,0.07,0.1,0.1,0.02,0.0,0.52,0.42
NBA,2006 - 2007,Playoffs,Carmelo Anthony,DEN,5,210.2,47,98,9,18,31,39,19,12,18,25,43,6,5,0,134,1984-05-29,240.0,United States,Oak Hill Academy,1.0,3.0,Denver Nuggets,carmelo anthony,SF,198.76,,105.69,213.36,267.97,8.0,,,2003,2006,2006-10-01,22.3,795,0.22,0.47,0.04,0.09,0.15,0.19,0.09,0.06,0.09,0.12,0.2,0.03,0.02,0.0,0.64,0.51
NBA,2006 - 2007,Playoffs,Josh Howard,DAL,6,248.4,51,99,7,18,19,27,12,22,15,44,59,17,13,5,128,1980-04-28,210.0,United States,Hargrave Military Academy ,1.0,29.0,Dallas Mavericks,josh howard,SF/SG,196.22,,91.63,218.44,267.97,6.0,,,2003,2006,2006-10-01,26.4,796,0.21,0.4,0.03,0.07,0.08,0.11,0.05,0.09,0.06,0.18,0.24,0.07,0.05,0.02,0.52,0.63
NBA,2006 - 2007,Playoffs,Matt Barnes,GSW,11,329.6,45,100,19,45,13,18,20,44,26,37,63,26,16,4,122,1980-03-09,226.0,United States,Del Campo High School,2.0,17.0,Memphis Grizzlies,matt barnes,SF,200.02,,102.51,205.74,245.11,,,,2002,2006,2006-10-01,26.6,797,0.14,0.3,0.06,0.14,0.04,0.05,0.06,0.13,0.08,0.11,0.19,0.08,0.05,0.01,0.37,0.47
NBA,2006 - 2007,Playoffs,Kirk Hinrich,CHI,10,361.6,44,117,13,43,20,26,23,37,4,38,42,75,9,3,121,1981-01-02,190.0,United States,West High School ,1.0,7.0,Chicago Bulls,kirk hinrich,PG/SG,189.86,,84.37,198.12,250.19,5.3,,,2003,2006,2006-10-01,25.7,798,0.12,0.32,0.04,0.12,0.06,0.07,0.06,0.1,0.01,0.11,0.12,0.21,0.02,0.01,0.33,0.42
NBA,2006 - 2007,Playoffs,Chris Bosh,TOR,6,222.2,36,91,1,5,32,38,12,19,7,47,54,15,5,11,105,1984-03-24,235.0,United States,Lincoln High School,1.0,4.0,Toronto Raptors,chris bosh,PF,208.92,,102.06,222.25,276.86,8.0,,,2003,2006,2006-10-01,22.5,799,0.16,0.41,0.0,0.02,0.14,0.17,0.05,0.09,0.03,0.21,0.24,0.07,0.02,0.05,0.47,0.52
NBA,2006 - 2007,Playoffs,Paul Millsap,UTA,17,263.4,42,80,0,1,16,24,13,39,38,37,75,8,11,9,100,1985-02-10,246.0,United States,Grambling Laboratory High School,2.0,17.0,Utah Jazz,paul millsap,PF,198.76,201.3,117.03,217.17,267.97,9.7,,,2006,2006,2006-10-01,21.6,800,0.16,0.3,0.0,0.0,0.06,0.09,0.05,0.15,0.14,0.14,0.28,0.03,0.04,0.03,0.38,0.54
NBA,2006 - 2007,Playoffs,T.J. Ford,TOR,6,136.2,37,76,5,10,17,21,14,7,5,5,10,24,7,2,96,1983-03-24,165.0,United States,Willowridge High School,1.0,8.0,Milwaukee Bucks,tj ford,PG,180.34,,73.48,181.61,237.49,6.7,,,2003,2006,2006-10-01,23.5,801,0.27,0.56,0.04,0.07,0.12,0.15,0.1,0.05,0.04,0.04,0.07,0.18,0.05,0.01,0.7,0.59
NBA,2006 - 2007,Playoffs,Dwyane Wade,MIA,4,161.8,36,84,0,5,22,32,23,13,7,12,19,25,5,2,94,1982-01-17,220.0,United States,Harold L. Richards High School,1.0,5.0,Miami Heat,dwyane wade,SG/SF,192.4,,96.16,210.18,259.08,6.7,,,2003,2006,2006-10-01,24.7,802,0.22,0.52,0.0,0.03,0.14,0.2,0.14,0.08,0.04,0.07,0.12,0.15,0.03,0.01,0.58,0.39
NBA,2006 - 2007,Playoffs,Monta Ellis,GSW,11,238.1,32,82,1,9,23,28,20,23,8,17,25,10,10,2,88,1985-10-26,185.0,United States,Lanier High School,2.0,10.0,Golden State Warriors,monta ellis,SG/PG,188.6,191.14,80.1,189.86,248.92,,,,2005,2006,2006-10-01,20.9,803,0.13,0.34,0.0,0.04,0.1,0.12,0.08,0.1,0.03,0.07,0.1,0.04,0.04,0.01,0.37,0.25
NBA,2006 - 2007,Playoffs,Devin Harris,DAL,6,163.0,31,63,3,10,14,19,9,23,1,11,12,30,6,1,79,1983-02-27,185.0,United States,Wauwatosa East High School,1.0,5.0,Washington Wizards,devin harris,PG,187.32,190.5,77.11,201.93,250.19,5.3,,,2004,2006,2006-10-01,23.6,804,0.19,0.39,0.02,0.06,0.09,0.12,0.06,0.14,0.01,0.07,0.07,0.18,0.04,0.01,0.48,0.49
NBA,2006 - 2007,Playoffs,Shane Battier,HOU,7,271.8,23,51,19,43,7,8,8,20,3,15,18,15,12,7,72,1978-09-09,220.0,United States,Detroit Country Day School,1.0,6.0,Vancouver Grizzlies,shane battier,SF/PF,203.84,,103.87,209.55,266.7,9.3,,,2001,2006,2006-10-01,28.1,805,0.08,0.19,0.07,0.16,0.03,0.03,0.03,0.07,0.01,0.06,0.07,0.06,0.04,0.03,0.26,0.32
NBA,2006 - 2007,Playoffs,Andris Biedrins,GSW,11,267.4,27,37,0,0,16,30,9,29,19,50,69,5,8,17,70,1986-04-02,250.0,Latvia,,1.0,11.0,Golden State Warriors,andris biedrins,C,,,,,,9.3,,,2004,2006,2006-10-01,20.5,806,0.1,0.14,0.0,0.0,0.06,0.11,0.03,0.11,0.07,0.19,0.26,0.02,0.03,0.06,0.26,0.51
NBA,2006 - 2007,Playoffs,Dwight Howard,ORL,4,167.4,23,42,0,0,15,33,17,13,16,43,59,7,2,4,61,1985-12-08,265.0,United States,Southwest Atlanta Christian Academy,1.0,1.0,Orlando Magic,dwight howard,PF/C,205.74,208.92,108.86,224.79,283.21,10.5,,,2004,2006,2006-10-01,20.8,807,0.14,0.25,0.0,0.0,0.09,0.2,0.1,0.08,0.1,0.26,0.35,0.04,0.01,0.02,0.36,0.46
NBA,2006 - 2007,Playoffs,Jameer Nelson,ORL,4,129.1,21,50,5,14,10,11,9,19,4,8,12,13,3,0,57,1982-02-09,190.0,United States,Chester High School,1.0,20.0,Denver Nuggets,jameer nelson,PG,180.34,184.15,90.26,189.23,241.3,8.0,,,2004,2006,2006-10-01,24.6,808,0.16,0.39,0.04,0.11,0.08,0.09,0.07,0.15,0.03,0.06,0.09,0.1,0.02,0.0,0.44,0.34
NBA,2006 - 2007,Playoffs,Jason Maxiell,DET,14,146.4,22,33,0,1,12,23,7,21,11,22,33,2,4,8,56,1983-02-18,260.0,United States,Newman Smith High School,1.0,26.0,Detroit Pistons,jason maxiell,PF,195.58,198.76,116.85,221.62,271.78,,,,2005,2006,2006-10-01,23.6,809,0.15,0.23,0.0,0.01,0.08,0.16,0.05,0.14,0.08,0.15,0.23,0.01,0.03,0.05,0.38,0.49
NBA,2006 - 2007,Playoffs,James Jones,PHX,11,170.8,19,36,8,18,9,11,4,11,3,12,15,3,2,2,55,1980-10-04,218.0,United States,American High School,2.0,20.0,Indiana Pacers,james jones,SF,201.3,,98.88,219.71,273.05,6.7,,,2003,2006,2006-10-01,26.0,810,0.11,0.21,0.05,0.11,0.05,0.06,0.02,0.06,0.02,0.07,0.09,0.02,0.01,0.01,0.32,0.32
NBA,2006 - 2007,Playoffs,Tyrus Thomas,CHI,10,121.6,16,41,0,0,19,30,15,23,12,22,34,6,10,5,51,1986-08-17,225.0,United States,McKinley Senior High School,1.0,4.0,Portland Trail Blazers,tyrus thomas,PF/SF,201.3,203.84,98.43,220.98,274.32,5.6,,,2006,2006,2006-10-01,20.1,811,0.13,0.34,0.0,0.0,0.16,0.25,0.12,0.19,0.1,0.18,0.28,0.05,0.08,0.04,0.42,0.45
NBA,2006 - 2007,Playoffs,Darko Milicic,ORL,4,114.6,20,34,0,0,9,17,2,9,9,8,17,4,1,4,49,1985-06-20,275.0,Serbia,Hemiska High School,1.0,2.0,Detroit Pistons,darko milicic,PF,212.09,,113.4,226.06,283.21,8.0,,,2003,2006,2006-10-01,21.3,812,0.17,0.3,0.0,0.0,0.08,0.15,0.02,0.08,0.08,0.07,0.15,0.03,0.01,0.03,0.43,0.43
NBA,2006 - 2007,Playoffs,Antoine Wright,NJN,12,163.1,17,36,3,6,9,10,5,14,5,18,23,1,5,4,46,1984-02-06,210.0,United States,Lawrence Academy at Groton,1.0,15.0,New Jersey Nets,antoine wright,SF/SG,196.22,198.76,91.9,205.1,265.43,,,,2005,2006,2006-10-01,22.7,813,0.1,0.22,0.02,0.04,0.06,0.06,0.03,0.09,0.03,0.11,0.14,0.01,0.03,0.02,0.28,0.33
NBA,2006 - 2007,Playoffs,Kwame Brown,LAL,5,132.9,19,36,0,0,5,9,9,16,13,15,28,1,1,4,43,1982-03-10,290.0,United States,Glynn Academy,1.0,1.0,Washington Wizards,kwame brown,PF/C,208.28,,110.22,215.9,274.32,8.9,,,2001,2006,2006-10-01,24.6,814,0.14,0.27,0.0,0.0,0.04,0.07,0.07,0.12,0.1,0.11,0.21,0.01,0.01,0.03,0.32,0.35
NBA,2006 - 2007,Playoffs,Darius Songaila,WAS,4,89.5,20,41,0,2,3,3,4,17,5,8,13,4,3,0,43,1978-02-14,248.0,Lithuania,New Hampton School,2.0,21.0,Boston Celtics,darius songaila,PF,203.2,,108.86,215.9,275.59,,,,2002,2006,2006-10-01,28.6,815,0.22,0.46,0.0,0.02,0.03,0.03,0.04,0.19,0.06,0.09,0.15,0.04,0.03,0.0,0.48,0.42
NBA,2006 - 2007,Playoffs,Luke Walton,LAL,5,127.6,14,36,5,12,3,4,15,13,9,12,21,13,7,1,36,1980-03-28,235.0,United States,University of San Diego High School,2.0,3.0,Los Angeles Lakers,luke walton,SF/PF,202.56,,106.59,204.47,264.16,9.3,,,2003,2006,2006-10-01,26.5,816,0.11,0.28,0.04,0.09,0.02,0.03,0.12,0.1,0.07,0.09,0.16,0.1,0.05,0.01,0.28,0.3
NBA,2006 - 2007,Playoffs,Chris Duhon,CHI,9,172.3,9,31,6,19,8,10,7,12,3,13,16,21,3,1,32,1982-08-31,190.0,United States,Salmen High School,2.0,9.0,Chicago Bulls,chris duhon,PG,182.88,186.06,87.54,199.39,248.92,6.7,,,2004,2006,2006-10-01,24.1,817,0.05,0.18,0.03,0.11,0.05,0.06,0.04,0.07,0.02,0.08,0.09,0.12,0.02,0.01,0.19,0.25
NBA,2006 - 2007,Playoffs,Jordan Farmar,LAL,5,114.4,12,28,2,10,6,7,5,9,1,13,14,8,6,1,32,1986-11-30,180.0,United States,William Howard Taft High School,1.0,26.0,Los Angeles Lakers,jordan farmar,PG,184.78,187.96,77.56,190.5,240.03,4.4,,,2006,2006,2006-10-01,19.8,818,0.1,0.24,0.02,0.09,0.05,0.06,0.04,0.08,0.01,0.11,0.12,0.07,0.05,0.01,0.28,0.34
NBA,2006 - 2007,Playoffs,Luther Head,HOU,7,141.4,11,36,6,23,4,8,7,16,2,17,19,8,3,2,32,1982-11-26,185.0,United States,Manley Career Academy High School,1.0,24.0,Houston Rockets,luther head,PG/SG,187.96,190.5,81.1,196.22,250.19,,,,2005,2006,2006-10-01,23.8,819,0.08,0.25,0.04,0.16,0.03,0.06,0.05,0.11,0.01,0.12,0.13,0.06,0.02,0.01,0.23,0.2
NBA,2006 - 2007,Playoffs,Udonis Haslem,MIA,4,102.9,12,25,0,0,6,8,2,14,4,17,21,4,1,2,30,1980-06-09,235.0,United States,Miami High School,,,,udonis haslem,PF,202.56,,113.4,210.82,271.78,,,,2002,2006,2006-10-01,26.3,820,0.12,0.24,0.0,0.0,0.06,0.08,0.02,0.14,0.04,0.17,0.2,0.04,0.01,0.02,0.29,0.4
NBA,2006 - 2007,Playoffs,Maurice Evans,LAL,5,82.3,10,26,5,13,0,0,0,4,3,5,8,3,2,0,25,1978-11-08,220.0,United States,Wichita Collegiate School,,,,maurice evans,SG,193.68,,100.24,203.2,256.54,4.0,,,2001,2006,2006-10-01,27.9,821,0.12,0.32,0.06,0.16,0.0,0.0,0.0,0.05,0.04,0.06,0.1,0.04,0.02,0.0,0.3,0.26
NBA,2006 - 2007,Playoffs,Jason Collins,NJN,11,294.5,9,18,0,0,4,9,16,42,13,22,35,2,7,3,22,1978-12-02,255.0,United States,Harvard-Westlake School,1.0,18.0,Houston Rockets,jason collins,PF/C,208.92,,113.85,224.79,279.4,12.9,,,2001,2006,2006-10-01,27.8,822,0.03,0.06,0.0,0.0,0.01,0.03,0.05,0.14,0.04,0.07,0.12,0.01,0.02,0.01,0.07,0.13
NBA,2006 - 2007,Playoffs,DeSagana Diop,DAL,6,139.7,9,15,0,0,3,7,4,21,16,25,41,2,3,10,21,1982-01-30,280.0,Senegal,Oak Hill Academy,1.0,8.0,Cleveland Cavaliers,desagana diop,C,208.28,,142.43,229.87,287.02,21.0,,,2001,2006,2006-10-01,24.7,823,0.06,0.11,0.0,0.0,0.02,0.05,0.03,0.15,0.11,0.18,0.29,0.01,0.02,0.07,0.15,0.43
NBA,2006 - 2007,Playoffs,Jason Kapono,MIA,4,76.9,8,17,2,4,2,2,1,9,0,5,5,2,2,0,20,1981-02-04,213.0,United States,Artesia High School,2.0,2.0,Cleveland Cavaliers,jason kapono,SG/SF,199.39,,97.52,199.39,259.08,11.7,,,2003,2006,2006-10-01,25.7,824,0.1,0.22,0.03,0.05,0.03,0.03,0.01,0.12,0.0,0.07,0.07,0.03,0.03,0.0,0.26,0.26
NBA,2006 - 2007,Playoffs,Joey Graham,TOR,6,109.3,6,21,0,1,4,5,6,12,1,19,20,2,4,0,16,1982-06-11,225.0,United States,Brandon High School,1.0,16.0,Toronto Raptors,joey graham,SF,196.22,199.39,98.25,203.2,264.16,,,,2005,2006,2006-10-01,24.3,825,0.05,0.19,0.0,0.01,0.04,0.05,0.05,0.11,0.01,0.17,0.18,0.02,0.04,0.0,0.15,0.19
NBA,2006 - 2007,Playoffs,Jarron Collins,UTA,13,109.6,3,9,0,0,9,17,1,21,8,12,20,5,4,0,15,1978-12-02,248.0,United States,Harvard-Westlake School,2.0,24.0,Utah Jazz,jarron collins,C/PF,206.38,,114.31,220.98,264.16,15.2,,,2001,2006,2006-10-01,27.8,826,0.03,0.08,0.0,0.0,0.08,0.16,0.01,0.19,0.07,0.11,0.18,0.05,0.04,0.0,0.14,0.27
NBA,2006 - 2007,Playoffs,Eduardo Najera,DEN,5,95.6,4,17,0,3,1,2,2,10,11,17,28,2,2,1,9,1976-07-11,235.0,Mexico,Cornerstone Christian Academy High School,2.0,9.0,Houston Rockets,eduardo najera,PF/SF,199.39,,106.37,212.09,265.43,,,,2000,2006,2006-10-01,30.2,827,0.04,0.18,0.0,0.03,0.01,0.02,0.02,0.1,0.12,0.18,0.29,0.02,0.02,0.01,0.09,0.26
NBA,2006 - 2007,Playoffs,Kris Humphries,TOR,6,68.9,3,9,0,0,3,8,3,11,7,10,17,1,1,2,9,1985-02-06,235.0,United States,Hopkins High School,1.0,14.0,Utah Jazz,kris humphries,PF,203.84,207.01,107.95,214.63,270.51,6.7,,,2004,2006,2006-10-01,21.6,828,0.04,0.13,0.0,0.0,0.04,0.12,0.04,0.16,0.1,0.15,0.25,0.01,0.01,0.03,0.13,0.22
NBA,2007 - 2008,Playoffs,LeBron James,CLE,13,551.9,113,275,18,70,122,167,54,33,16,86,102,99,23,17,366,1984-12-30,250.0,United States,St. Vincent St. Mary High School,1.0,1.0,Cleveland Cavaliers,lebron james,SF/SG,201.3,,111.13,214.0,269.88,6.7,,,2003,2007,2007-10-01,22.8,1059,0.2,0.5,0.03,0.13,0.22,0.3,0.1,0.06,0.03,0.16,0.18,0.18,0.04,0.03,0.66,0.61
NBA,2007 - 2008,Playoffs,Chris Paul,NOP,12,486.0,111,221,5,21,62,79,22,43,16,43,59,135,28,2,289,1985-05-06,175.0,United States,West Forsyth High School,1.0,4.0,New Orleans Pelicans,chris paul,PG,182.24,185.42,80.74,193.68,236.22,,,,2005,2007,2007-10-01,22.4,1060,0.23,0.45,0.01,0.04,0.13,0.16,0.05,0.09,0.03,0.09,0.12,0.28,0.06,0.0,0.59,0.75
NBA,2007 - 2008,Playoffs,Deron Williams,UTA,12,513.0,90,183,28,56,51,66,37,35,16,27,43,120,7,4,259,1984-06-26,200.0,United States,The Colony High School,1.0,3.0,Utah Jazz,deron williams,PG,187.32,189.86,91.81,198.76,248.92,,,,2005,2007,2007-10-01,23.3,1061,0.18,0.36,0.05,0.11,0.1,0.13,0.07,0.07,0.03,0.05,0.08,0.23,0.01,0.01,0.5,0.55
NBA,2007 - 2008,Playoffs,David West,NOP,12,485.4,102,219,1,2,49,55,21,32,21,81,102,34,13,23,254,1980-08-29,250.0,United States,Garner Magnet High School,1.0,18.0,New Orleans Pelicans,david west,PF/SF,203.84,,102.51,224.16,274.96,8.0,,,2003,2007,2007-10-01,27.1,1062,0.21,0.45,0.0,0.0,0.1,0.11,0.04,0.07,0.04,0.17,0.21,0.07,0.03,0.05,0.52,0.59
NBA,2007 - 2008,Playoffs,Carlos Boozer,UTA,12,440.9,76,183,0,0,40,56,36,47,42,105,147,34,6,2,192,1981-11-20,266.0,Germany / United States,Juneau-Douglas High School,2.0,6.0,Cleveland Cavaliers,carlos boozer,PF,202.56,,117.03,219.08,275.59,,,,2002,2007,2007-10-01,25.9,1063,0.17,0.42,0.0,0.0,0.09,0.13,0.08,0.11,0.1,0.24,0.33,0.08,0.01,0.0,0.44,0.49
NBA,2007 - 2008,Playoffs,Dwight Howard,ORL,10,421.4,72,124,0,0,45,83,32,38,60,98,158,9,8,34,189,1985-12-08,265.0,United States,Southwest Atlanta Christian Academy,1.0,1.0,Orlando Magic,dwight howard,PF/C,205.74,208.92,108.86,224.79,283.21,10.5,,,2004,2007,2007-10-01,21.8,1064,0.17,0.29,0.0,0.0,0.11,0.2,0.08,0.09,0.14,0.23,0.37,0.02,0.02,0.08,0.45,0.65
NBA,2007 - 2008,Playoffs,Sasha Vujacic,LAL,21,455.5,55,138,31,79,30,35,18,44,8,38,46,16,12,4,171,1984-03-08,195.0,Slovenia,,1.0,27.0,Los Angeles Lakers,sasha vujacic,PG/SG,196.85,,87.54,196.85,256.54,14.1,,,2003,2007,2007-10-01,23.6,1065,0.12,0.3,0.07,0.17,0.07,0.08,0.04,0.1,0.02,0.08,0.1,0.04,0.03,0.01,0.38,0.33
NBA,2007 - 2008,Playoffs,Jameer Nelson,ORL,10,333.2,57,113,20,41,28,37,21,43,4,37,41,47,3,2,162,1982-02-09,190.0,United States,Chester High School,1.0,20.0,Denver Nuggets,jameer nelson,PG,180.34,184.15,90.26,189.23,241.3,8.0,,,2004,2007,2007-10-01,25.6,1066,0.17,0.34,0.06,0.12,0.08,0.11,0.06,0.13,0.01,0.11,0.12,0.14,0.01,0.01,0.49,0.51
NBA,2007 - 2008,Playoffs,Delonte West,CLE,13,453.1,44,110,18,42,35,41,32,40,8,35,43,54,15,6,141,1983-07-26,180.0,United States,Eleanor Roosevelt High School,1.0,24.0,Boston Celtics,delonte west,PG/SG,186.69,189.86,83.01,198.12,252.73,6.7,,,2004,2007,2007-10-01,24.2,1067,0.1,0.24,0.04,0.09,0.08,0.09,0.07,0.09,0.02,0.08,0.09,0.12,0.03,0.01,0.31,0.34
NBA,2007 - 2008,Playoffs,Joe Johnson,ATL,7,275.2,47,115,16,36,30,33,16,16,9,18,27,28,2,0,140,1981-06-29,240.0,United States,Little Rock Central High School,1.0,10.0,Boston Celtics,joe johnson,SF/SG,200.02,,102.51,205.74,266.7,6.7,,,2001,2007,2007-10-01,26.3,1068,0.17,0.42,0.06,0.13,0.11,0.12,0.06,0.06,0.03,0.07,0.1,0.1,0.01,0.0,0.51,0.4
NBA,2007 - 2008,Playoffs,Rodney Stuckey,DET,17,380.3,43,116,2,7,51,58,23,35,11,21,32,58,18,2,139,1986-04-21,205.0,United States,Kentwood High School,1.0,15.0,Detroit Pistons,rodney stuckey,SG/PG,192.4,194.31,93.89,201.3,255.27,6.1,,,2007,2007,2007-10-01,21.4,1069,0.11,0.31,0.01,0.02,0.13,0.15,0.06,0.09,0.03,0.06,0.08,0.15,0.05,0.01,0.37,0.38
NBA,2007 - 2008,Playoffs,Luke Walton,LAL,21,352.8,44,97,11,26,26,36,20,49,13,42,55,41,11,4,125,1980-03-28,235.0,United States,University of San Diego High School,2.0,3.0,Los Angeles Lakers,luke walton,SF/PF,202.56,,106.59,204.47,264.16,9.3,,,2003,2007,2007-10-01,27.5,1070,0.12,0.27,0.03,0.07,0.07,0.1,0.06,0.14,0.04,0.12,0.16,0.12,0.03,0.01,0.35,0.43
NBA,2007 - 2008,Playoffs,Ronnie Brewer,UTA,12,304.8,51,98,1,6,19,25,4,29,17,21,38,19,12,4,122,1985-03-20,235.0,United States,Fayetteville High School ,1.0,14.0,Utah Jazz,ronnie brewer,SG/PG,197.48,200.02,101.15,211.46,262.89,5.0,,,2006,2007,2007-10-01,22.5,1071,0.17,0.32,0.0,0.02,0.06,0.08,0.01,0.1,0.06,0.07,0.12,0.06,0.04,0.01,0.4,0.45
NBA,2007 - 2008,Playoffs,Jannero Pargo,NOP,12,265.4,45,116,15,43,17,24,11,22,5,25,30,27,12,2,122,1979-10-22,185.0,United States,Paul Robeson High School,,,,jannero pargo,PG,183.52,,76.2,189.23,243.84,,,,2002,2007,2007-10-01,27.9,1072,0.17,0.44,0.06,0.16,0.06,0.09,0.04,0.08,0.02,0.09,0.11,0.1,0.05,0.01,0.46,0.39
NBA,2007 - 2008,Playoffs,Chris Bosh,TOR,5,198.8,42,89,1,7,35,42,13,19,20,25,45,18,8,2,120,1984-03-24,235.0,United States,Lincoln High School,1.0,4.0,Toronto Raptors,chris bosh,PF,208.92,,102.06,222.25,276.86,8.0,,,2003,2007,2007-10-01,23.5,1073,0.21,0.45,0.01,0.04,0.18,0.21,0.07,0.1,0.1,0.13,0.23,0.09,0.04,0.01,0.6,0.63
NBA,2007 - 2008,Playoffs,Jordan Farmar,LAL,21,359.8,44,115,17,44,14,16,17,27,7,26,33,27,7,4,119,1986-11-30,180.0,United States,William Howard Taft High School,1.0,26.0,Los Angeles Lakers,jordan farmar,PG,184.78,187.96,77.56,190.5,240.03,4.4,,,2006,2007,2007-10-01,20.8,1074,0.12,0.32,0.05,0.12,0.04,0.04,0.05,0.08,0.02,0.07,0.09,0.08,0.02,0.01,0.33,0.28
NBA,2007 - 2008,Playoffs,Amar'e Stoudemire,PHX,5,203.8,48,99,1,4,19,30,14,19,15,30,45,2,7,12,116,1982-11-16,245.0,United States,Cypress Creek High School,1.0,9.0,Phoenix Suns,amare stoudemire,PF,204.47,,105.69,217.8,275.59,,,,2002,2007,2007-10-01,24.9,1075,0.24,0.49,0.0,0.02,0.09,0.15,0.07,0.09,0.07,0.15,0.22,0.01,0.03,0.06,0.57,0.51
NBA,2007 - 2008,Playoffs,Caron Butler,WAS,6,246.1,40,87,5,21,27,31,16,19,10,24,34,23,11,1,112,1980-03-13,228.0,United States,Maine Central Institute,1.0,10.0,Miami Heat,caron butler,SF/SG,196.22,,100.7,212.09,262.89,,,,2002,2007,2007-10-01,27.6,1076,0.16,0.35,0.02,0.09,0.11,0.13,0.07,0.08,0.04,0.1,0.14,0.09,0.04,0.0,0.46,0.45
NBA,2007 - 2008,Playoffs,Josh Smith,ATL,7,236.8,35,88,3,18,37,44,26,26,7,38,45,20,12,20,110,1985-12-05,225.0,United States,Oak Hill Academy,1.0,17.0,Atlanta Hawks,josh smith,SG/SF,200.66,203.84,100.24,213.36,270.51,6.7,,,2004,2007,2007-10-01,21.8,1077,0.15,0.37,0.01,0.08,0.16,0.19,0.11,0.11,0.03,0.16,0.19,0.08,0.05,0.08,0.46,0.5
NBA,2007 - 2008,Playoffs,Tyson Chandler,NOP,12,411.6,43,68,0,0,10,16,10,43,45,78,123,5,5,20,96,1982-10-02,240.0,United States,Dominguez High School,1.0,2.0,Los Angeles Clippers,tyson chandler,SF/PF,212.09,,101.6,220.98,279.4,6.7,,,2001,2007,2007-10-01,25.0,1078,0.1,0.17,0.0,0.0,0.02,0.04,0.02,0.1,0.11,0.19,0.3,0.01,0.01,0.05,0.23,0.49
NBA,2007 - 2008,Playoffs,Jason Maxiell,DET,17,371.1,40,64,0,0,15,32,11,48,21,47,68,16,15,22,95,1983-02-18,260.0,United States,Newman Smith High School,1.0,26.0,Detroit Pistons,jason maxiell,PF,195.58,198.76,116.85,221.62,271.78,,,,2005,2007,2007-10-01,24.6,1079,0.11,0.17,0.0,0.0,0.04,0.09,0.03,0.13,0.06,0.13,0.18,0.04,0.04,0.06,0.26,0.44
NBA,2007 - 2008,Playoffs,Kyle Korver,UTA,12,258.8,30,73,11,38,23,25,8,28,5,21,26,7,4,8,94,1981-03-17,212.0,United States,Pella High School,2.0,22.0,New Jersey Nets,kyle korver,SF,198.76,,95.71,207.01,260.35,6.7,,,2003,2007,2007-10-01,26.5,1080,0.12,0.28,0.04,0.15,0.09,0.1,0.03,0.11,0.02,0.08,0.1,0.03,0.02,0.03,0.36,0.34
NBA,2007 - 2008,Playoffs,Maurice Evans,ORL,10,282.4,35,69,15,36,5,8,9,12,7,18,25,7,8,1,90,1978-11-08,220.0,United States,Wichita Collegiate School,,,,maurice evans,SG,193.68,,100.24,203.2,256.54,4.0,,,2001,2007,2007-10-01,28.9,1081,0.12,0.24,0.05,0.13,0.02,0.03,0.03,0.04,0.02,0.06,0.09,0.02,0.03,0.0,0.32,0.3
NBA,2007 - 2008,Playoffs,Carmelo Anthony,DEN,4,146.2,32,88,2,8,24,29,12,17,19,19,38,8,2,1,90,1984-05-29,240.0,United States,Oak Hill Academy,1.0,3.0,Denver Nuggets,carmelo anthony,SF,198.76,,105.69,213.36,267.97,8.0,,,2003,2007,2007-10-01,23.3,1082,0.22,0.6,0.01,0.05,0.16,0.2,0.08,0.12,0.13,0.13,0.26,0.05,0.01,0.01,0.62,0.45
NBA,2007 - 2008,Playoffs,Al Horford,ATL,7,276.8,34,72,0,0,20,27,15,26,22,51,73,25,3,7,88,1986-06-03,245.0,Dominican Republic / United States,Grand Ledge High School,1.0,3.0,Atlanta Hawks,al horford,PF,203.2,207.64,111.58,215.26,271.78,9.1,,,2007,2007,2007-10-01,21.3,1083,0.12,0.26,0.0,0.0,0.07,0.1,0.05,0.09,0.08,0.18,0.26,0.09,0.01,0.03,0.32,0.49
NBA,2007 - 2008,Playoffs,Marvin Williams,ATL,7,199.3,24,58,0,0,32,36,13,21,11,17,28,5,2,3,80,1986-06-19,237.0,United States,Bremerton High School,1.0,2.0,Atlanta Hawks,marvin williams,PF/SF,200.66,203.84,103.51,222.25,274.32,,,,2005,2007,2007-10-01,21.3,1084,0.12,0.29,0.0,0.0,0.16,0.18,0.07,0.11,0.06,0.09,0.14,0.03,0.01,0.02,0.4,0.34
NBA,2007 - 2008,Playoffs,Andre Iguodala,PHI,6,233.8,23,69,2,14,31,43,26,11,6,23,29,30,14,1,79,1984-01-28,215.0,United States,Lanphier High School,1.0,9.0,Philadelphia Sixers,andre iguodala,SG/SF,197.48,200.02,98.43,210.82,267.97,6.7,,,2004,2007,2007-10-01,23.7,1085,0.1,0.3,0.01,0.06,0.13,0.18,0.11,0.05,0.03,0.1,0.12,0.13,0.06,0.0,0.34,0.29
NBA,2007 - 2008,Playoffs,Jason Kapono,TOR,5,152.2,31,53,13,24,3,4,2,9,2,11,13,4,2,0,78,1981-02-04,213.0,United States,Artesia High School,2.0,2.0,Cleveland Cavaliers,jason kapono,SG/SF,199.39,,97.52,199.39,259.08,11.7,,,2003,2007,2007-10-01,26.7,1086,0.2,0.35,0.09,0.16,0.02,0.03,0.01,0.06,0.01,0.07,0.09,0.03,0.01,0.0,0.51,0.47
NBA,2007 - 2008,Playoffs,Paul Millsap,UTA,12,209.6,32,62,0,1,13,25,9,37,23,24,47,4,7,16,77,1985-02-10,246.0,United States,Grambling Laboratory High School,2.0,17.0,Utah Jazz,paul millsap,PF,198.76,201.3,117.03,217.17,267.97,9.7,,,2006,2007,2007-10-01,22.6,1087,0.15,0.3,0.0,0.0,0.06,0.12,0.04,0.18,0.11,0.11,0.22,0.02,0.03,0.08,0.37,0.47
NBA,2007 - 2008,Playoffs,Keith Bogans,ORL,10,292.6,25,68,15,45,8,11,7,26,4,38,42,11,4,0,73,1980-05-12,215.0,United States,DeMatha Catholic High School,2.0,14.0,Milwaukee Bucks,keith bogans,SG,193.68,,96.62,206.38,256.54,8.0,,,2003,2007,2007-10-01,27.4,1088,0.09,0.23,0.05,0.15,0.03,0.04,0.02,0.09,0.01,0.13,0.14,0.04,0.01,0.0,0.25,0.27
NBA,2007 - 2008,Playoffs,J.R. Smith,DEN,4,107.7,23,43,7,22,20,24,5,12,1,6,7,7,4,0,73,1985-09-09,225.0,United States,Saint Benedict's Preparatory School,1.0,18.0,New Orleans Pelicans,jr smith,SG/SF,196.85,200.02,102.97,208.28,264.16,6.7,,,2004,2007,2007-10-01,22.1,1089,0.21,0.4,0.06,0.2,0.19,0.22,0.05,0.11,0.01,0.06,0.06,0.06,0.04,0.0,0.68,0.57
NBA,2007 - 2008,Playoffs,Brendan Haywood,WAS,6,178.4,26,44,0,0,20,25,6,25,13,27,40,5,4,9,72,1979-11-27,263.0,United States,James B. Dudley High School,1.0,20.0,Cleveland Cavaliers,brendan haywood,C,212.72,,120.66,229.87,288.29,12.9,,,2001,2007,2007-10-01,27.8,1090,0.15,0.25,0.0,0.0,0.11,0.14,0.03,0.14,0.07,0.15,0.22,0.03,0.02,0.05,0.4,0.56
NBA,2007 - 2008,Playoffs,Josh Howard,DAL,5,171.2,21,72,1,10,20,25,9,10,12,23,35,7,2,2,63,1980-04-28,210.0,United States,Hargrave Military Academy ,1.0,29.0,Dallas Mavericks,josh howard,SF/SG,196.22,,91.63,218.44,267.97,6.0,,,2003,2007,2007-10-01,27.4,1091,0.12,0.42,0.01,0.06,0.12,0.15,0.05,0.06,0.07,0.13,0.2,0.04,0.01,0.01,0.37,0.25
NBA,2007 - 2008,Playoffs,Thaddeus Young,PHI,6,160.4,24,50,1,5,12,14,4,7,15,12,27,4,7,0,61,1988-06-21,221.0,United States,Mitchell High School,1.0,12.0,Philadelphia Sixers,thaddeus young,SF,197.48,201.93,95.25,212.09,269.24,4.9,,,2007,2007,2007-10-01,19.3,1092,0.15,0.31,0.01,0.03,0.07,0.09,0.02,0.04,0.09,0.07,0.17,0.02,0.04,0.0,0.38,0.41
NBA,2007 - 2008,Playoffs,Shane Battier,HOU,6,246.3,20,45,12,25,8,11,8,19,7,16,23,3,6,5,60,1978-09-09,220.0,United States,Detroit Country Day School,1.0,6.0,Vancouver Grizzlies,shane battier,SF/PF,203.84,,103.87,209.55,266.7,9.3,,,2001,2007,2007-10-01,29.1,1093,0.08,0.18,0.05,0.1,0.03,0.04,0.03,0.08,0.03,0.06,0.09,0.01,0.02,0.02,0.24,0.24
NBA,2007 - 2008,Playoffs,Brandon Bass,DAL,5,133.0,17,36,0,1,24,25,3,12,20,14,34,2,3,3,58,1985-04-30,250.0,United States,Capitol High School,2.0,3.0,New Orleans Pelicans,brandon bass,PF,198.76,201.3,111.58,219.71,270.51,9.3,,,2004,2007,2007-10-01,22.4,1094,0.13,0.27,0.0,0.01,0.18,0.19,0.02,0.09,0.15,0.11,0.26,0.02,0.02,0.02,0.44,0.59
NBA,2007 - 2008,Playoffs,T.J. Ford,TOR,5,124.1,21,58,1,8,15,16,10,10,3,19,22,33,5,0,58,1983-03-24,165.0,United States,Willowridge High School,1.0,8.0,Milwaukee Bucks,tj ford,PG,180.34,,73.48,181.61,237.49,6.7,,,2003,2007,2007-10-01,24.5,1095,0.17,0.47,0.01,0.06,0.12,0.13,0.08,0.08,0.02,0.15,0.18,0.27,0.04,0.0,0.47,0.57
NBA,2007 - 2008,Playoffs,Willie Green,PHI,6,141.7,22,51,1,5,9,14,9,19,2,6,8,12,5,4,54,1981-07-28,201.0,United States,Cooley High School,2.0,12.0,Seattle SuperSonics,willie green,SG/PG,189.23,,91.17,201.3,254.0,8.0,,,2003,2007,2007-10-01,26.2,1096,0.16,0.36,0.01,0.04,0.06,0.1,0.06,0.13,0.01,0.04,0.06,0.08,0.04,0.03,0.38,0.29
NBA,2007 - 2008,Playoffs,Eddie House,BOS,21,165.0,17,56,11,31,7,8,4,13,2,20,22,18,5,1,52,1978-05-14,190.0,United States,Hayward High School,2.0,8.0,Miami Heat,eddie house,SG/PG,182.24,,80.06,191.77,241.3,,,,2000,2007,2007-10-01,29.4,1097,0.1,0.34,0.07,0.19,0.04,0.05,0.02,0.08,0.01,0.12,0.13,0.11,0.03,0.01,0.32,0.33
NBA,2007 - 2008,Playoffs,Josh Childress,ATL,7,205.4,22,42,0,2,6,12,2,7,15,25,40,11,1,5,50,1983-06-20,210.0,United States,Mayfair High School,1.0,6.0,Atlanta Hawks,josh childress,SG/SF,197.48,201.3,88.9,210.82,266.7,9.3,,,2004,2007,2007-10-01,24.3,1098,0.11,0.2,0.0,0.01,0.03,0.06,0.01,0.03,0.07,0.12,0.19,0.05,0.0,0.02,0.24,0.37
NBA,2007 - 2008,Playoffs,Julian Wright,NOP,11,131.2,20,44,2,9,5,6,5,8,6,12,18,5,10,1,47,1987-05-20,225.0,United States,Homewood-Flossmoor High School,1.0,13.0,New Orleans Pelicans,julian wright,SF/PF,199.39,204.47,95.71,219.08,274.32,6.1,,,2007,2007,2007-10-01,20.4,1099,0.15,0.34,0.02,0.07,0.04,0.05,0.04,0.06,0.05,0.09,0.14,0.04,0.08,0.01,0.36,0.39
NBA,2007 - 2008,Playoffs,Gilbert Arenas,WAS,4,94.1,14,36,5,12,10,12,8,13,0,7,7,11,2,0,43,1982-01-06,191.0,United States,Grant High School,2.0,2.0,Golden State Warriors,gilbert arenas,SG,188.6,,90.26,207.01,252.73,5.3,,,2001,2007,2007-10-01,25.7,1100,0.15,0.38,0.05,0.13,0.11,0.13,0.09,0.14,0.0,0.07,0.07,0.12,0.02,0.0,0.46,0.33
NBA,2007 - 2008,Playoffs,Reggie Evans,PHI,6,148.4,13,26,0,0,15,24,13,20,16,31,47,3,5,0,41,1980-05-18,245.0,United States,Woodham High School,,,,reggie evans,PF,201.93,,113.4,219.71,273.05,,,,2002,2007,2007-10-01,27.4,1101,0.09,0.18,0.0,0.0,0.1,0.16,0.09,0.13,0.11,0.21,0.32,0.02,0.03,0.0,0.28,0.41
NBA,2007 - 2008,Playoffs,Ronny Turiaf,LAL,19,186.8,14,36,0,0,10,17,9,41,6,21,27,5,2,18,38,1983-01-13,241.0,France,National Institute of Physical Education,2.0,7.0,Los Angeles Lakers,ronny turiaf,PF,203.2,206.38,107.86,217.17,270.51,,,,2005,2007,2007-10-01,24.7,1102,0.07,0.19,0.0,0.0,0.05,0.09,0.05,0.22,0.03,0.11,0.14,0.03,0.01,0.1,0.2,0.27
NBA,2007 - 2008,Playoffs,Carl Landry,HOU,6,105.8,11,26,0,0,12,16,2,8,15,13,28,0,7,3,34,1983-09-19,248.0,United States,Vincent High School,2.0,1.0,Seattle SuperSonics,carl landry,PF,200.66,204.47,112.49,210.82,260.35,7.5,,,2007,2007,2007-10-01,24.0,1103,0.1,0.25,0.0,0.0,0.11,0.15,0.02,0.08,0.14,0.12,0.26,0.0,0.07,0.03,0.32,0.47
NBA,2007 - 2008,Playoffs,Ronnie Price,UTA,12,68.0,10,31,3,14,10,13,6,6,1,3,4,11,6,2,33,1983-06-21,190.0,United States,Clear Brook High School,,,,ronnie price,PG,184.78,188.6,83.82,196.85,245.11,,,,2005,2007,2007-10-01,24.3,1104,0.15,0.46,0.04,0.21,0.15,0.19,0.09,0.09,0.01,0.04,0.06,0.16,0.09,0.03,0.49,0.39
NBA,2007 - 2008,Playoffs,Rodney Carney,PHI,6,84.1,12,31,5,10,1,2,0,9,3,4,7,5,7,2,30,1984-04-05,205.0,United States,Northwest High School ,1.0,16.0,Chicago Bulls,rodney carney,SG/SF,194.31,197.48,92.53,208.28,262.89,5.3,,,2006,2007,2007-10-01,23.5,1105,0.14,0.37,0.06,0.12,0.01,0.02,0.0,0.11,0.04,0.05,0.08,0.06,0.08,0.02,0.36,0.36
NBA,2007 - 2008,Playoffs,Darius Songaila,WAS,5,77.4,8,19,0,0,13,15,6,18,4,9,13,4,1,0,29,1978-02-14,248.0,Lithuania,New Hampton School,2.0,21.0,Boston Celtics,darius songaila,PF,203.2,,108.86,215.9,275.59,,,,2002,2007,2007-10-01,29.6,1106,0.1,0.25,0.0,0.0,0.17,0.19,0.08,0.23,0.05,0.12,0.17,0.05,0.01,0.0,0.37,0.35
NBA,2007 - 2008,Playoffs,Jamario Moon,TOR,5,104.0,11,29,4,11,1,1,2,6,7,17,24,4,6,3,27,1980-06-13,205.0,United States,Coosa Central High School,,,,jamario moon,SF,199.39,,83.91,212.09,261.62,5.3,,,2001,2007,2007-10-01,27.3,1107,0.11,0.28,0.04,0.11,0.01,0.01,0.02,0.06,0.07,0.16,0.23,0.04,0.06,0.03,0.26,0.43
NBA,2007 - 2008,Playoffs,Hilton Armstrong,NOP,8,72.0,8,13,0,0,5,10,4,12,9,11,20,0,0,6,21,1984-11-23,235.0,United States,Peekskill High School,1.0,12.0,New Orleans Pelicans,hilton armstrong,C/PF,207.01,208.92,108.86,223.52,276.86,6.3,,,2006,2007,2007-10-01,22.9,1108,0.11,0.18,0.0,0.0,0.07,0.14,0.06,0.17,0.12,0.15,0.28,0.0,0.0,0.08,0.29,0.45
NBA,2007 - 2008,Playoffs,Acie Law,ATL,7,61.0,6,8,0,0,9,10,8,5,0,2,2,8,2,0,21,1985-01-25,202.0,United States,Justin F. Kimball High School,1.0,11.0,Atlanta Hawks,acie law,PG,187.96,191.77,84.37,199.39,248.92,5.6,,,2007,2007,2007-10-01,22.7,1109,0.1,0.13,0.0,0.0,0.15,0.16,0.13,0.08,0.0,0.03,0.03,0.13,0.03,0.0,0.34,0.36
NBA,2007 - 2008,Playoffs,Jason Smith,PHI,6,81.9,8,18,0,1,4,4,2,5,4,11,15,3,1,5,20,1986-03-02,240.0,United States,Platte Valley High School,1.0,20.0,Miami Heat,jason smith,PF,210.18,212.09,105.69,210.18,269.24,7.5,,,2007,2007,2007-10-01,21.6,1110,0.1,0.22,0.0,0.01,0.05,0.05,0.02,0.06,0.05,0.13,0.18,0.04,0.01,0.06,0.24,0.39
NBA,2007 - 2008,Playoffs,Tony Allen,BOS,15,65.2,9,16,0,1,2,5,1,5,1,2,3,3,2,0,20,1982-01-11,213.0,United States,Crane High School,1.0,25.0,Boston Celtics,tony allen,SG,191.77,193.68,97.07,205.74,259.08,6.7,,,2004,2007,2007-10-01,25.7,1111,0.14,0.25,0.0,0.02,0.03,0.08,0.02,0.08,0.02,0.03,0.05,0.05,0.03,0.0,0.31,0.26
NBA,2007 - 2008,Playoffs,Eduardo Najera,DEN,4,78.4,7,14,2,5,0,0,5,15,5,8,13,6,3,1,16,1976-07-11,235.0,Mexico,Cornerstone Christian Academy High School,2.0,9.0,Houston Rockets,eduardo najera,PF/SF,199.39,,106.37,212.09,265.43,,,,2000,2007,2007-10-01,31.2,1112,0.09,0.18,0.03,0.06,0.0,0.0,0.06,0.19,0.06,0.1,0.17,0.08,0.04,0.01,0.2,0.35
NBA,2008 - 2009,Playoffs,LeBron James,CLE,14,579.8,159,312,27,81,149,199,38,30,19,109,128,102,23,12,494,1984-12-30,250.0,United States,St. Vincent St. Mary High School,1.0,1.0,Cleveland Cavaliers,lebron james,SF/SG,201.3,,111.13,214.0,269.88,6.7,,,2003,2008,2008-10-01,23.8,1360,0.27,0.54,0.05,0.14,0.26,0.34,0.07,0.05,0.03,0.19,0.22,0.18,0.04,0.02,0.85,0.89
NBA,2008 - 2009,Playoffs,Dwight Howard,ORL,23,902.7,161,268,0,2,145,228,67,102,99,254,353,43,20,60,467,1985-12-08,265.0,United States,Southwest Atlanta Christian Academy,1.0,1.0,Orlando Magic,dwight howard,PF/C,205.74,208.92,108.86,224.79,283.21,10.5,,,2004,2008,2008-10-01,22.8,1361,0.18,0.3,0.0,0.0,0.16,0.25,0.07,0.11,0.11,0.28,0.39,0.05,0.02,0.07,0.52,0.77
NBA,2008 - 2009,Playoffs,Carmelo Anthony,DEN,16,611.8,146,322,24,66,119,144,37,60,26,67,93,65,28,10,435,1984-05-29,240.0,United States,Oak Hill Academy,1.0,3.0,Denver Nuggets,carmelo anthony,SF,198.76,,105.69,213.36,267.97,8.0,,,2003,2008,2008-10-01,24.3,1362,0.24,0.53,0.04,0.11,0.19,0.24,0.06,0.1,0.04,0.11,0.15,0.11,0.05,0.02,0.71,0.64
NBA,2008 - 2009,Playoffs,Trevor Ariza,LAL,23,722.1,92,185,40,84,36,64,38,73,22,75,97,54,36,10,260,1985-06-30,215.0,United States,Westchester High School,2.0,14.0,New York Knicks,trevor ariza,SG/SF,200.66,203.84,91.17,218.44,273.05,8.0,,,2004,2008,2008-10-01,23.3,1363,0.13,0.26,0.06,0.12,0.05,0.09,0.05,0.1,0.03,0.1,0.13,0.07,0.05,0.01,0.36,0.4
NBA,2008 - 2009,Playoffs,J.R. Smith,DEN,16,434.7,88,194,38,106,25,46,26,51,11,42,53,45,17,4,239,1985-09-09,225.0,United States,Saint Benedict's Preparatory School,1.0,18.0,New Orleans Pelicans,jr smith,SG/SF,196.85,200.02,102.97,208.28,264.16,6.7,,,2004,2008,2008-10-01,23.1,1364,0.2,0.45,0.09,0.24,0.06,0.11,0.06,0.12,0.03,0.1,0.12,0.1,0.04,0.01,0.55,0.46
NBA,2008 - 2009,Playoffs,Mo Williams,CLE,14,540.7,80,196,35,94,33,43,30,43,9,36,45,58,10,1,228,1982-12-19,198.0,United States,Murrah High School,2.0,18.0,Utah Jazz,mo williams,PG/SG,184.78,,85.73,196.85,250.19,6.7,,,2003,2008,2008-10-01,25.8,1365,0.15,0.36,0.06,0.17,0.06,0.08,0.06,0.08,0.02,0.07,0.08,0.11,0.02,0.0,0.42,0.34
NBA,2008 - 2009,Playoffs,Aaron Brooks,HOU,13,443.7,77,170,27,64,37,46,29,29,4,30,34,44,5,3,218,1985-01-14,161.0,United States,Benjamin Franklin High School,1.0,26.0,Houston Rockets,aaron brooks,PG,177.8,182.24,73.03,193.04,238.76,2.7,,,2007,2008,2008-10-01,23.7,1366,0.17,0.38,0.06,0.14,0.08,0.1,0.07,0.07,0.01,0.07,0.08,0.1,0.01,0.01,0.49,0.39
NBA,2008 - 2009,Playoffs,Dwyane Wade,MIA,7,285.2,68,155,18,50,50,58,25,20,4,31,35,37,6,11,204,1982-01-17,220.0,United States,Harold L. Richards High School,1.0,5.0,Miami Heat,dwyane wade,SG/SF,192.4,,96.16,210.18,259.08,6.7,,,2003,2008,2008-10-01,26.7,1367,0.24,0.54,0.06,0.18,0.18,0.2,0.09,0.07,0.01,0.11,0.12,0.13,0.02,0.04,0.72,0.62
NBA,2008 - 2009,Playoffs,Delonte West,CLE,14,590.6,73,157,12,36,35,42,34,28,6,43,49,58,19,7,193,1983-07-26,180.0,United States,Eleanor Roosevelt High School,1.0,24.0,Boston Celtics,delonte west,PG/SG,186.69,189.86,83.01,198.12,252.73,6.7,,,2004,2008,2008-10-01,25.2,1368,0.12,0.27,0.02,0.06,0.06,0.07,0.06,0.05,0.01,0.07,0.08,0.1,0.03,0.01,0.33,0.33
NBA,2008 - 2009,Playoffs,Josh Smith,ATL,11,410.4,67,159,2,15,52,71,21,36,24,58,82,24,12,17,188,1985-12-05,225.0,United States,Oak Hill Academy,1.0,17.0,Atlanta Hawks,josh smith,SG/SF,200.66,203.84,100.24,213.36,270.51,6.7,,,2004,2008,2008-10-01,22.8,1369,0.16,0.39,0.0,0.04,0.13,0.17,0.05,0.09,0.06,0.14,0.2,0.06,0.03,0.04,0.46,0.47
NBA,2008 - 2009,Playoffs,Joe Johnson,ATL,11,428.8,70,168,12,35,28,45,32,24,17,32,49,39,14,0,180,1981-06-29,240.0,United States,Little Rock Central High School,1.0,10.0,Boston Celtics,joe johnson,SF/SG,200.02,,102.51,205.74,266.7,6.7,,,2001,2008,2008-10-01,27.3,1370,0.16,0.39,0.03,0.08,0.07,0.1,0.07,0.06,0.04,0.07,0.11,0.09,0.03,0.0,0.42,0.32
NBA,2008 - 2009,Playoffs,Ben Gordon,CHI,7,304.1,52,134,17,46,49,56,8,22,3,17,20,21,3,1,170,1983-04-04,200.0,England / United States,Mount Vernon High School,1.0,3.0,Chicago Bulls,ben gordon,PG/SG,185.42,188.6,87.09,204.47,251.46,5.3,,,2004,2008,2008-10-01,25.5,1371,0.17,0.44,0.06,0.15,0.16,0.18,0.03,0.07,0.01,0.06,0.07,0.07,0.01,0.0,0.56,0.39
NBA,2008 - 2009,Playoffs,Brandon Roy,POR,6,238.4,56,122,8,17,40,46,13,15,6,23,29,17,8,7,160,1984-07-23,211.0,United States,Garfield High School,1.0,6.0,Minnesota Timberwolves,brandon roy,SG/SF,196.22,198.76,93.89,203.2,256.54,7.6,,,2006,2008,2008-10-01,24.2,1372,0.23,0.51,0.03,0.07,0.17,0.19,0.05,0.06,0.03,0.1,0.12,0.07,0.03,0.03,0.67,0.57
NBA,2008 - 2009,Playoffs,Josh Howard,DAL,10,294.7,56,128,8,32,38,49,21,24,10,41,51,13,9,4,158,1980-04-28,210.0,United States,Hargrave Military Academy ,1.0,29.0,Dallas Mavericks,josh howard,SF/SG,196.22,,91.63,218.44,267.97,6.0,,,2003,2008,2008-10-01,28.4,1373,0.19,0.43,0.03,0.11,0.13,0.17,0.07,0.08,0.03,0.14,0.17,0.04,0.03,0.01,0.54,0.44
NBA,2008 - 2009,Playoffs,Derrick Rose,CHI,7,313.4,59,120,0,4,20,25,35,25,12,32,44,45,4,5,138,1988-10-04,200.0,United States,Simeon Career Academy ,1.0,1.0,Chicago Bulls,derrick rose,PG,186.69,189.23,88.9,203.2,250.19,4.6,,,2008,2008,2008-10-01,20.0,1374,0.19,0.38,0.0,0.01,0.06,0.08,0.11,0.08,0.04,0.1,0.14,0.14,0.01,0.02,0.44,0.43
NBA,2008 - 2009,Playoffs,Andre Iguodala,PHI,6,268.6,44,98,11,28,30,46,24,9,6,32,38,40,11,0,129,1984-01-28,215.0,United States,Lanphier High School,1.0,9.0,Philadelphia Sixers,andre iguodala,SG/SF,197.48,200.02,98.43,210.82,267.97,6.7,,,2004,2008,2008-10-01,24.7,1375,0.16,0.36,0.04,0.1,0.11,0.17,0.09,0.03,0.02,0.12,0.14,0.15,0.04,0.0,0.48,0.46
NBA,2008 - 2009,Playoffs,John Salmons,CHI,7,312.8,43,107,12,38,29,34,12,20,6,25,31,16,9,7,127,1979-12-12,210.0,United States,Plymouth-Whitemarsh High School,1.0,26.0,San Antonio Spurs,john salmons,SF/SG,196.85,,93.89,208.92,264.16,,,,2002,2008,2008-10-01,28.8,1376,0.14,0.34,0.04,0.12,0.09,0.11,0.04,0.06,0.02,0.08,0.1,0.05,0.03,0.02,0.41,0.35
NBA,2008 - 2009,Playoffs,LaMarcus Aldridge,POR,6,237.3,51,104,1,4,14,20,10,16,9,36,45,8,3,10,117,1985-07-19,265.0,United States,Seagoville High School,1.0,2.0,Chicago Bulls,lamarcus aldridge,PF/C,208.28,211.46,106.14,225.42,279.4,8.7,,,2006,2008,2008-10-01,23.2,1377,0.21,0.44,0.0,0.02,0.06,0.08,0.04,0.07,0.04,0.15,0.19,0.03,0.01,0.04,0.49,0.47
NBA,2008 - 2009,Playoffs,Dahntay Jones,DEN,16,279.9,38,79,3,12,33,43,13,41,16,22,38,10,13,5,112,1980-12-27,225.0,United States,Steinert High School,1.0,20.0,Boston Celtics,dahntay jones,SG/SF,194.94,,97.07,205.74,260.35,2.6,,,2003,2008,2008-10-01,27.8,1378,0.14,0.28,0.01,0.04,0.12,0.15,0.05,0.15,0.06,0.08,0.14,0.04,0.05,0.02,0.4,0.43
NBA,2008 - 2009,Playoffs,Eddie House,BOS,14,232.3,40,77,18,37,10,11,6,26,2,18,20,13,11,0,108,1978-05-14,190.0,United States,Hayward High School,2.0,8.0,Miami Heat,eddie house,SG/PG,182.24,,80.06,191.77,241.3,,,,2000,2008,2008-10-01,30.4,1379,0.17,0.33,0.08,0.16,0.04,0.05,0.03,0.11,0.01,0.08,0.09,0.06,0.05,0.0,0.46,0.46
NBA,2008 - 2009,Playoffs,Shane Battier,HOU,13,495.6,33,81,17,54,22,23,15,33,21,43,64,31,14,9,105,1978-09-09,220.0,United States,Detroit Country Day School,1.0,6.0,Vancouver Grizzlies,shane battier,SF/PF,203.84,,103.87,209.55,266.7,9.3,,,2001,2008,2008-10-01,30.1,1380,0.07,0.16,0.03,0.11,0.04,0.05,0.03,0.07,0.04,0.09,0.13,0.06,0.03,0.02,0.21,0.32
NBA,2008 - 2009,Playoffs,Carlos Boozer,UTA,5,185.6,38,72,0,0,27,35,15,18,12,54,66,11,8,2,103,1981-11-20,266.0,Germany / United States,Juneau-Douglas High School,2.0,6.0,Cleveland Cavaliers,carlos boozer,PF,202.56,,117.03,219.08,275.59,,,,2002,2008,2008-10-01,26.9,1381,0.2,0.39,0.0,0.0,0.15,0.19,0.08,0.1,0.06,0.29,0.36,0.06,0.04,0.01,0.55,0.71
NBA,2008 - 2009,Playoffs,Deron Williams,UTA,5,210.7,29,70,9,25,34,41,21,17,4,15,19,54,9,2,101,1984-06-26,200.0,United States,The Colony High School,1.0,3.0,Utah Jazz,deron williams,PG,187.32,189.86,91.81,198.76,248.92,,,,2005,2008,2008-10-01,24.3,1382,0.14,0.33,0.04,0.12,0.16,0.19,0.1,0.08,0.02,0.07,0.09,0.26,0.04,0.01,0.48,0.56
NBA,2008 - 2009,Playoffs,Carl Landry,HOU,13,239.7,39,70,0,2,19,33,14,27,16,35,51,3,4,5,97,1983-09-19,248.0,United States,Vincent High School,2.0,1.0,Seattle SuperSonics,carl landry,PF,200.66,204.47,112.49,210.82,260.35,7.5,,,2007,2008,2008-10-01,25.0,1383,0.16,0.29,0.0,0.01,0.08,0.14,0.06,0.11,0.07,0.15,0.21,0.01,0.02,0.02,0.4,0.41
NBA,2008 - 2009,Playoffs,J.J. Redick,ORL,16,326.8,31,83,21,52,13,14,7,26,2,17,19,31,8,1,96,1984-06-24,200.0,United States,Cave Spring High School,1.0,11.0,Orlando Magic,jj redick,SG,193.04,194.94,86.18,191.14,247.65,7.0,,,2006,2008,2008-10-01,24.3,1384,0.09,0.25,0.06,0.16,0.04,0.04,0.02,0.08,0.01,0.05,0.06,0.09,0.02,0.0,0.29,0.28
NBA,2008 - 2009,Playoffs,Brandon Bass,DAL,10,191.8,33,60,0,0,28,31,4,22,13,28,41,7,7,4,94,1985-04-30,250.0,United States,Capitol High School,2.0,3.0,New Orleans Pelicans,brandon bass,PF,198.76,201.3,111.58,219.71,270.51,9.3,,,2004,2008,2008-10-01,23.4,1385,0.17,0.31,0.0,0.0,0.15,0.16,0.02,0.11,0.07,0.15,0.21,0.04,0.04,0.02,0.49,0.63
NBA,2008 - 2009,Playoffs,Jordan Farmar,LAL,20,260.3,34,87,12,39,14,19,18,16,5,23,28,33,9,3,94,1986-11-30,180.0,United States,William Howard Taft High School,1.0,26.0,Los Angeles Lakers,jordan farmar,PG,184.78,187.96,77.56,190.5,240.03,4.4,,,2006,2008,2008-10-01,21.8,1386,0.13,0.33,0.05,0.15,0.05,0.07,0.07,0.06,0.02,0.09,0.11,0.13,0.03,0.01,0.36,0.35
NBA,2008 - 2009,Playoffs,David West,NOP,5,178.4,32,80,0,0,26,29,14,19,5,32,37,6,5,2,90,1980-08-29,250.0,United States,Garner Magnet High School,1.0,18.0,New Orleans Pelicans,david west,PF/SF,203.84,,102.51,224.16,274.96,8.0,,,2003,2008,2008-10-01,28.1,1387,0.18,0.45,0.0,0.0,0.15,0.16,0.08,0.11,0.03,0.18,0.21,0.03,0.03,0.01,0.5,0.42
NBA,2008 - 2009,Playoffs,Kirk Hinrich,CHI,7,210.4,29,62,13,30,17,25,8,18,2,17,19,20,12,3,88,1981-01-02,190.0,United States,West High School ,1.0,7.0,Chicago Bulls,kirk hinrich,PG/SG,189.86,,84.37,198.12,250.19,5.3,,,2003,2008,2008-10-01,27.7,1388,0.14,0.29,0.06,0.14,0.08,0.12,0.04,0.09,0.01,0.08,0.09,0.1,0.06,0.01,0.42,0.45
NBA,2008 - 2009,Playoffs,Michael Beasley,MIA,7,178.4,34,88,4,13,13,17,11,14,10,41,51,7,2,7,85,1989-01-09,235.0,United States,Notre Dame Preparatory,1.0,2.0,Miami Heat,michael beasley,PF/SF,200.66,203.84,108.41,214.0,271.78,7.7,,,2008,2008,2008-10-01,19.7,1389,0.19,0.49,0.02,0.07,0.07,0.1,0.06,0.08,0.06,0.23,0.29,0.04,0.01,0.04,0.48,0.47
NBA,2008 - 2009,Playoffs,Chris Paul,NOP,5,201.1,30,73,5,16,18,21,24,8,4,18,22,52,8,0,83,1985-05-06,175.0,United States,West Forsyth High School,1.0,4.0,New Orleans Pelicans,chris paul,PG,182.24,185.42,80.74,193.68,236.22,,,,2005,2008,2008-10-01,23.4,1390,0.15,0.36,0.02,0.08,0.09,0.1,0.12,0.04,0.02,0.09,0.11,0.26,0.04,0.0,0.41,0.48
NBA,2008 - 2009,Playoffs,Luke Walton,LAL,21,331.7,32,75,5,16,11,18,20,41,16,36,52,45,14,3,80,1980-03-28,235.0,United States,University of San Diego High School,2.0,3.0,Los Angeles Lakers,luke walton,SF/PF,202.56,,106.59,204.47,264.16,9.3,,,2003,2008,2008-10-01,28.5,1391,0.1,0.23,0.02,0.05,0.03,0.05,0.06,0.12,0.05,0.11,0.16,0.14,0.04,0.01,0.24,0.38
NBA,2008 - 2009,Playoffs,Marcin Gortat,ORL,24,270.5,34,52,0,0,10,16,11,39,18,58,76,3,9,15,78,1984-02-17,240.0,Poland,,2.0,27.0,Phoenix Suns,marcin gortat,PF/C,210.82,213.36,102.15,222.25,279.4,,,,2005,2008,2008-10-01,24.6,1392,0.13,0.19,0.0,0.0,0.04,0.06,0.04,0.14,0.07,0.21,0.28,0.01,0.03,0.06,0.29,0.55
NBA,2008 - 2009,Playoffs,Thaddeus Young,PHI,6,229.2,31,69,5,12,5,6,8,17,9,18,27,8,6,1,72,1988-06-21,221.0,United States,Mitchell High School,1.0,12.0,Philadelphia Sixers,thaddeus young,SF,197.48,201.93,95.25,212.09,269.24,4.9,,,2007,2008,2008-10-01,20.3,1393,0.14,0.3,0.02,0.05,0.02,0.03,0.03,0.07,0.04,0.08,0.12,0.03,0.03,0.0,0.31,0.29
NBA,2008 - 2009,Playoffs,Joakim Noah,CHI,7,271.0,26,51,0,0,19,25,8,31,28,64,92,16,6,15,71,1985-02-25,230.0,France / United States,Lawrenceville School,1.0,9.0,Chicago Bulls,joakim noah,PF,208.28,213.36,101.15,216.54,270.51,4.8,,,2007,2008,2008-10-01,23.6,1394,0.1,0.19,0.0,0.0,0.07,0.09,0.03,0.11,0.1,0.24,0.34,0.06,0.02,0.06,0.26,0.6
NBA,2008 - 2009,Playoffs,Sasha Vujacic,LAL,23,250.3,24,91,16,51,5,6,10,34,7,25,32,12,10,4,69,1984-03-08,195.0,Slovenia,,1.0,27.0,Los Angeles Lakers,sasha vujacic,PG/SG,196.85,,87.54,196.85,256.54,14.1,,,2003,2008,2008-10-01,24.6,1395,0.1,0.36,0.06,0.2,0.02,0.02,0.04,0.14,0.03,0.1,0.13,0.05,0.04,0.02,0.28,0.22
NBA,2008 - 2009,Playoffs,Maurice Evans,ATL,11,265.2,28,65,8,28,4,6,4,29,8,8,16,10,6,3,68,1978-11-08,220.0,United States,Wichita Collegiate School,,,,maurice evans,SG,193.68,,100.24,203.2,256.54,4.0,,,2001,2008,2008-10-01,29.9,1396,0.11,0.25,0.03,0.11,0.02,0.02,0.02,0.11,0.03,0.03,0.06,0.04,0.02,0.01,0.26,0.23
NBA,2008 - 2009,Playoffs,Tyrus Thomas,CHI,7,195.1,28,64,0,1,11,14,11,23,8,36,44,6,7,20,67,1986-08-17,225.0,United States,McKinley Senior High School,1.0,4.0,Portland Trail Blazers,tyrus thomas,PF/SF,201.3,203.84,98.43,220.98,274.32,5.6,,,2006,2008,2008-10-01,22.1,1397,0.14,0.33,0.0,0.01,0.06,0.07,0.06,0.12,0.04,0.18,0.23,0.03,0.04,0.1,0.34,0.48
NBA,2008 - 2009,Playoffs,James Jones,MIA,7,235.2,17,32,11,22,22,24,4,19,2,14,16,5,3,1,67,1980-10-04,218.0,United States,American High School,2.0,20.0,Indiana Pacers,james jones,SF,201.3,,98.88,219.71,273.05,6.7,,,2003,2008,2008-10-01,28.0,1398,0.07,0.14,0.05,0.09,0.09,0.1,0.02,0.08,0.01,0.06,0.07,0.02,0.01,0.0,0.28,0.28
NBA,2008 - 2009,Playoffs,Al Horford,ATL,9,252.1,25,59,0,1,12,18,4,26,12,40,52,18,6,6,62,1986-06-03,245.0,Dominican Republic / United States,Grand Ledge High School,1.0,3.0,Atlanta Hawks,al horford,PF,203.2,207.64,111.58,215.26,271.78,9.1,,,2007,2008,2008-10-01,22.3,1399,0.1,0.23,0.0,0.0,0.05,0.07,0.02,0.1,0.05,0.16,0.21,0.07,0.02,0.02,0.25,0.4
NBA,2008 - 2009,Playoffs,Brian Scalabrine,BOS,12,245.5,22,52,13,29,4,4,5,43,7,19,26,12,2,5,61,1978-03-18,241.0,United States,Enumclaw High School,2.0,6.0,New Jersey Nets,brian scalabrine,PF/SF,205.1,,109.32,207.64,267.97,13.6,,,2001,2008,2008-10-01,30.5,1400,0.09,0.21,0.05,0.12,0.02,0.02,0.02,0.18,0.03,0.08,0.11,0.05,0.01,0.02,0.25,0.3
NBA,2008 - 2009,Playoffs,Rodney Stuckey,DET,4,128.1,24,61,0,8,12,14,6,9,2,7,9,21,0,0,60,1986-04-21,205.0,United States,Kentwood High School,1.0,15.0,Detroit Pistons,rodney stuckey,SG/PG,192.4,194.31,93.89,201.3,255.27,6.1,,,2007,2008,2008-10-01,22.4,1401,0.19,0.48,0.0,0.06,0.09,0.11,0.05,0.07,0.02,0.05,0.07,0.16,0.0,0.0,0.47,0.34
NBA,2008 - 2009,Playoffs,Udonis Haslem,MIA,7,203.8,25,46,0,0,9,10,6,19,13,48,61,3,3,3,59,1980-06-09,235.0,United States,Miami High School,,,,udonis haslem,PF,202.56,,113.4,210.82,271.78,,,,2002,2008,2008-10-01,28.3,1402,0.12,0.23,0.0,0.0,0.04,0.05,0.03,0.09,0.06,0.24,0.3,0.01,0.01,0.01,0.29,0.47
NBA,2008 - 2009,Playoffs,Paul Millsap,UTA,5,155.4,25,49,0,0,9,18,6,17,20,20,40,8,4,5,59,1985-02-10,246.0,United States,Grambling Laboratory High School,2.0,17.0,Utah Jazz,paul millsap,PF,198.76,201.3,117.03,217.17,267.97,9.7,,,2006,2008,2008-10-01,23.6,1403,0.16,0.32,0.0,0.0,0.06,0.12,0.04,0.11,0.13,0.13,0.26,0.05,0.03,0.03,0.38,0.49
NBA,2008 - 2009,Playoffs,Antoine Wright,DAL,10,166.9,21,43,8,21,9,11,4,30,5,8,13,10,3,2,59,1984-02-06,210.0,United States,Lawrence Academy at Groton,1.0,15.0,New Jersey Nets,antoine wright,SF/SG,196.22,198.76,91.9,205.1,265.43,,,,2005,2008,2008-10-01,24.7,1404,0.13,0.26,0.05,0.13,0.05,0.07,0.02,0.18,0.03,0.05,0.08,0.06,0.02,0.01,0.35,0.35
NBA,2008 - 2009,Playoffs,Kyle Korver,UTA,5,136.2,18,46,12,26,5,7,2,9,2,9,11,13,3,1,53,1981-03-17,212.0,United States,Pella High School,2.0,22.0,New Jersey Nets,kyle korver,SF,198.76,,95.71,207.01,260.35,6.7,,,2003,2008,2008-10-01,27.5,1405,0.13,0.34,0.09,0.19,0.04,0.05,0.01,0.07,0.01,0.07,0.08,0.1,0.02,0.01,0.39,0.37
NBA,2008 - 2009,Playoffs,Rasual Butler,NOP,5,157.6,17,37,10,19,9,9,6,14,3,12,15,1,1,4,53,1979-05-23,215.0,United States,Roman Catholic High School for Boys,2.0,24.0,Miami Heat,rasual butler,SF,200.02,,89.81,213.36,267.97,,,,2002,2008,2008-10-01,29.4,1406,0.11,0.23,0.06,0.12,0.06,0.06,0.04,0.09,0.02,0.08,0.1,0.01,0.01,0.03,0.34,0.33
NBA,2008 - 2009,Playoffs,Ronnie Brewer,UTA,5,157.5,20,49,0,2,11,16,11,9,7,16,23,13,7,1,51,1985-03-20,235.0,United States,Fayetteville High School ,1.0,14.0,Utah Jazz,ronnie brewer,SG/PG,197.48,200.02,101.15,211.46,262.89,5.0,,,2006,2008,2008-10-01,23.5,1407,0.13,0.31,0.0,0.01,0.07,0.1,0.07,0.06,0.04,0.1,0.15,0.08,0.04,0.01,0.32,0.32
NBA,2008 - 2009,Playoffs,Will Bynum,DET,4,78.2,18,39,1,4,10,10,8,9,1,5,6,10,5,0,47,1983-01-04,185.0,United States,Crane High School,,,,will bynum,PG/SG,179.07,181.61,85.64,191.77,236.22,,,,2005,2008,2008-10-01,25.7,1408,0.23,0.5,0.01,0.05,0.13,0.13,0.1,0.12,0.01,0.06,0.08,0.13,0.06,0.0,0.6,0.5
NBA,2008 - 2009,Playoffs,Willie Green,PHI,6,147.5,21,51,4,11,1,3,5,13,0,6,6,7,0,1,47,1981-07-28,201.0,United States,Cooley High School,2.0,12.0,Seattle SuperSonics,willie green,SG/PG,189.23,,91.17,201.3,254.0,8.0,,,2003,2008,2008-10-01,27.2,1409,0.14,0.35,0.03,0.07,0.01,0.02,0.03,0.09,0.0,0.04,0.04,0.05,0.0,0.01,0.32,0.17
NBA,2008 - 2009,Playoffs,Rudy Fernandez,POR,6,162.1,15,35,8,19,7,7,9,12,2,15,17,6,8,3,45,1985-04-04,185.0,Spain,,1.0,24.0,Phoenix Suns,rudy fernandez,SG,194.94,198.12,78.02,201.93,257.81,,,,2005,2008,2008-10-01,23.5,1410,0.09,0.22,0.05,0.12,0.04,0.04,0.06,0.07,0.01,0.09,0.1,0.04,0.05,0.02,0.28,0.3
NBA,2008 - 2009,Playoffs,Daequan Cook,MIA,7,160.8,13,42,9,30,2,2,6,18,3,14,17,4,2,0,37,1987-04-28,205.0,United States,Dunbar High School ,1.0,21.0,Philadelphia Sixers,daequan cook,SG,190.5,197.48,92.08,203.84,257.81,7.0,,,2007,2008,2008-10-01,21.4,1411,0.08,0.26,0.06,0.19,0.01,0.01,0.04,0.11,0.02,0.09,0.11,0.02,0.01,0.0,0.23,0.15
NBA,2008 - 2009,Playoffs,Greg Oden,POR,6,95.7,11,21,0,0,8,12,8,27,11,15,26,0,2,6,30,1988-01-22,273.0,United States,Lawrence North High School,1.0,1.0,Portland Trail Blazers,greg oden,C,210.82,213.36,116.57,224.16,284.48,7.8,,,2007,2008,2008-10-01,20.7,1412,0.11,0.22,0.0,0.0,0.08,0.13,0.08,0.28,0.11,0.16,0.27,0.0,0.02,0.06,0.31,0.42
NBA,2008 - 2009,Playoffs,Marvin Williams,ATL,6,97.3,10,29,1,6,9,13,6,8,3,6,9,6,5,2,30,1986-06-19,237.0,United States,Bremerton High School,1.0,2.0,Atlanta Hawks,marvin williams,PF/SF,200.66,203.84,103.51,222.25,274.32,,,,2005,2008,2008-10-01,22.3,1413,0.1,0.3,0.01,0.06,0.09,0.13,0.06,0.08,0.03,0.06,0.09,0.06,0.05,0.02,0.31,0.23
NBA,2008 - 2009,Playoffs,Josh Powell,LAL,14,73.2,11,26,1,1,6,6,4,8,7,10,17,4,0,1,29,1983-01-25,225.0,United States,Riverdale High School,,,,josh powell,PF/SF,203.2,,102.97,215.9,273.05,8.0,,,2003,2008,2008-10-01,25.7,1414,0.15,0.36,0.01,0.01,0.08,0.08,0.05,0.11,0.1,0.14,0.23,0.05,0.0,0.01,0.4,0.43
NBA,2008 - 2009,Playoffs,Drew Gooden,SAS,4,70.7,11,33,0,2,7,7,3,13,5,10,15,1,1,1,29,1981-09-24,250.0,United States,El Cerrito High School,1.0,4.0,Memphis Grizzlies,drew gooden,PF,205.1,,102.97,214.63,270.51,,,,2002,2008,2008-10-01,27.0,1415,0.16,0.47,0.0,0.03,0.1,0.1,0.04,0.18,0.07,0.14,0.21,0.01,0.01,0.01,0.41,0.3
NBA,2008 - 2009,Playoffs,George Hill,SAS,4,76.2,7,21,3,8,6,7,2,6,3,5,8,2,2,1,23,1986-05-04,188.0,United States,Broad Ripple High School,1.0,26.0,San Antonio Spurs,george hill,PG,186.06,189.23,82.1,205.74,247.65,3.0,,,2008,2008,2008-10-01,22.4,1416,0.09,0.28,0.04,0.1,0.08,0.09,0.03,0.08,0.04,0.07,0.1,0.03,0.03,0.01,0.3,0.24
NBA,2008 - 2009,Playoffs,Jameer Nelson,ORL,5,89.8,8,23,1,6,2,4,7,3,1,6,7,14,1,0,19,1982-02-09,190.0,United States,Chester High School,1.0,20.0,Denver Nuggets,jameer nelson,PG,180.34,184.15,90.26,189.23,241.3,8.0,,,2004,2008,2008-10-01,26.6,1417,0.09,0.26,0.01,0.07,0.02,0.04,0.08,0.03,0.01,0.07,0.08,0.16,0.01,0.0,0.21,0.19
NBA,2008 - 2009,Playoffs,Jason Maxiell,DET,4,63.9,5,10,0,0,5,9,1,5,7,6,13,2,1,1,15,1983-02-18,260.0,United States,Newman Smith High School,1.0,26.0,Detroit Pistons,jason maxiell,PF,195.58,198.76,116.85,221.62,271.78,,,,2005,2008,2008-10-01,25.6,1418,0.08,0.16,0.0,0.0,0.08,0.14,0.02,0.08,0.11,0.09,0.2,0.03,0.02,0.02,0.23,0.34
NBA,2008 - 2009,Playoffs,Tyson Chandler,NOP,4,93.5,6,12,0,0,3,6,8,17,8,13,21,2,2,1,15,1982-10-02,240.0,United States,Dominguez High School,1.0,2.0,Los Angeles Clippers,tyson chandler,SF/PF,212.09,,101.6,220.98,279.4,6.7,,,2001,2008,2008-10-01,26.0,1419,0.06,0.13,0.0,0.0,0.03,0.06,0.09,0.18,0.09,0.14,0.22,0.02,0.02,0.01,0.16,0.24
NBA,2008 - 2009,Playoffs,Matt Bonner,SAS,5,99.6,5,23,3,13,2,2,2,10,6,10,16,0,3,2,15,1980-04-05,235.0,United States,Concord High School,2.0,16.0,Chicago Bulls,matt bonner,PF/SF,204.47,,109.77,205.1,267.97,13.6,,,2003,2008,2008-10-01,28.5,1420,0.05,0.23,0.03,0.13,0.02,0.02,0.02,0.1,0.06,0.1,0.16,0.0,0.03,0.02,0.15,0.16
NBA,2008 - 2009,Playoffs,Solomon Jones,ATL,9,77.2,6,12,0,0,2,2,1,9,9,7,16,2,1,0,14,1984-07-16,230.0,United States,Mount Dora High School,2.0,3.0,Atlanta Hawks,solomon jones,PF/C,204.47,207.64,101.6,225.42,276.86,7.4,,,2006,2008,2008-10-01,24.2,1421,0.08,0.16,0.0,0.0,0.03,0.03,0.01,0.12,0.12,0.09,0.21,0.03,0.01,0.0,0.18,0.34
NBA,2008 - 2009,Playoffs,Tony Allen,BOS,10,60.3,4,8,0,0,1,1,1,4,1,8,9,3,2,0,9,1982-01-11,213.0,United States,Crane High School,1.0,25.0,Boston Celtics,tony allen,SG,191.77,193.68,97.07,205.74,259.08,6.7,,,2004,2008,2008-10-01,26.7,1422,0.07,0.13,0.0,0.0,0.02,0.02,0.02,0.07,0.02,0.13,0.15,0.05,0.03,0.0,0.15,0.3
NBA,2009 - 2010,Playoffs,Amar'e Stoudemire,PHX,16,584.0,124,239,0,4,107,142,40,54,46,60,106,18,11,24,355,1982-11-16,245.0,United States,Cypress Creek High School,1.0,9.0,Phoenix Suns,amare stoudemire,PF,204.47,,105.69,217.8,275.59,,,,2002,2009,2009-10-01,26.9,1673,0.21,0.41,0.0,0.01,0.18,0.24,0.07,0.09,0.08,0.1,0.18,0.03,0.02,0.04,0.61,0.55
NBA,2009 - 2010,Playoffs,LeBron James,CLE,11,459.9,106,211,20,50,88,120,42,23,15,87,102,84,19,20,320,1984-12-30,250.0,United States,St. Vincent St. Mary High School,1.0,1.0,Cleveland Cavaliers,lebron james,SF/SG,201.3,,111.13,214.0,269.88,6.7,,,2003,2009,2009-10-01,24.8,1674,0.23,0.46,0.04,0.11,0.19,0.26,0.09,0.05,0.03,0.19,0.22,0.18,0.04,0.04,0.7,0.79
NBA,2009 - 2010,Playoffs,Jason Richardson,PHX,16,533.1,112,223,48,101,44,58,10,35,18,69,87,17,17,4,316,1981-01-20,225.0,United States,Arthur Hill High School ,1.0,5.0,Golden State Warriors,jason richardson,SF/SG,194.94,,96.62,212.09,260.35,5.3,,,2001,2009,2009-10-01,28.7,1675,0.21,0.42,0.09,0.19,0.08,0.11,0.02,0.07,0.03,0.13,0.16,0.03,0.03,0.01,0.59,0.56
NBA,2009 - 2010,Playoffs,Jameer Nelson,ORL,14,479.5,91,190,33,84,51,62,35,38,9,41,50,67,14,0,266,1982-02-09,190.0,United States,Chester High School,1.0,20.0,Denver Nuggets,jameer nelson,PG,180.34,184.15,90.26,189.23,241.3,8.0,,,2004,2009,2009-10-01,27.6,1676,0.19,0.4,0.07,0.18,0.11,0.13,0.07,0.08,0.02,0.09,0.1,0.14,0.03,0.0,0.55,0.52
NBA,2009 - 2010,Playoffs,Dwight Howard,ORL,14,497.0,86,140,0,0,82,158,51,59,38,117,155,19,11,49,254,1985-12-08,265.0,United States,Southwest Atlanta Christian Academy,1.0,1.0,Orlando Magic,dwight howard,PF/C,205.74,208.92,108.86,224.79,283.21,10.5,,,2004,2009,2009-10-01,23.8,1677,0.17,0.28,0.0,0.0,0.16,0.32,0.1,0.12,0.08,0.24,0.31,0.04,0.02,0.1,0.51,0.61
NBA,2009 - 2010,Playoffs,Deron Williams,UTA,10,398.0,67,149,20,51,89,111,30,37,4,23,27,102,10,4,243,1984-06-26,200.0,United States,The Colony High School,1.0,3.0,Utah Jazz,deron williams,PG,187.32,189.86,91.81,198.76,248.92,,,,2005,2009,2009-10-01,25.3,1678,0.17,0.37,0.05,0.13,0.22,0.28,0.08,0.09,0.01,0.06,0.07,0.26,0.03,0.01,0.61,0.64
NBA,2009 - 2010,Playoffs,Carlos Boozer,UTA,10,401.6,89,168,0,0,19,35,24,38,33,99,132,30,4,7,197,1981-11-20,266.0,Germany / United States,Juneau-Douglas High School,2.0,6.0,Cleveland Cavaliers,carlos boozer,PF,202.56,,117.03,219.08,275.59,,,,2002,2009,2009-10-01,27.9,1679,0.22,0.42,0.0,0.0,0.05,0.09,0.06,0.09,0.08,0.25,0.33,0.07,0.01,0.02,0.49,0.62
NBA,2009 - 2010,Playoffs,Joe Johnson,ATL,11,440.4,77,199,9,41,34,42,25,22,20,36,56,55,10,3,197,1981-06-29,240.0,United States,Little Rock Central High School,1.0,10.0,Boston Celtics,joe johnson,SF/SG,200.02,,102.51,205.74,266.7,6.7,,,2001,2009,2009-10-01,28.3,1680,0.17,0.45,0.02,0.09,0.08,0.1,0.06,0.05,0.05,0.08,0.13,0.12,0.02,0.01,0.45,0.37
NBA,2009 - 2010,Playoffs,Carmelo Anthony,DEN,6,253.6,64,138,6,19,50,57,21,26,14,37,51,20,12,3,184,1984-05-29,240.0,United States,Oak Hill Academy,1.0,3.0,Denver Nuggets,carmelo anthony,SF,198.76,,105.69,213.36,267.97,8.0,,,2003,2009,2009-10-01,25.3,1681,0.25,0.54,0.02,0.07,0.2,0.22,0.08,0.1,0.06,0.15,0.2,0.08,0.05,0.01,0.73,0.68
NBA,2009 - 2010,Playoffs,Paul Millsap,UTA,10,323.3,70,122,0,2,40,58,13,36,34,54,88,22,11,14,180,1985-02-10,246.0,United States,Grambling Laboratory High School,2.0,17.0,Utah Jazz,paul millsap,PF,198.76,201.3,117.03,217.17,267.97,9.7,,,2006,2009,2009-10-01,24.6,1682,0.22,0.38,0.0,0.01,0.12,0.18,0.04,0.11,0.11,0.17,0.27,0.07,0.03,0.04,0.56,0.71
NBA,2009 - 2010,Playoffs,Jamal Crawford,ATL,11,350.8,56,154,18,50,49,58,20,26,1,29,30,30,9,1,179,1980-03-20,195.0,United States,Rainier Beach High School,1.0,8.0,Cleveland Cavaliers,jamal crawford,PG/SG,194.31,,79.38,208.28,260.35,,,,2000,2009,2009-10-01,29.5,1683,0.16,0.44,0.05,0.14,0.14,0.17,0.06,0.07,0.0,0.08,0.09,0.09,0.03,0.0,0.51,0.35
NBA,2009 - 2010,Playoffs,Dwyane Wade,MIA,5,209.8,62,110,15,37,27,40,26,16,6,22,28,34,8,8,166,1982-01-17,220.0,United States,Harold L. Richards High School,1.0,5.0,Miami Heat,dwyane wade,SG/SF,192.4,,96.16,210.18,259.08,6.7,,,2003,2009,2009-10-01,27.7,1684,0.3,0.52,0.07,0.18,0.13,0.19,0.12,0.08,0.03,0.1,0.13,0.16,0.04,0.04,0.79,0.76
NBA,2009 - 2010,Playoffs,Al Horford,ATL,11,388.3,67,128,1,1,26,31,15,35,28,71,99,20,8,19,161,1986-06-03,245.0,Dominican Republic / United States,Grand Ledge High School,1.0,3.0,Atlanta Hawks,al horford,PF,203.2,207.64,111.58,215.26,271.78,9.1,,,2007,2009,2009-10-01,23.3,1685,0.17,0.33,0.0,0.0,0.07,0.08,0.04,0.09,0.07,0.18,0.25,0.05,0.02,0.05,0.41,0.57
NBA,2009 - 2010,Playoffs,Mo Williams,CLE,11,410.9,52,127,17,52,37,46,23,35,3,31,34,59,6,2,158,1982-12-19,198.0,United States,Murrah High School,2.0,18.0,Utah Jazz,mo williams,PG/SG,184.78,,85.73,196.85,250.19,6.7,,,2003,2009,2009-10-01,26.8,1686,0.13,0.31,0.04,0.13,0.09,0.11,0.06,0.09,0.01,0.08,0.08,0.14,0.01,0.0,0.38,0.35
NBA,2009 - 2010,Playoffs,Josh Smith,ATL,11,392.1,62,129,2,6,29,44,17,30,37,62,99,29,13,19,155,1985-12-05,225.0,United States,Oak Hill Academy,1.0,17.0,Atlanta Hawks,josh smith,SG/SF,200.66,203.84,100.24,213.36,270.51,6.7,,,2004,2009,2009-10-01,23.8,1687,0.16,0.33,0.01,0.02,0.07,0.11,0.04,0.08,0.09,0.16,0.25,0.07,0.03,0.05,0.4,0.55
NBA,2009 - 2010,Playoffs,Kevin Durant,OKC,6,231.2,43,123,10,35,54,62,22,17,8,38,46,14,3,8,150,1988-09-29,240.0,United States,Montrose Christian School,1.0,2.0,Seattle SuperSonics,kevin durant,SF/PF,205.74,208.92,97.52,225.42,279.4,6.6,,,2007,2009,2009-10-01,21.0,1688,0.19,0.53,0.04,0.15,0.23,0.27,0.1,0.07,0.03,0.16,0.2,0.06,0.01,0.03,0.65,0.47
NBA,2009 - 2010,Playoffs,Derrick Rose,CHI,5,212.4,57,125,2,6,18,22,13,8,4,13,17,36,4,0,134,1988-10-04,200.0,United States,Simeon Career Academy ,1.0,1.0,Chicago Bulls,derrick rose,PG,186.69,189.23,88.9,203.2,250.19,4.6,,,2008,2009,2009-10-01,21.0,1689,0.27,0.59,0.01,0.03,0.08,0.1,0.06,0.04,0.02,0.06,0.08,0.17,0.02,0.0,0.63,0.5
NBA,2009 - 2010,Playoffs,George Hill,SAS,10,344.4,46,102,11,29,31,37,8,21,5,26,31,7,10,2,134,1986-05-04,188.0,United States,Broad Ripple High School,1.0,26.0,San Antonio Spurs,george hill,PG,186.06,189.23,82.1,205.74,247.65,3.0,,,2008,2009,2009-10-01,23.4,1690,0.13,0.3,0.03,0.08,0.09,0.11,0.02,0.06,0.01,0.08,0.09,0.02,0.03,0.01,0.39,0.33
NBA,2009 - 2010,Playoffs,Channing Frye,PHX,16,434.6,43,118,30,86,15,16,8,50,10,80,90,15,12,9,131,1983-05-17,255.0,United States,St. Mary's High School,1.0,8.0,New York Knicks,channing frye,PF/C,207.01,209.55,110.5,219.71,280.67,,,,2005,2009,2009-10-01,26.4,1691,0.1,0.27,0.07,0.2,0.03,0.04,0.02,0.12,0.02,0.18,0.21,0.03,0.03,0.02,0.3,0.39
NBA,2009 - 2010,Playoffs,Russell Westbrook,OKC,6,212.3,43,91,5,12,32,38,14,13,10,26,36,36,10,1,123,1988-11-12,200.0,United States,Leuzinger High School,1.0,4.0,Seattle SuperSonics,russell westbrook,PG,188.6,191.77,87.09,202.56,254.0,4.8,,,2008,2009,2009-10-01,20.9,1692,0.2,0.43,0.02,0.06,0.15,0.18,0.07,0.06,0.05,0.12,0.17,0.17,0.05,0.0,0.58,0.64
NBA,2009 - 2010,Playoffs,Jared Dudley,PHX,16,376.8,40,86,25,59,17,28,9,37,15,45,60,28,18,6,122,1985-07-10,237.0,United States,Horizon High School,1.0,22.0,Charlotte Hornets,jared dudley,SF,195.58,201.3,99.34,200.66,259.08,7.1,,,2007,2009,2009-10-01,24.2,1693,0.11,0.23,0.07,0.16,0.05,0.07,0.02,0.1,0.04,0.12,0.16,0.07,0.05,0.02,0.32,0.46
NBA,2009 - 2010,Playoffs,Tony Allen,BOS,24,391.4,47,98,0,5,28,36,23,58,13,28,41,17,25,14,122,1982-01-11,213.0,United States,Crane High School,1.0,25.0,Boston Celtics,tony allen,SG,191.77,193.68,97.07,205.74,259.08,6.7,,,2004,2009,2009-10-01,27.7,1694,0.12,0.25,0.0,0.01,0.07,0.09,0.06,0.15,0.03,0.07,0.1,0.04,0.06,0.04,0.31,0.34
NBA,2009 - 2010,Playoffs,John Salmons,MIL,7,284.9,44,109,4,23,27,28,12,19,7,19,26,28,10,4,119,1979-12-12,210.0,United States,Plymouth-Whitemarsh High School,1.0,26.0,San Antonio Spurs,john salmons,SF/SG,196.85,,93.89,208.92,264.16,,,,2002,2009,2009-10-01,29.8,1695,0.15,0.38,0.01,0.08,0.09,0.1,0.04,0.07,0.02,0.07,0.09,0.1,0.04,0.01,0.42,0.38
NBA,2009 - 2010,Playoffs,Caron Butler,DAL,6,202.1,43,99,7,23,25,27,15,16,3,32,35,8,9,5,118,1980-03-13,228.0,United States,Maine Central Institute,1.0,10.0,Miami Heat,caron butler,SF/SG,196.22,,100.7,212.09,262.89,,,,2002,2009,2009-10-01,29.6,1696,0.21,0.49,0.03,0.11,0.12,0.13,0.07,0.08,0.01,0.16,0.17,0.04,0.04,0.02,0.58,0.49
NBA,2009 - 2010,Playoffs,LaMarcus Aldridge,POR,6,228.9,40,93,1,2,33,44,11,16,10,26,36,13,7,11,114,1985-07-19,265.0,United States,Seagoville High School,1.0,2.0,Chicago Bulls,lamarcus aldridge,PF/C,208.28,211.46,106.14,225.42,279.4,8.7,,,2006,2009,2009-10-01,24.2,1697,0.17,0.41,0.0,0.01,0.14,0.19,0.05,0.07,0.04,0.11,0.16,0.06,0.03,0.05,0.5,0.46
NBA,2009 - 2010,Playoffs,Jordan Farmar,LAL,23,300.9,38,94,20,50,9,13,20,30,1,26,27,32,17,0,105,1986-11-30,180.0,United States,William Howard Taft High School,1.0,26.0,Los Angeles Lakers,jordan farmar,PG,184.78,187.96,77.56,190.5,240.03,4.4,,,2006,2009,2009-10-01,22.8,1698,0.13,0.31,0.07,0.17,0.03,0.04,0.07,0.1,0.0,0.09,0.09,0.11,0.06,0.0,0.35,0.35
NBA,2009 - 2010,Playoffs,J.J. Redick,ORL,14,268.9,30,71,15,35,30,35,20,22,4,20,24,19,10,0,105,1984-06-24,200.0,United States,Cave Spring High School,1.0,11.0,Orlando Magic,jj redick,SG,193.04,194.94,86.18,191.14,247.65,7.0,,,2006,2009,2009-10-01,25.3,1699,0.11,0.26,0.06,0.13,0.11,0.13,0.07,0.08,0.01,0.07,0.09,0.07,0.04,0.0,0.39,0.35
NBA,2009 - 2010,Playoffs,Richard Jefferson,SAS,10,333.7,34,70,1,5,25,33,15,20,8,45,53,18,6,6,94,1980-06-21,233.0,United States,Moon Valley High School,1.0,13.0,Houston Rockets,richard jefferson,SF,201.3,,101.15,213.36,261.62,6.7,,,2001,2009,2009-10-01,29.3,1700,0.1,0.21,0.0,0.01,0.07,0.1,0.04,0.06,0.02,0.13,0.16,0.05,0.02,0.02,0.28,0.35
NBA,2009 - 2010,Playoffs,Luol Deng,CHI,5,202.6,37,80,1,12,19,26,3,15,8,17,25,7,6,4,94,1985-04-16,220.0,England / South Sudan,Blair Academy,1.0,7.0,Phoenix Suns,luol deng,SF,200.66,203.2,99.79,214.63,275.59,6.7,,,2004,2009,2009-10-01,24.5,1701,0.18,0.39,0.0,0.06,0.09,0.13,0.01,0.07,0.04,0.08,0.12,0.03,0.03,0.02,0.46,0.4
NBA,2009 - 2010,Playoffs,Marvin Williams,ATL,11,344.7,31,79,1,2,29,32,5,20,23,40,63,8,6,5,92,1986-06-19,237.0,United States,Bremerton High School,1.0,2.0,Atlanta Hawks,marvin williams,PF/SF,200.66,203.84,103.51,222.25,274.32,,,,2005,2009,2009-10-01,23.3,1702,0.09,0.23,0.0,0.01,0.08,0.09,0.01,0.06,0.07,0.12,0.18,0.02,0.02,0.01,0.27,0.34
NBA,2009 - 2010,Playoffs,Matt Barnes,ORL,14,325.8,30,75,12,32,17,20,10,28,16,50,66,19,10,3,89,1980-03-09,226.0,United States,Del Campo High School,2.0,17.0,Memphis Grizzlies,matt barnes,SF,200.02,,102.51,205.74,245.11,,,,2002,2009,2009-10-01,29.6,1703,0.09,0.23,0.04,0.1,0.05,0.06,0.03,0.09,0.05,0.15,0.2,0.06,0.03,0.01,0.27,0.39
NBA,2009 - 2010,Playoffs,Kyle Korver,UTA,10,210.2,32,61,11,23,8,9,7,22,0,11,11,13,5,0,83,1981-03-17,212.0,United States,Pella High School,2.0,22.0,New Jersey Nets,kyle korver,SF,198.76,,95.71,207.01,260.35,6.7,,,2003,2009,2009-10-01,28.5,1704,0.15,0.29,0.05,0.11,0.04,0.04,0.03,0.1,0.0,0.05,0.05,0.06,0.02,0.0,0.39,0.35
NBA,2009 - 2010,Playoffs,Jerryd Bayless,POR,6,165.8,28,65,6,15,19,24,8,21,4,12,16,23,2,0,81,1988-08-20,210.0,United States,St. Mary's High School,1.0,11.0,Indiana Pacers,jerryd bayless,PG/SG,187.32,190.5,92.53,191.77,246.38,4.7,,,2008,2009,2009-10-01,21.1,1705,0.17,0.39,0.04,0.09,0.11,0.14,0.05,0.13,0.02,0.07,0.1,0.14,0.01,0.0,0.49,0.44
NBA,2009 - 2010,Playoffs,Joakim Noah,CHI,5,188.2,28,53,0,0,18,19,15,20,20,45,65,13,9,7,74,1985-02-25,230.0,France / United States,Lawrenceville School,1.0,9.0,Chicago Bulls,joakim noah,PF,208.28,213.36,101.15,216.54,270.51,4.8,,,2007,2009,2009-10-01,24.6,1706,0.15,0.28,0.0,0.0,0.1,0.1,0.08,0.11,0.11,0.24,0.35,0.07,0.05,0.04,0.39,0.69
NBA,2009 - 2010,Playoffs,Delonte West,CLE,11,268.7,28,67,3,19,15,16,19,16,6,15,21,29,9,3,74,1983-07-26,180.0,United States,Eleanor Roosevelt High School,1.0,24.0,Boston Celtics,delonte west,PG/SG,186.69,189.86,83.01,198.12,252.73,6.7,,,2004,2009,2009-10-01,26.2,1707,0.1,0.25,0.01,0.07,0.06,0.06,0.07,0.06,0.02,0.06,0.08,0.11,0.03,0.01,0.28,0.29
NBA,2009 - 2010,Playoffs,Nate Robinson,BOS,17,128.0,24,64,11,33,12,15,7,16,4,10,14,18,6,1,71,1984-05-31,180.0,United States,Rainier Beach High School,1.0,21.0,Phoenix Suns,nate robinson,PG,172.08,175.26,82.1,185.42,232.41,6.7,,,2004,2009,2009-10-01,25.3,1708,0.19,0.5,0.09,0.26,0.09,0.12,0.05,0.12,0.03,0.08,0.11,0.14,0.05,0.01,0.55,0.47
NBA,2009 - 2010,Playoffs,Jeff Green,OKC,6,223.7,23,70,8,27,17,20,6,16,6,22,28,10,4,3,71,1986-08-28,235.0,United States,Northwestern High School,1.0,5.0,Boston Celtics,jeff green,SF,200.66,207.01,103.42,216.54,261.62,3.7,,,2007,2009,2009-10-01,23.1,1709,0.1,0.31,0.04,0.12,0.08,0.09,0.03,0.07,0.03,0.1,0.13,0.04,0.02,0.01,0.32,0.27
NBA,2009 - 2010,Playoffs,Ersan Ilyasova,MIL,7,156.6,24,50,5,14,15,18,10,14,21,32,53,3,5,1,68,1987-05-15,235.0,Turkey,,2.0,6.0,Milwaukee Bucks,ersan ilyasova,SF,202.56,205.74,94.71,216.54,278.13,,,,2005,2009,2009-10-01,22.4,1710,0.15,0.32,0.03,0.09,0.1,0.11,0.06,0.09,0.13,0.2,0.34,0.02,0.03,0.01,0.43,0.59
NBA,2009 - 2010,Playoffs,J.R. Smith,DEN,6,159.2,21,57,11,31,14,16,6,17,5,18,23,10,4,2,67,1985-09-09,225.0,United States,Saint Benedict's Preparatory School,1.0,18.0,New Orleans Pelicans,jr smith,SG/SF,196.85,200.02,102.97,208.28,264.16,6.7,,,2004,2009,2009-10-01,24.1,1711,0.13,0.36,0.07,0.19,0.09,0.1,0.04,0.11,0.03,0.11,0.14,0.06,0.03,0.01,0.42,0.38
NBA,2009 - 2010,Playoffs,Luc Mbah a Moute,MIL,7,178.4,26,50,0,2,12,20,7,15,14,25,39,5,2,0,64,1986-09-09,230.0,Cameroon,Montverde Academy,2.0,7.0,Milwaukee Bucks,luc mbah a moute,SF,197.48,201.93,100.24,219.71,262.89,7.0,,,2008,2009,2009-10-01,23.1,1712,0.15,0.28,0.0,0.01,0.07,0.11,0.04,0.08,0.08,0.14,0.22,0.03,0.01,0.0,0.36,0.41
NBA,2009 - 2010,Playoffs,Kirk Hinrich,CHI,5,196.4,22,52,8,16,10,14,2,14,1,21,22,20,7,0,62,1981-01-02,190.0,United States,West High School ,1.0,7.0,Chicago Bulls,kirk hinrich,PG/SG,189.86,,84.37,198.12,250.19,5.3,,,2003,2009,2009-10-01,28.7,1713,0.11,0.26,0.04,0.08,0.05,0.07,0.01,0.07,0.01,0.11,0.11,0.1,0.04,0.0,0.32,0.39
NBA,2009 - 2010,Playoffs,Martell Webster,POR,6,151.9,22,52,5,17,10,18,3,13,7,19,26,4,5,3,59,1986-12-04,230.0,United States,Seattle Preparatory School,1.0,6.0,Portland Trail Blazers,martell webster,SF,198.12,201.93,104.14,210.82,269.24,,,,2005,2009,2009-10-01,22.8,1714,0.14,0.34,0.03,0.11,0.07,0.12,0.02,0.09,0.05,0.13,0.17,0.03,0.03,0.02,0.39,0.37
NBA,2009 - 2010,Playoffs,Luke Ridnour,MIL,7,121.2,21,45,5,14,10,12,10,13,4,9,13,13,4,1,57,1981-02-13,175.0,United States,Blaine High School,1.0,14.0,Seattle SuperSonics,luke ridnour,PG,185.42,,75.75,190.5,242.57,5.3,,,2003,2009,2009-10-01,28.6,1715,0.17,0.37,0.04,0.12,0.08,0.1,0.08,0.11,0.03,0.07,0.11,0.11,0.03,0.01,0.47,0.43
NBA,2009 - 2010,Playoffs,Michael Beasley,MIA,5,135.0,22,49,1,2,7,9,13,10,10,19,29,3,4,0,52,1989-01-09,235.0,United States,Notre Dame Preparatory,1.0,2.0,Miami Heat,michael beasley,PF/SF,200.66,203.84,108.41,214.0,271.78,7.7,,,2008,2009,2009-10-01,20.7,1716,0.16,0.36,0.01,0.01,0.05,0.07,0.1,0.07,0.07,0.14,0.21,0.02,0.03,0.0,0.39,0.33
NBA,2009 - 2010,Playoffs,Matt Bonner,SAS,10,173.4,19,44,10,27,2,2,7,22,7,25,32,4,1,3,50,1980-04-05,235.0,United States,Concord High School,2.0,16.0,Chicago Bulls,matt bonner,PF/SF,204.47,,109.77,205.1,267.97,13.6,,,2003,2009,2009-10-01,29.5,1717,0.11,0.25,0.06,0.16,0.01,0.01,0.04,0.13,0.04,0.14,0.18,0.02,0.01,0.02,0.29,0.34
NBA,2009 - 2010,Playoffs,Lou Amundson,PHX,16,193.6,19,36,0,0,9,21,6,31,30,26,56,1,6,7,47,1982-12-07,220.0,United States,Monarch High School,,,,lou amundson,PF,201.17,203.2,100.24,212.09,262.89,6.8,,,2006,2009,2009-10-01,26.8,1718,0.1,0.19,0.0,0.0,0.05,0.11,0.03,0.16,0.15,0.13,0.29,0.01,0.03,0.04,0.24,0.43
NBA,2009 - 2010,Playoffs,Raymond Felton,CHA,4,129.5,17,42,4,13,9,12,6,8,3,7,10,20,2,0,47,1984-06-26,205.0,United States,Latta High School,1.0,5.0,Charlotte Hornets,raymond felton,PG,181.61,183.52,90.45,193.68,248.92,,,,2005,2009,2009-10-01,25.3,1719,0.13,0.32,0.03,0.1,0.07,0.09,0.05,0.06,0.02,0.05,0.08,0.15,0.02,0.0,0.36,0.35
NBA,2009 - 2010,Playoffs,Ty Lawson,DEN,6,117.8,15,35,4,10,13,19,8,18,4,4,8,16,6,0,47,1987-11-03,195.0,United States,Oak Hill Academy,1.0,18.0,Minnesota Timberwolves,ty lawson,PG,180.98,184.15,89.18,184.78,240.03,6.6,,,2009,2009,2009-10-01,21.9,1720,0.13,0.3,0.03,0.08,0.11,0.16,0.07,0.15,0.03,0.03,0.07,0.14,0.05,0.0,0.4,0.37
NBA,2009 - 2010,Playoffs,James Harden,OKC,6,120.0,12,31,6,16,16,19,3,14,1,14,15,11,6,1,46,1989-08-26,220.0,United States,Artesia High School,1.0,3.0,Oklahoma City Thunder,james harden,SG,193.04,196.22,100.7,210.18,262.89,10.1,,,2009,2009,2009-10-01,20.1,1721,0.1,0.26,0.05,0.13,0.13,0.16,0.02,0.12,0.01,0.12,0.12,0.09,0.05,0.01,0.38,0.44
NBA,2009 - 2010,Playoffs,Marcin Gortat,ORL,14,212.3,17,26,0,0,8,11,3,29,24,38,62,9,3,4,42,1984-02-17,240.0,Poland,,2.0,27.0,Phoenix Suns,marcin gortat,PF/C,210.82,213.36,102.15,222.25,279.4,,,,2005,2009,2009-10-01,25.6,1722,0.08,0.12,0.0,0.0,0.04,0.05,0.01,0.14,0.11,0.18,0.29,0.04,0.01,0.02,0.2,0.5
NBA,2009 - 2010,Playoffs,Rudy Fernandez,POR,6,119.1,12,27,11,23,6,8,5,7,2,8,10,8,1,0,41,1985-04-04,185.0,Spain,,1.0,24.0,Phoenix Suns,rudy fernandez,SG,194.94,198.12,78.02,201.93,257.81,,,,2005,2009,2009-10-01,24.5,1723,0.1,0.23,0.09,0.19,0.05,0.07,0.04,0.06,0.02,0.07,0.08,0.07,0.01,0.0,0.34,0.31
NBA,2009 - 2010,Playoffs,Jamario Moon,CLE,11,113.1,14,24,8,16,2,3,0,8,2,14,16,5,4,5,38,1980-06-13,205.0,United States,Coosa Central High School,,,,jamario moon,SF,199.39,,83.91,212.09,261.62,5.3,,,2001,2009,2009-10-01,29.3,1724,0.12,0.21,0.07,0.14,0.02,0.03,0.0,0.07,0.02,0.12,0.14,0.04,0.04,0.04,0.34,0.5
NBA,2009 - 2010,Playoffs,Taj Gibson,CHI,5,144.6,16,38,0,0,6,11,2,17,9,26,35,3,1,3,38,1985-06-24,232.0,United States,Calvary Christian High School,1.0,26.0,Chicago Bulls,taj gibson,PF,204.47,207.64,97.25,223.52,276.86,6.6,,,2009,2009,2009-10-01,24.3,1725,0.11,0.26,0.0,0.0,0.04,0.08,0.01,0.12,0.06,0.18,0.24,0.02,0.01,0.02,0.26,0.35
NBA,2009 - 2010,Playoffs,DeJuan Blair,SAS,10,91.3,16,32,0,0,5,9,2,18,19,20,39,5,5,4,37,1989-04-22,270.0,United States,Schenley High School,2.0,7.0,San Antonio Spurs,dejuan blair,PF,196.22,199.39,125.46,218.44,270.51,12.0,,,2009,2009,2009-10-01,20.4,1726,0.18,0.35,0.0,0.0,0.05,0.1,0.02,0.2,0.21,0.22,0.43,0.05,0.05,0.04,0.41,0.74
NBA,2009 - 2010,Playoffs,Brendan Haywood,DAL,6,138.7,12,21,0,0,12,20,3,14,18,19,37,3,7,10,36,1979-11-27,263.0,United States,James B. Dudley High School,1.0,20.0,Cleveland Cavaliers,brendan haywood,C,212.72,,120.66,229.87,288.29,12.9,,,2001,2009,2009-10-01,29.8,1727,0.09,0.15,0.0,0.0,0.09,0.14,0.02,0.1,0.13,0.14,0.27,0.02,0.05,0.07,0.26,0.54
NBA,2009 - 2010,Playoffs,Tyrus Thomas,CHA,4,67.7,15,24,0,0,5,6,4,9,6,16,22,2,2,2,35,1986-08-17,225.0,United States,McKinley Senior High School,1.0,4.0,Portland Trail Blazers,tyrus thomas,PF/SF,201.3,203.84,98.43,220.98,274.32,5.6,,,2006,2009,2009-10-01,23.1,1728,0.22,0.35,0.0,0.0,0.07,0.09,0.06,0.13,0.09,0.24,0.32,0.03,0.03,0.03,0.52,0.72
NBA,2009 - 2010,Playoffs,Sasha Vujacic,LAL,10,75.9,10,23,6,15,5,6,3,8,3,5,8,5,2,0,31,1984-03-08,195.0,Slovenia,,1.0,27.0,Los Angeles Lakers,sasha vujacic,PG/SG,196.85,,87.54,196.85,256.54,14.1,,,2003,2009,2009-10-01,25.6,1729,0.13,0.3,0.08,0.2,0.07,0.08,0.04,0.11,0.04,0.07,0.11,0.07,0.03,0.0,0.41,0.4
NBA,2009 - 2010,Playoffs,Udonis Haslem,MIA,5,141.7,13,37,0,0,4,6,5,18,9,28,37,4,1,1,30,1980-06-09,235.0,United States,Miami High School,,,,udonis haslem,PF,202.56,,113.4,210.82,271.78,,,,2002,2009,2009-10-01,29.3,1730,0.09,0.26,0.0,0.0,0.03,0.04,0.04,0.13,0.06,0.2,0.26,0.03,0.01,0.01,0.21,0.3
NBA,2009 - 2010,Playoffs,Brandon Roy,POR,3,82.9,10,33,2,12,7,9,3,7,2,5,7,5,0,0,29,1984-07-23,211.0,United States,Garfield High School,1.0,6.0,Minnesota Timberwolves,brandon roy,SG/SF,196.22,198.76,93.89,203.2,256.54,7.6,,,2006,2009,2009-10-01,25.2,1731,0.12,0.4,0.02,0.14,0.08,0.11,0.04,0.08,0.02,0.06,0.08,0.06,0.0,0.0,0.35,0.14
NBA,2009 - 2010,Playoffs,Maurice Evans,ATL,11,148.4,11,37,3,10,0,0,5,19,4,9,13,2,9,0,25,1978-11-08,220.0,United States,Wichita Collegiate School,,,,maurice evans,SG,193.68,,100.24,203.2,256.54,4.0,,,2001,2009,2009-10-01,30.9,1732,0.07,0.25,0.02,0.07,0.0,0.0,0.03,0.13,0.03,0.06,0.09,0.01,0.06,0.0,0.17,0.12
NBA,2009 - 2010,Playoffs,Eric Maynor,OKC,6,76.2,6,20,1,6,9,11,5,5,1,8,9,9,1,1,22,1987-06-11,175.0,United States,Hoke County High School,1.0,20.0,Utah Jazz,eric maynor,PG,188.6,191.14,74.21,189.23,246.38,5.4,,,2009,2009,2009-10-01,22.3,1733,0.08,0.26,0.01,0.08,0.12,0.14,0.07,0.07,0.01,0.1,0.12,0.12,0.01,0.01,0.29,0.28
NBA,2009 - 2010,Playoffs,Ronnie Price,UTA,10,89.6,7,24,2,7,4,8,2,20,5,5,10,14,4,1,20,1983-06-21,190.0,United States,Clear Brook High School,,,,ronnie price,PG,184.78,188.6,83.82,196.85,245.11,,,,2005,2009,2009-10-01,26.3,1734,0.08,0.27,0.02,0.08,0.04,0.09,0.02,0.22,0.06,0.06,0.11,0.16,0.04,0.01,0.22,0.28
NBA,2009 - 2010,Playoffs,Nick Collison,OKC,6,128.7,8,24,0,1,3,7,4,20,12,16,28,2,5,1,19,1980-10-26,255.0,United States,Iowa Falls High School,1.0,12.0,Seattle SuperSonics,nick collison,PF,205.1,,115.67,217.17,274.32,17.0,,,2003,2009,2009-10-01,28.9,1735,0.06,0.19,0.0,0.01,0.02,0.05,0.03,0.16,0.09,0.12,0.22,0.02,0.04,0.01,0.15,0.25
NBA,2009 - 2010,Playoffs,Luke Walton,LAL,16,96.2,7,23,2,9,2,4,4,13,0,8,8,14,1,2,18,1980-03-28,235.0,United States,University of San Diego High School,2.0,3.0,Los Angeles Lakers,luke walton,SF/PF,202.56,,106.59,204.47,264.16,9.3,,,2003,2009,2009-10-01,29.5,1736,0.07,0.24,0.02,0.09,0.02,0.04,0.04,0.14,0.0,0.08,0.08,0.15,0.01,0.02,0.19,0.22
NBA,2009 - 2010,Playoffs,D.J. Augustin,CHA,4,72.7,5,17,2,6,5,6,4,4,1,3,4,7,1,1,17,1987-11-10,183.0,United States,Hightower High School,1.0,9.0,Charlotte Hornets,dj augustin,PG,177.8,181.61,77.79,191.77,240.03,8.1,,,2008,2009,2009-10-01,21.9,1737,0.07,0.23,0.03,0.08,0.07,0.08,0.06,0.06,0.01,0.04,0.06,0.1,0.01,0.01,0.23,0.18
NBA,2009 - 2010,Playoffs,Jarron Collins,PHX,11,115.3,5,15,0,0,2,2,3,22,9,8,17,0,1,1,12,1978-12-02,248.0,United States,Harvard-Westlake School,2.0,24.0,Utah Jazz,jarron collins,C/PF,206.38,,114.31,220.98,264.16,15.2,,,2001,2009,2009-10-01,30.8,1738,0.04,0.13,0.0,0.0,0.02,0.02,0.03,0.19,0.08,0.07,0.15,0.0,0.01,0.01,0.1,0.15
NBA,2010 - 2011,Playoffs,Dwyane Wade,MIA,21,827.8,181,373,14,52,139,179,64,53,43,107,150,92,34,28,515,1982-01-17,220.0,United States,Harold L. Richards High School,1.0,5.0,Miami Heat,dwyane wade,SG/SF,192.4,,96.16,210.18,259.08,6.7,,,2003,2010,2010-10-01,28.7,2000,0.22,0.45,0.02,0.06,0.17,0.22,0.08,0.06,0.05,0.13,0.18,0.11,0.04,0.03,0.62,0.62
NBA,2010 - 2011,Playoffs,LeBron James,MIA,21,921.6,174,373,30,85,119,156,66,56,34,142,176,123,35,26,497,1984-12-30,250.0,United States,St. Vincent St. Mary High School,1.0,1.0,Cleveland Cavaliers,lebron james,SF/SG,201.3,,111.13,214.0,269.88,6.7,,,2003,2010,2010-10-01,25.8,2001,0.19,0.4,0.03,0.09,0.13,0.17,0.07,0.06,0.04,0.15,0.19,0.13,0.04,0.03,0.54,0.61
NBA,2010 - 2011,Playoffs,Kevin Durant,OKC,17,722.2,155,345,37,109,140,167,42,52,18,121,139,48,16,19,487,1988-09-29,240.0,United States,Montrose Christian School,1.0,2.0,Seattle SuperSonics,kevin durant,SF/PF,205.74,208.92,97.52,225.42,279.4,6.6,,,2007,2010,2010-10-01,22.0,2002,0.21,0.48,0.05,0.15,0.19,0.23,0.06,0.07,0.02,0.17,0.19,0.07,0.02,0.03,0.67,0.61
NBA,2010 - 2011,Playoffs,Derrick Rose,CHI,16,649.5,149,376,25,101,111,134,59,33,20,49,69,123,22,11,434,1988-10-04,200.0,United States,Simeon Career Academy ,1.0,1.0,Chicago Bulls,derrick rose,PG,186.69,189.23,88.9,203.2,250.19,4.6,,,2008,2010,2010-10-01,22.0,2003,0.23,0.58,0.04,0.16,0.17,0.21,0.09,0.05,0.03,0.08,0.11,0.19,0.03,0.02,0.67,0.54
NBA,2010 - 2011,Playoffs,Russell Westbrook,OKC,17,638.2,135,343,14,48,121,142,78,56,36,55,91,108,24,6,405,1988-11-12,200.0,United States,Leuzinger High School,1.0,4.0,Seattle SuperSonics,russell westbrook,PG,188.6,191.77,87.09,202.56,254.0,4.8,,,2008,2010,2010-10-01,21.9,2004,0.21,0.54,0.02,0.08,0.19,0.22,0.12,0.09,0.06,0.09,0.14,0.17,0.04,0.01,0.63,0.51
NBA,2010 - 2011,Playoffs,Chris Bosh,MIA,21,834.2,138,291,0,4,114,140,40,48,47,131,178,23,15,19,390,1984-03-24,235.0,United States,Lincoln High School,1.0,4.0,Toronto Raptors,chris bosh,PF,208.92,,102.06,222.25,276.86,8.0,,,2003,2010,2010-10-01,26.5,2005,0.17,0.35,0.0,0.0,0.14,0.17,0.05,0.06,0.06,0.16,0.21,0.03,0.02,0.02,0.47,0.49
NBA,2010 - 2011,Playoffs,Luol Deng,CHI,16,686.9,98,230,22,68,52,62,26,40,27,79,106,43,24,10,270,1985-04-16,220.0,England / South Sudan,Blair Academy,1.0,7.0,Phoenix Suns,luol deng,SF,200.66,203.2,99.79,214.63,275.59,6.7,,,2004,2010,2010-10-01,25.5,2006,0.14,0.33,0.03,0.1,0.08,0.09,0.04,0.06,0.04,0.12,0.15,0.06,0.03,0.01,0.39,0.4
NBA,2010 - 2011,Playoffs,Joe Johnson,ATL,12,496.6,87,198,18,42,34,42,31,19,18,37,55,40,13,1,226,1981-06-29,240.0,United States,Little Rock Central High School,1.0,10.0,Boston Celtics,joe johnson,SF/SG,200.02,,102.51,205.74,266.7,6.7,,,2001,2010,2010-10-01,29.3,2007,0.18,0.4,0.04,0.08,0.07,0.08,0.06,0.04,0.04,0.07,0.11,0.08,0.03,0.0,0.46,0.39
NBA,2010 - 2011,Playoffs,James Harden,OKC,17,536.8,66,139,23,76,66,80,28,48,10,81,91,61,21,13,221,1989-08-26,220.0,United States,Artesia High School,1.0,3.0,Oklahoma City Thunder,james harden,SG,193.04,196.22,100.7,210.18,262.89,10.1,,,2009,2010,2010-10-01,21.1,2008,0.12,0.26,0.04,0.14,0.12,0.15,0.05,0.09,0.02,0.15,0.17,0.11,0.04,0.02,0.41,0.53
NBA,2010 - 2011,Playoffs,Carlos Boozer,CHI,16,507.2,77,178,0,1,48,60,28,49,40,115,155,28,9,7,202,1981-11-20,266.0,Germany / United States,Juneau-Douglas High School,2.0,6.0,Cleveland Cavaliers,carlos boozer,PF,202.56,,117.03,219.08,275.59,,,,2002,2010,2010-10-01,28.9,2009,0.15,0.35,0.0,0.0,0.09,0.12,0.06,0.1,0.08,0.23,0.31,0.06,0.02,0.01,0.4,0.51
NBA,2010 - 2011,Playoffs,Mike Conley,MEM,13,506.8,71,183,11,37,44,53,30,39,7,43,50,83,14,3,197,1987-10-11,175.0,United States,Lawrence North High School,1.0,4.0,Memphis Grizzlies,mike conley,PG,180.34,184.78,79.38,197.48,240.03,4.2,,,2007,2010,2010-10-01,23.0,2010,0.14,0.36,0.02,0.07,0.09,0.1,0.06,0.08,0.01,0.08,0.1,0.16,0.03,0.01,0.39,0.4
NBA,2010 - 2011,Playoffs,Jamal Crawford,ATL,12,358.0,61,155,21,60,42,51,16,17,1,15,16,30,9,4,185,1980-03-20,195.0,United States,Rainier Beach High School,1.0,8.0,Cleveland Cavaliers,jamal crawford,PG/SG,194.31,,79.38,208.28,260.35,,,,2000,2010,2010-10-01,30.5,2011,0.17,0.43,0.06,0.17,0.12,0.14,0.04,0.05,0.0,0.04,0.04,0.08,0.03,0.01,0.52,0.36
NBA,2010 - 2011,Playoffs,Josh Smith,ATL,12,438.0,69,171,3,24,40,67,26,39,18,84,102,35,13,25,181,1985-12-05,225.0,United States,Oak Hill Academy,1.0,17.0,Atlanta Hawks,josh smith,SG/SF,200.66,203.84,100.24,213.36,270.51,6.7,,,2004,2010,2010-10-01,24.8,2012,0.16,0.39,0.01,0.05,0.09,0.15,0.06,0.09,0.04,0.19,0.23,0.08,0.03,0.06,0.41,0.46
NBA,2010 - 2011,Playoffs,Tyson Chandler,DAL,21,679.8,57,98,0,0,53,78,14,77,79,114,193,8,13,19,167,1982-10-02,240.0,United States,Dominguez High School,1.0,2.0,Los Angeles Clippers,tyson chandler,SF/PF,212.09,,101.6,220.98,279.4,6.7,,,2001,2010,2010-10-01,28.0,2013,0.08,0.14,0.0,0.0,0.08,0.11,0.02,0.11,0.12,0.17,0.28,0.01,0.02,0.03,0.25,0.48
NBA,2010 - 2011,Playoffs,Dwight Howard,ORL,6,257.7,51,81,0,1,60,88,33,25,27,66,93,3,4,11,162,1985-12-08,265.0,United States,Southwest Atlanta Christian Academy,1.0,1.0,Orlando Magic,dwight howard,PF/C,205.74,208.92,108.86,224.79,283.21,10.5,,,2004,2010,2010-10-01,24.8,2014,0.2,0.31,0.0,0.0,0.23,0.34,0.13,0.1,0.1,0.26,0.36,0.01,0.02,0.04,0.63,0.71
NBA,2010 - 2011,Playoffs,O.J. Mayo,MEM,13,362.2,52,134,20,49,23,29,17,42,10,31,41,31,11,4,147,1987-11-05,210.0,United States,Huntington High School,1.0,3.0,Minnesota Timberwolves,oj mayo,SG/PG,191.14,193.68,90.72,198.12,252.73,6.3,,,2008,2010,2010-10-01,22.9,2015,0.14,0.37,0.06,0.14,0.06,0.08,0.05,0.12,0.03,0.09,0.11,0.09,0.03,0.01,0.41,0.35
NBA,2010 - 2011,Playoffs,Joakim Noah,CHI,16,529.5,51,124,0,0,37,51,19,63,68,95,163,40,16,33,139,1985-02-25,230.0,France / United States,Lawrenceville School,1.0,9.0,Chicago Bulls,joakim noah,PF,208.28,213.36,101.15,216.54,270.51,4.8,,,2007,2010,2010-10-01,25.6,2016,0.1,0.23,0.0,0.0,0.07,0.1,0.04,0.12,0.13,0.18,0.31,0.08,0.03,0.06,0.26,0.54
NBA,2010 - 2011,Playoffs,Al Horford,ATL,12,467.9,58,137,0,2,20,26,17,33,25,90,115,42,5,12,136,1986-06-03,245.0,Dominican Republic / United States,Grand Ledge High School,1.0,3.0,Atlanta Hawks,al horford,PF,203.2,207.64,111.58,215.26,271.78,9.1,,,2007,2010,2010-10-01,24.3,2017,0.12,0.29,0.0,0.0,0.04,0.06,0.04,0.07,0.05,0.19,0.25,0.09,0.01,0.03,0.29,0.44
NBA,2010 - 2011,Playoffs,Chris Paul,NOP,6,250.1,42,77,9,19,39,49,22,11,3,37,40,69,11,0,132,1985-05-06,175.0,United States,West Forsyth High School,1.0,4.0,New Orleans Pelicans,chris paul,PG,182.24,185.42,80.74,193.68,236.22,,,,2005,2010,2010-10-01,25.4,2018,0.17,0.31,0.04,0.08,0.16,0.2,0.09,0.04,0.01,0.15,0.16,0.28,0.04,0.0,0.53,0.74
NBA,2010 - 2011,Playoffs,LaMarcus Aldridge,POR,6,258.0,53,115,0,0,19,24,9,19,16,29,45,8,8,10,125,1985-07-19,265.0,United States,Seagoville High School,1.0,2.0,Chicago Bulls,lamarcus aldridge,PF/C,208.28,211.46,106.14,225.42,279.4,8.7,,,2006,2010,2010-10-01,25.2,2019,0.21,0.45,0.0,0.0,0.07,0.09,0.03,0.07,0.06,0.11,0.17,0.03,0.03,0.04,0.48,0.46
NBA,2010 - 2011,Playoffs,Nick Collison,OKC,17,413.0,48,76,0,0,18,23,13,63,47,51,98,15,15,15,114,1980-10-26,255.0,United States,Iowa Falls High School,1.0,12.0,Seattle SuperSonics,nick collison,PF,205.1,,115.67,217.17,274.32,17.0,,,2003,2010,2010-10-01,29.9,2020,0.12,0.18,0.0,0.0,0.04,0.06,0.03,0.15,0.11,0.12,0.24,0.04,0.04,0.04,0.28,0.53
NBA,2010 - 2011,Playoffs,Tony Allen,MEM,13,350.0,43,101,1,7,27,41,24,43,15,23,38,20,25,5,114,1982-01-11,213.0,United States,Crane High School,1.0,25.0,Boston Celtics,tony allen,SG,191.77,193.68,97.07,205.74,259.08,6.7,,,2004,2010,2010-10-01,28.7,2021,0.12,0.29,0.0,0.02,0.08,0.12,0.07,0.12,0.04,0.07,0.11,0.06,0.07,0.01,0.33,0.3
NBA,2010 - 2011,Playoffs,Danny Granger,IND,5,183.4,43,90,8,23,14,16,7,12,6,22,28,16,6,1,108,1983-04-20,222.0,United States,Grace King High School ,1.0,17.0,Indiana Pacers,danny granger,,201.93,204.47,102.24,217.17,261.62,,,,2005,2010,2010-10-01,27.4,2022,0.23,0.49,0.04,0.13,0.08,0.09,0.04,0.07,0.03,0.12,0.15,0.09,0.03,0.01,0.59,0.56
NBA,2010 - 2011,Playoffs,Kyle Korver,CHI,16,275.6,38,98,22,52,7,7,16,35,1,18,19,17,8,3,105,1981-03-17,212.0,United States,Pella High School,2.0,22.0,New Jersey Nets,kyle korver,SF,198.76,,95.71,207.01,260.35,6.7,,,2003,2010,2010-10-01,29.5,2023,0.14,0.36,0.08,0.19,0.03,0.03,0.06,0.13,0.0,0.07,0.07,0.06,0.03,0.01,0.38,0.27
NBA,2010 - 2011,Playoffs,Carmelo Anthony,NYK,4,155.5,33,88,9,26,29,34,13,16,13,28,41,19,5,3,104,1984-05-29,240.0,United States,Oak Hill Academy,1.0,3.0,Denver Nuggets,carmelo anthony,SF,198.76,,105.69,213.36,267.97,8.0,,,2003,2010,2010-10-01,26.3,2024,0.21,0.57,0.06,0.17,0.19,0.22,0.08,0.1,0.08,0.18,0.26,0.12,0.03,0.02,0.67,0.63
NBA,2010 - 2011,Playoffs,Sam Young,MEM,13,255.9,43,96,3,12,9,15,8,18,7,23,30,2,6,3,98,1985-06-01,225.0,United States / Lebanon,Hargrave Military Academy ,2.0,6.0,Memphis Grizzlies,sam young,SF/SG,196.22,200.02,101.06,210.18,267.97,4.9,,,2009,2010,2010-10-01,25.3,2025,0.17,0.38,0.01,0.05,0.04,0.06,0.03,0.07,0.03,0.09,0.12,0.01,0.02,0.01,0.38,0.28
NBA,2010 - 2011,Playoffs,Taj Gibson,CHI,16,283.7,43,76,0,1,9,15,14,32,26,40,66,9,5,22,95,1985-06-24,232.0,United States,Calvary Christian High School,1.0,26.0,Chicago Bulls,taj gibson,PF,204.47,207.64,97.25,223.52,276.86,6.6,,,2009,2010,2010-10-01,25.3,2026,0.15,0.27,0.0,0.0,0.03,0.05,0.05,0.11,0.09,0.14,0.23,0.03,0.02,0.08,0.33,0.5
NBA,2010 - 2011,Playoffs,Carl Landry,NOP,6,212.7,31,68,0,0,33,36,12,25,11,19,30,6,4,3,95,1983-09-19,248.0,United States,Vincent High School,2.0,1.0,Seattle SuperSonics,carl landry,PF,200.66,204.47,112.49,210.82,260.35,7.5,,,2007,2010,2010-10-01,27.0,2027,0.15,0.32,0.0,0.0,0.16,0.17,0.06,0.12,0.05,0.09,0.14,0.03,0.02,0.01,0.45,0.41
NBA,2010 - 2011,Playoffs,Jeff Teague,ATL,8,238.1,37,72,1,7,19,23,8,10,0,17,17,28,6,3,94,1988-06-10,195.0,United States,Pike High School,1.0,19.0,Atlanta Hawks,jeff teague,PG,183.52,186.69,79.47,201.93,250.19,4.5,,,2009,2010,2010-10-01,22.3,2028,0.16,0.3,0.0,0.03,0.08,0.1,0.03,0.04,0.0,0.07,0.07,0.12,0.03,0.01,0.39,0.43
NBA,2010 - 2011,Playoffs,Trevor Ariza,NOP,6,241.0,35,85,7,21,16,22,7,16,7,32,39,20,8,3,93,1985-06-30,215.0,United States,Westchester High School,2.0,14.0,New York Knicks,trevor ariza,SG/SF,200.66,203.84,91.17,218.44,273.05,8.0,,,2004,2010,2010-10-01,25.3,2029,0.15,0.35,0.03,0.09,0.07,0.09,0.03,0.07,0.03,0.13,0.16,0.08,0.03,0.01,0.39,0.42
NBA,2010 - 2011,Playoffs,Darrell Arthur,MEM,13,200.8,39,85,1,1,13,17,12,30,14,15,29,7,7,12,92,1988-03-25,235.0,United States,South Oak Cliff High School,1.0,27.0,New Orleans Pelicans,darrell arthur,PF,201.93,204.47,97.98,210.18,271.78,7.3,,,2008,2010,2010-10-01,22.5,2030,0.19,0.42,0.0,0.0,0.06,0.08,0.06,0.15,0.07,0.07,0.14,0.03,0.03,0.06,0.46,0.41
NBA,2010 - 2011,Playoffs,Eric Maynor,OKC,17,220.2,29,77,9,25,15,19,16,16,5,17,22,37,9,0,82,1987-06-11,175.0,United States,Hoke County High School,1.0,20.0,Utah Jazz,eric maynor,PG,188.6,191.14,74.21,189.23,246.38,5.4,,,2009,2010,2010-10-01,23.3,2031,0.13,0.35,0.04,0.11,0.07,0.09,0.07,0.07,0.02,0.08,0.1,0.17,0.04,0.0,0.37,0.37
NBA,2010 - 2011,Playoffs,Keith Bogans,CHI,16,307.2,28,69,25,59,1,4,7,26,4,16,20,12,10,3,82,1980-05-12,215.0,United States,DeMatha Catholic High School,2.0,14.0,Milwaukee Bucks,keith bogans,SG,193.68,,96.62,206.38,256.54,8.0,,,2003,2010,2010-10-01,30.4,2032,0.09,0.22,0.08,0.19,0.0,0.01,0.02,0.08,0.01,0.05,0.07,0.04,0.03,0.01,0.27,0.26
NBA,2010 - 2011,Playoffs,Jameer Nelson,ORL,6,216.4,31,82,6,26,11,14,8,14,7,18,25,30,12,0,79,1982-02-09,190.0,United States,Chester High School,1.0,20.0,Denver Nuggets,jameer nelson,PG,180.34,184.15,90.26,189.23,241.3,8.0,,,2004,2010,2010-10-01,28.6,2033,0.14,0.38,0.03,0.12,0.05,0.06,0.04,0.06,0.03,0.08,0.12,0.14,0.06,0.0,0.37,0.4
NBA,2010 - 2011,Playoffs,Ty Lawson,DEN,5,166.8,26,52,5,11,21,23,6,9,7,10,17,19,5,1,78,1987-11-03,195.0,United States,Oak Hill Academy,1.0,18.0,Minnesota Timberwolves,ty lawson,PG,180.98,184.15,89.18,184.78,240.03,6.6,,,2009,2010,2010-10-01,22.9,2034,0.16,0.31,0.03,0.07,0.13,0.14,0.04,0.05,0.04,0.06,0.1,0.11,0.03,0.01,0.47,0.52
NBA,2010 - 2011,Playoffs,James Jones,MIA,12,271.9,24,51,17,37,13,13,4,24,3,27,30,2,6,2,78,1980-10-04,218.0,United States,American High School,2.0,20.0,Indiana Pacers,james jones,SF,201.3,,98.88,219.71,273.05,6.7,,,2003,2010,2010-10-01,30.0,2035,0.09,0.19,0.06,0.14,0.05,0.05,0.01,0.09,0.01,0.1,0.11,0.01,0.02,0.01,0.29,0.33
NBA,2010 - 2011,Playoffs,Shane Battier,MEM,13,339.3,29,66,8,29,6,9,6,27,17,35,52,15,7,6,72,1978-09-09,220.0,United States,Detroit Country Day School,1.0,6.0,Vancouver Grizzlies,shane battier,SF/PF,203.84,,103.87,209.55,266.7,9.3,,,2001,2010,2010-10-01,32.1,2036,0.09,0.19,0.02,0.09,0.02,0.03,0.02,0.08,0.05,0.1,0.15,0.04,0.02,0.02,0.21,0.31
NBA,2010 - 2011,Playoffs,Jrue Holiday,PHI,5,188.0,24,58,11,21,12,15,11,10,3,16,19,28,10,2,71,1990-06-12,205.0,United States,Campbell Hall School,1.0,17.0,Philadelphia Sixers,jrue holiday,PG/SG,191.14,193.68,90.26,200.66,255.27,6.3,,,2009,2010,2010-10-01,20.3,2037,0.13,0.31,0.06,0.11,0.06,0.08,0.06,0.05,0.02,0.09,0.1,0.15,0.05,0.01,0.38,0.43
NBA,2010 - 2011,Playoffs,George Hill,SAS,6,189.3,20,50,4,15,26,30,8,15,5,25,30,14,9,2,70,1986-05-04,188.0,United States,Broad Ripple High School,1.0,26.0,San Antonio Spurs,george hill,PG,186.06,189.23,82.1,205.74,247.65,3.0,,,2008,2010,2010-10-01,24.4,2038,0.11,0.26,0.02,0.08,0.14,0.16,0.04,0.08,0.03,0.13,0.16,0.07,0.05,0.01,0.37,0.45
NBA,2010 - 2011,Playoffs,Jeff Green,BOS,9,172.6,23,53,7,16,13,18,12,20,6,18,24,2,5,4,66,1986-08-28,235.0,United States,Northwestern High School,1.0,5.0,Boston Celtics,jeff green,SF,200.66,207.01,103.42,216.54,261.62,3.7,,,2007,2010,2010-10-01,24.1,2039,0.13,0.31,0.04,0.09,0.08,0.1,0.07,0.12,0.03,0.1,0.14,0.01,0.03,0.02,0.38,0.31
NBA,2010 - 2011,Playoffs,Ronnie Brewer,CHI,16,260.4,24,50,3,7,13,17,4,14,7,27,34,15,12,6,64,1985-03-20,235.0,United States,Fayetteville High School ,1.0,14.0,Utah Jazz,ronnie brewer,SG/PG,197.48,200.02,101.15,211.46,262.89,5.0,,,2006,2010,2010-10-01,25.5,2040,0.09,0.19,0.01,0.03,0.05,0.07,0.02,0.05,0.03,0.1,0.13,0.06,0.05,0.02,0.25,0.37
NBA,2010 - 2011,Playoffs,Daequan Cook,OKC,17,195.2,22,56,16,46,4,4,7,17,1,26,27,1,3,0,64,1987-04-28,205.0,United States,Dunbar High School ,1.0,21.0,Philadelphia Sixers,daequan cook,SG,190.5,197.48,92.08,203.84,257.81,7.0,,,2007,2010,2010-10-01,23.4,2041,0.11,0.29,0.08,0.24,0.02,0.02,0.04,0.09,0.01,0.13,0.14,0.01,0.02,0.0,0.33,0.28
NBA,2010 - 2011,Playoffs,Udonis Haslem,MIA,12,290.0,27,68,0,0,9,10,11,31,13,41,54,9,6,4,63,1980-06-09,235.0,United States,Miami High School,,,,udonis haslem,PF,202.56,,113.4,210.82,271.78,,,,2002,2010,2010-10-01,30.3,2042,0.09,0.23,0.0,0.0,0.03,0.03,0.04,0.11,0.04,0.14,0.19,0.03,0.02,0.01,0.22,0.29
NBA,2010 - 2011,Playoffs,Kirk Hinrich,ATL,6,173.3,26,52,8,19,1,1,4,21,1,13,14,16,7,2,61,1981-01-02,190.0,United States,West High School ,1.0,7.0,Chicago Bulls,kirk hinrich,PG/SG,189.86,,84.37,198.12,250.19,5.3,,,2003,2010,2010-10-01,29.7,2043,0.15,0.3,0.05,0.11,0.01,0.01,0.02,0.12,0.01,0.08,0.08,0.09,0.04,0.01,0.35,0.4
NBA,2010 - 2011,Playoffs,Delonte West,BOS,9,170.1,22,47,7,19,8,10,12,16,4,13,17,12,5,0,59,1983-07-26,180.0,United States,Eleanor Roosevelt High School,1.0,24.0,Boston Celtics,delonte west,PG/SG,186.69,189.86,83.01,198.12,252.73,6.7,,,2004,2010,2010-10-01,27.2,2044,0.13,0.28,0.04,0.11,0.05,0.06,0.07,0.09,0.02,0.08,0.1,0.07,0.03,0.0,0.35,0.32
NBA,2010 - 2011,Playoffs,Raymond Felton,DEN,5,151.8,18,50,4,16,18,24,10,10,0,9,9,21,6,0,58,1984-06-26,205.0,United States,Latta High School,1.0,5.0,Charlotte Hornets,raymond felton,PG,181.61,183.52,90.45,193.68,248.92,,,,2005,2010,2010-10-01,26.3,2045,0.12,0.33,0.03,0.11,0.12,0.16,0.07,0.07,0.0,0.06,0.06,0.14,0.04,0.0,0.38,0.3
NBA,2010 - 2011,Playoffs,Amar'e Stoudemire,NYK,4,133.5,21,55,0,0,16,24,12,10,11,20,31,7,1,3,58,1982-11-16,245.0,United States,Cypress Creek High School,1.0,9.0,Phoenix Suns,amare stoudemire,PF,204.47,,105.69,217.8,275.59,,,,2002,2010,2010-10-01,27.9,2046,0.16,0.41,0.0,0.0,0.12,0.18,0.09,0.07,0.08,0.15,0.23,0.05,0.01,0.02,0.43,0.34
NBA,2010 - 2011,Playoffs,Andre Iguodala,PHI,5,181.9,22,52,3,14,10,14,14,16,7,28,35,34,5,2,57,1984-01-28,215.0,United States,Lanphier High School,1.0,9.0,Philadelphia Sixers,andre iguodala,SG/SF,197.48,200.02,98.43,210.82,267.97,6.7,,,2004,2010,2010-10-01,26.7,2047,0.12,0.29,0.02,0.08,0.05,0.08,0.08,0.09,0.04,0.15,0.19,0.19,0.03,0.01,0.31,0.45
NBA,2010 - 2011,Playoffs,Marvin Williams,ATL,12,216.0,22,56,3,11,10,13,12,18,10,17,27,6,9,7,57,1986-06-19,237.0,United States,Bremerton High School,1.0,2.0,Atlanta Hawks,marvin williams,PF/SF,200.66,203.84,103.51,222.25,274.32,,,,2005,2010,2010-10-01,24.3,2048,0.1,0.26,0.01,0.05,0.05,0.06,0.06,0.08,0.05,0.08,0.12,0.03,0.04,0.03,0.26,0.25
NBA,2010 - 2011,Playoffs,Thaddeus Young,PHI,5,126.8,25,60,0,1,7,12,7,13,17,12,29,4,4,1,57,1988-06-21,221.0,United States,Mitchell High School,1.0,12.0,Philadelphia Sixers,thaddeus young,SF,197.48,201.93,95.25,212.09,269.24,4.9,,,2007,2010,2010-10-01,22.3,2049,0.2,0.47,0.0,0.01,0.06,0.09,0.06,0.1,0.13,0.09,0.23,0.03,0.03,0.01,0.45,0.39
NBA,2010 - 2011,Playoffs,Brendan Haywood,DAL,18,274.6,18,31,0,0,20,43,13,48,34,39,73,4,2,18,56,1979-11-27,263.0,United States,James B. Dudley High School,1.0,20.0,Cleveland Cavaliers,brendan haywood,C,212.72,,120.66,229.87,288.29,12.9,,,2001,2010,2010-10-01,30.8,2050,0.07,0.11,0.0,0.0,0.07,0.16,0.05,0.17,0.12,0.14,0.27,0.01,0.01,0.07,0.2,0.38
NBA,2010 - 2011,Playoffs,Greivis Vasquez,MEM,13,141.5,21,41,4,11,10,13,9,11,3,16,19,25,5,2,56,1987-01-16,217.0,Venezuela,Montrose Christian School,1.0,28.0,Memphis Grizzlies,greivis vasquez,PG/SG,195.58,199.39,95.62,200.66,256.54,8.6,19.68,23.5,2010,2010,2010-10-01,23.7,2051,0.15,0.29,0.03,0.08,0.07,0.09,0.06,0.08,0.02,0.11,0.13,0.18,0.04,0.01,0.4,0.54
NBA,2010 - 2011,Playoffs,Brandon Roy,POR,6,137.8,22,44,4,14,8,13,4,13,2,11,13,17,1,0,56,1984-07-23,211.0,United States,Garfield High School,1.0,6.0,Minnesota Timberwolves,brandon roy,SG/SF,196.22,198.76,93.89,203.2,256.54,7.6,,,2006,2010,2010-10-01,26.2,2052,0.16,0.32,0.03,0.1,0.06,0.09,0.03,0.09,0.01,0.08,0.09,0.12,0.01,0.0,0.41,0.41
NBA,2010 - 2011,Playoffs,Tyler Hansbrough,IND,5,164.1,20,60,0,0,16,18,9,13,13,14,27,5,6,0,56,1985-11-03,250.0,United States,Poplar Bluff High School,1.0,13.0,Indiana Pacers,tyler hansbrough,PF,203.84,207.01,106.23,212.09,269.24,8.5,,,2009,2010,2010-10-01,24.9,2053,0.12,0.37,0.0,0.0,0.1,0.11,0.05,0.08,0.08,0.09,0.16,0.03,0.04,0.0,0.34,0.26
NBA,2010 - 2011,Playoffs,C.J. Watson,CHI,16,136.3,19,56,3,15,10,11,17,15,2,12,14,31,8,0,51,1984-04-17,175.0,United States,Bishop Gorman High School,,,,cj watson,PG,184.15,187.32,77.56,198.12,243.84,5.2,,,2006,2010,2010-10-01,26.5,2054,0.14,0.41,0.02,0.11,0.07,0.08,0.12,0.11,0.01,0.09,0.1,0.23,0.06,0.0,0.37,0.36
NBA,2010 - 2011,Playoffs,Jason Richardson,ORL,5,153.3,17,51,8,25,8,8,3,16,5,15,20,6,3,2,50,1981-01-20,225.0,United States,Arthur Hill High School ,1.0,5.0,Golden State Warriors,jason richardson,SF/SG,194.94,,96.62,212.09,260.35,5.3,,,2001,2010,2010-10-01,29.7,2055,0.11,0.33,0.05,0.16,0.05,0.05,0.02,0.1,0.03,0.1,0.13,0.04,0.02,0.01,0.33,0.29
NBA,2010 - 2011,Playoffs,J.R. Smith,DEN,5,76.5,16,45,9,21,8,11,8,8,1,9,10,5,2,0,49,1985-09-09,225.0,United States,Saint Benedict's Preparatory School,1.0,18.0,New Orleans Pelicans,jr smith,SG/SF,196.85,200.02,102.97,208.28,264.16,6.7,,,2004,2010,2010-10-01,25.1,2056,0.21,0.59,0.12,0.27,0.1,0.14,0.1,0.1,0.01,0.12,0.13,0.07,0.03,0.0,0.64,0.35
NBA,2010 - 2011,Playoffs,Darren Collison,IND,5,145.8,18,46,4,6,7,11,9,7,4,9,13,20,5,2,47,1987-08-23,175.0,United States,Etiwanda High School,1.0,21.0,New Orleans Pelicans,darren collison,PG,183.52,186.69,75.39,190.5,245.11,5.7,,,2009,2010,2010-10-01,23.1,2057,0.12,0.32,0.03,0.04,0.05,0.08,0.06,0.05,0.03,0.06,0.09,0.14,0.03,0.01,0.32,0.3
NBA,2010 - 2011,Playoffs,Brandon Bass,ORL,6,139.2,16,38,0,0,12,13,7,7,12,13,25,2,3,5,44,1985-04-30,250.0,United States,Capitol High School,2.0,3.0,New Orleans Pelicans,brandon bass,PF,198.76,201.3,111.58,219.71,270.51,9.3,,,2004,2010,2010-10-01,25.4,2058,0.11,0.27,0.0,0.0,0.09,0.09,0.05,0.05,0.09,0.09,0.18,0.01,0.02,0.04,0.32,0.36
NBA,2010 - 2011,Playoffs,Emeka Okafor,NOP,6,187.7,20,31,0,0,4,11,12,28,17,16,33,0,6,6,44,1982-09-28,255.0,United States,Bellaire High School,1.0,2.0,Charlotte Hornets,emeka okafor,C/PF,205.1,208.28,116.57,223.52,280.67,5.3,,,2004,2010,2010-10-01,28.0,2059,0.11,0.17,0.0,0.0,0.02,0.06,0.06,0.15,0.09,0.09,0.18,0.0,0.03,0.03,0.23,0.31
NBA,2010 - 2011,Playoffs,Gilbert Arenas,ORL,5,81.0,18,42,3,12,4,6,6,14,4,10,14,12,1,1,43,1982-01-06,191.0,United States,Grant High School,2.0,2.0,Golden State Warriors,gilbert arenas,SG,188.6,,90.26,207.01,252.73,5.3,,,2001,2010,2010-10-01,28.7,2060,0.22,0.52,0.04,0.15,0.05,0.07,0.07,0.17,0.05,0.12,0.17,0.15,0.01,0.01,0.53,0.48
NBA,2010 - 2011,Playoffs,Toney Douglas,NYK,4,112.1,15,41,7,18,6,6,4,12,2,11,13,9,2,0,43,1986-03-16,195.0,United States,Jonesboro High School,1.0,29.0,Los Angeles Lakers,toney douglas,PG,185.42,187.96,83.19,198.12,247.65,5.2,,,2009,2010,2010-10-01,24.5,2061,0.13,0.37,0.06,0.16,0.05,0.05,0.04,0.11,0.02,0.1,0.12,0.08,0.02,0.0,0.38,0.32
NBA,2010 - 2011,Playoffs,A.J. Price,IND,5,80.0,13,35,7,16,9,10,7,5,2,5,7,6,3,0,42,1986-10-07,195.0,United States,Amityville Memorial High School,2.0,22.0,Indiana Pacers,aj price,PG,184.15,187.96,87.45,192.4,246.38,12.4,,,2009,2010,2010-10-01,24.0,2062,0.16,0.44,0.09,0.2,0.11,0.12,0.09,0.06,0.02,0.06,0.09,0.08,0.04,0.0,0.52,0.35
NBA,2010 - 2011,Playoffs,Evan Turner,PHI,5,96.9,17,38,4,5,2,2,0,9,4,19,23,4,3,1,40,1988-10-27,220.0,United States,St. Joseph High School,1.0,2.0,Philadelphia Sixers,evan turner,SG,197.48,200.66,96.98,203.2,262.89,8.6,22.22,24.13,2010,2010,2010-10-01,21.9,2063,0.18,0.39,0.04,0.05,0.02,0.02,0.0,0.09,0.04,0.2,0.24,0.04,0.03,0.01,0.41,0.52
NBA,2010 - 2011,Playoffs,J.J. Redick,ORL,6,120.2,15,42,1,15,9,12,7,8,0,11,11,6,1,1,40,1984-06-24,200.0,United States,Cave Spring High School,1.0,11.0,Orlando Magic,jj redick,SG,193.04,194.94,86.18,191.14,247.65,7.0,,,2006,2010,2010-10-01,26.3,2064,0.12,0.35,0.01,0.12,0.07,0.1,0.06,0.07,0.0,0.09,0.09,0.05,0.01,0.01,0.33,0.17
NBA,2010 - 2011,Playoffs,Richard Jefferson,SAS,6,176.3,12,31,6,17,9,11,6,13,2,23,25,5,3,3,39,1980-06-21,233.0,United States,Moon Valley High School,1.0,13.0,Houston Rockets,richard jefferson,SF,201.3,,101.15,213.36,261.62,6.7,,,2001,2010,2010-10-01,30.3,2065,0.07,0.18,0.03,0.1,0.05,0.06,0.03,0.07,0.01,0.13,0.14,0.03,0.02,0.02,0.22,0.28
NBA,2010 - 2011,Playoffs,Jodie Meeks,PHI,5,124.7,13,31,8,18,5,6,2,6,2,8,10,4,3,0,39,1987-08-21,210.0,United States,Norcross High School,2.0,11.0,Milwaukee Bucks,jodie meeks,SG,190.5,193.04,95.89,194.31,248.92,8.0,,,2009,2010,2010-10-01,23.1,2066,0.1,0.25,0.06,0.14,0.04,0.05,0.02,0.05,0.02,0.06,0.08,0.03,0.02,0.0,0.31,0.26
NBA,2010 - 2011,Playoffs,Matt Bonner,SAS,6,122.5,12,25,6,18,8,10,1,18,7,12,19,2,1,1,38,1980-04-05,235.0,United States,Concord High School,2.0,16.0,Chicago Bulls,matt bonner,PF/SF,204.47,,109.77,205.1,267.97,13.6,,,2003,2010,2010-10-01,30.5,2067,0.1,0.2,0.05,0.15,0.07,0.08,0.01,0.15,0.06,0.1,0.16,0.02,0.01,0.01,0.31,0.39
NBA,2010 - 2011,Playoffs,Matt Barnes,LAL,10,131.1,15,38,2,12,4,7,6,23,11,17,28,5,7,2,36,1980-03-09,226.0,United States,Del Campo High School,2.0,17.0,Memphis Grizzlies,matt barnes,SF,200.02,,102.51,205.74,245.11,,,,2002,2010,2010-10-01,30.6,2068,0.11,0.29,0.02,0.09,0.03,0.05,0.05,0.18,0.08,0.13,0.21,0.04,0.05,0.02,0.27,0.34
NBA,2010 - 2011,Playoffs,Jarrett Jack,NOP,6,111.3,12,34,0,5,11,16,8,4,1,14,15,13,1,1,35,1983-10-28,200.0,United States,Worcester Academy,1.0,22.0,Denver Nuggets,jarrett jack,PG,189.23,191.77,89.63,201.93,254.0,,,,2005,2010,2010-10-01,26.9,2069,0.11,0.31,0.0,0.04,0.1,0.14,0.07,0.04,0.01,0.13,0.13,0.12,0.01,0.01,0.31,0.27
NBA,2010 - 2011,Playoffs,Willie Green,NOP,6,83.5,14,36,2,9,4,7,3,14,1,4,5,4,2,0,34,1981-07-28,201.0,United States,Cooley High School,2.0,12.0,Seattle SuperSonics,willie green,SG/PG,189.23,,91.17,201.3,254.0,8.0,,,2003,2010,2010-10-01,29.2,2070,0.17,0.43,0.02,0.11,0.05,0.08,0.04,0.17,0.01,0.05,0.06,0.05,0.02,0.0,0.41,0.21
NBA,2010 - 2011,Playoffs,Shawne Williams,NYK,4,101.1,10,24,6,14,6,8,4,8,4,10,14,5,4,4,32,1986-02-16,230.0,United States,Laurinburg Institute,1.0,17.0,Indiana Pacers,shawne williams,SF/PF,201.3,205.1,102.97,220.98,264.16,8.0,,,2006,2010,2010-10-01,24.6,2071,0.1,0.24,0.06,0.14,0.06,0.08,0.04,0.08,0.04,0.1,0.14,0.05,0.04,0.04,0.32,0.39
NBA,2010 - 2011,Playoffs,Paul George,IND,5,132.8,10,33,3,13,7,8,7,11,5,20,25,5,7,10,30,1990-05-02,220.0,United States,Pete Knight High School,1.0,10.0,Indiana Pacers,paul george,SF,202.56,205.1,97.25,211.46,271.78,5.0,21.59,22.86,2010,2010,2010-10-01,20.4,2072,0.08,0.25,0.02,0.1,0.05,0.06,0.05,0.08,0.04,0.15,0.19,0.04,0.05,0.08,0.23,0.36
NBA,2010 - 2011,Playoffs,Spencer Hawes,PHI,5,98.0,12,33,0,1,2,4,2,11,5,14,19,9,0,2,26,1988-04-28,245.0,United States,Seattle Preparatory School,1.0,10.0,Sacramento Kings,spencer hawes,PF,208.28,215.26,110.68,214.63,279.4,13.0,,,2007,2010,2010-10-01,22.4,2073,0.12,0.34,0.0,0.01,0.02,0.04,0.02,0.11,0.05,0.14,0.19,0.09,0.0,0.02,0.27,0.31
NBA,2010 - 2011,Playoffs,Jared Jeffries,NYK,4,84.7,11,23,0,0,3,4,3,7,13,7,20,1,3,7,25,1981-11-25,240.0,United States,Bloomington High School North,1.0,11.0,Washington Wizards,jared jeffries,PF,208.28,,104.33,214.63,276.86,,,,2002,2010,2010-10-01,28.8,2074,0.13,0.27,0.0,0.0,0.04,0.05,0.04,0.08,0.15,0.08,0.24,0.01,0.04,0.08,0.3,0.48
NBA,2010 - 2011,Playoffs,Mike Dunleavy,IND,5,71.9,7,20,3,10,8,12,1,3,0,6,6,8,4,0,25,1980-09-15,230.0,United States,Jesuit High School,1.0,3.0,Golden State Warriors,mike dunleavy,SF,203.2,,104.33,205.74,269.24,,,,2002,2010,2010-10-01,30.0,2075,0.1,0.28,0.04,0.14,0.11,0.17,0.01,0.04,0.0,0.08,0.08,0.11,0.06,0.0,0.35,0.35
NBA,2010 - 2011,Playoffs,Josh McRoberts,IND,5,78.8,8,24,0,1,9,11,5,17,8,10,18,6,4,1,25,1987-02-28,240.0,United States,Carmel High School ,2.0,7.0,Portland Trail Blazers,josh mcroberts,PF,203.2,208.28,108.86,215.9,270.51,13.7,,,2007,2010,2010-10-01,23.6,2076,0.1,0.3,0.0,0.01,0.11,0.14,0.06,0.22,0.1,0.13,0.23,0.08,0.05,0.01,0.32,0.4
NBA,2010 - 2011,Playoffs,Ronny Turiaf,NYK,4,74.7,8,12,0,0,7,10,3,4,4,7,11,4,1,6,23,1983-01-13,241.0,France,National Institute of Physical Education,2.0,7.0,Los Angeles Lakers,ronny turiaf,PF,203.2,206.38,107.86,217.17,270.51,,,,2005,2010,2010-10-01,27.7,2077,0.11,0.16,0.0,0.0,0.09,0.13,0.04,0.05,0.05,0.09,0.15,0.05,0.01,0.08,0.31,0.47
NBA,2010 - 2011,Playoffs,Aaron Gray,NOP,6,86.8,9,13,0,0,3,8,5,13,3,18,21,2,2,2,21,1984-12-07,270.0,United States,Emmaus High School,2.0,19.0,Chicago Bulls,aaron gray,C,213.36,217.8,122.92,221.62,275.59,10.8,,,2007,2010,2010-10-01,25.8,2078,0.1,0.15,0.0,0.0,0.03,0.09,0.06,0.15,0.03,0.21,0.24,0.02,0.02,0.02,0.24,0.37
NBA,2010 - 2011,Playoffs,Jason Collins,ATL,12,158.2,9,14,0,0,3,8,5,31,6,11,17,1,5,3,21,1978-12-02,255.0,United States,Harvard-Westlake School,1.0,18.0,Houston Rockets,jason collins,PF/C,208.92,,113.85,224.79,279.4,12.9,,,2001,2010,2010-10-01,31.8,2079,0.06,0.09,0.0,0.0,0.02,0.05,0.03,0.2,0.04,0.07,0.11,0.01,0.03,0.02,0.13,0.21
NBA,2010 - 2011,Playoffs,Rudy Fernandez,POR,6,80.9,4,18,3,10,6,9,2,7,2,10,12,5,2,1,17,1985-04-04,185.0,Spain,,1.0,24.0,Phoenix Suns,rudy fernandez,SG,194.94,198.12,78.02,201.93,257.81,,,,2005,2010,2010-10-01,25.5,2080,0.05,0.22,0.04,0.12,0.07,0.11,0.02,0.09,0.02,0.12,0.15,0.06,0.02,0.01,0.21,0.22
NBA,2011 - 2012,Playoffs,LeBron James,MIA,23,983.2,251,502,22,85,173,234,81,47,54,170,224,129,43,16,697,1984-12-30,250.0,United States,St. Vincent St. Mary High School,1.0,1.0,Cleveland Cavaliers,lebron james,SF/SG,201.3,,111.13,214.0,269.88,6.7,,,2003,2011,2011-10-01,26.8,2405,0.26,0.51,0.02,0.09,0.18,0.24,0.08,0.05,0.05,0.17,0.23,0.13,0.04,0.02,0.71,0.74
NBA,2011 - 2012,Playoffs,Kevin Durant,OKC,20,837.0,198,383,41,110,133,154,63,51,13,135,148,74,29,24,570,1988-09-29,240.0,United States,Montrose Christian School,1.0,2.0,Seattle SuperSonics,kevin durant,SF/PF,205.74,208.92,97.52,225.42,279.4,6.6,,,2007,2011,2011-10-01,23.0,2406,0.24,0.46,0.05,0.13,0.16,0.18,0.08,0.06,0.02,0.16,0.18,0.09,0.03,0.03,0.68,0.69
NBA,2011 - 2012,Playoffs,Dwyane Wade,MIA,23,906.9,197,426,10,34,121,166,68,65,32,88,120,100,39,30,525,1982-01-17,220.0,United States,Harold L. Richards High School,1.0,5.0,Miami Heat,dwyane wade,SG/SF,192.4,,96.16,210.18,259.08,6.7,,,2003,2011,2011-10-01,29.7,2407,0.22,0.47,0.01,0.04,0.13,0.18,0.07,0.07,0.04,0.1,0.13,0.11,0.04,0.03,0.58,0.52
NBA,2011 - 2012,Playoffs,Russell Westbrook,OKC,20,767.1,177,407,18,65,89,111,45,49,22,87,109,117,31,8,461,1988-11-12,200.0,United States,Leuzinger High School,1.0,4.0,Seattle SuperSonics,russell westbrook,PG,188.6,191.77,87.09,202.56,254.0,4.8,,,2008,2011,2011-10-01,22.9,2408,0.23,0.53,0.02,0.08,0.12,0.14,0.06,0.06,0.03,0.11,0.14,0.15,0.04,0.01,0.6,0.56
NBA,2011 - 2012,Playoffs,James Harden,OKC,20,629.8,93,214,32,78,108,126,42,67,13,89,102,68,31,2,326,1989-08-26,220.0,United States,Artesia High School,1.0,3.0,Oklahoma City Thunder,james harden,SG,193.04,196.22,100.7,210.18,262.89,10.1,,,2009,2011,2011-10-01,22.1,2409,0.15,0.34,0.05,0.12,0.17,0.2,0.07,0.11,0.02,0.14,0.16,0.11,0.05,0.0,0.52,0.55
NBA,2011 - 2012,Playoffs,Brandon Bass,BOS,20,608.4,81,175,0,0,59,64,15,50,26,79,105,15,14,10,221,1985-04-30,250.0,United States,Capitol High School,2.0,3.0,New Orleans Pelicans,brandon bass,PF,198.76,201.3,111.58,219.71,270.51,9.3,,,2004,2011,2011-10-01,26.4,2410,0.13,0.29,0.0,0.0,0.1,0.11,0.02,0.08,0.04,0.13,0.17,0.02,0.02,0.02,0.36,0.4
NBA,2011 - 2012,Playoffs,Blake Griffin,LAC,11,392.9,84,168,0,1,42,66,25,41,19,57,76,27,20,10,210,1989-03-16,250.0,United States,Oklahoma Christian School,1.0,1.0,Los Angeles Clippers,blake griffin,PF,204.47,208.28,112.67,211.46,266.7,8.2,,,2009,2011,2011-10-01,22.5,2411,0.21,0.43,0.0,0.0,0.11,0.17,0.06,0.1,0.05,0.15,0.19,0.07,0.05,0.03,0.53,0.53
NBA,2011 - 2012,Playoffs,Jrue Holiday,PHI,13,494.0,74,179,20,49,38,44,26,24,17,44,61,67,20,8,206,1990-06-12,205.0,United States,Campbell Hall School,1.0,17.0,Philadelphia Sixers,jrue holiday,PG/SG,191.14,193.68,90.26,200.66,255.27,6.3,,,2009,2011,2011-10-01,21.3,2412,0.15,0.36,0.04,0.1,0.08,0.09,0.05,0.05,0.03,0.09,0.12,0.14,0.04,0.02,0.42,0.47
NBA,2011 - 2012,Playoffs,Chris Bosh,MIA,14,439.1,73,148,7,13,43,52,20,20,36,73,109,8,6,14,196,1984-03-24,235.0,United States,Lincoln High School,1.0,4.0,Toronto Raptors,chris bosh,PF,208.92,,102.06,222.25,276.86,8.0,,,2003,2011,2011-10-01,27.5,2413,0.17,0.34,0.02,0.03,0.1,0.12,0.05,0.05,0.08,0.17,0.25,0.02,0.01,0.03,0.45,0.52
NBA,2011 - 2012,Playoffs,Chris Paul,LAC,11,422.9,70,164,13,39,41,47,43,30,6,50,56,87,30,1,194,1985-05-06,175.0,United States,West Forsyth High School,1.0,4.0,New Orleans Pelicans,chris paul,PG,182.24,185.42,80.74,193.68,236.22,,,,2005,2011,2011-10-01,26.4,2414,0.17,0.39,0.03,0.09,0.1,0.11,0.1,0.07,0.01,0.12,0.13,0.21,0.07,0.0,0.46,0.54
NBA,2011 - 2012,Playoffs,Danny Granger,IND,11,420.0,69,174,26,73,23,28,29,31,15,47,62,27,6,4,187,1983-04-20,222.0,United States,Grace King High School ,1.0,17.0,Indiana Pacers,danny granger,,201.93,204.47,102.24,217.17,261.62,,,,2005,2011,2011-10-01,28.4,2415,0.16,0.41,0.06,0.17,0.05,0.07,0.07,0.07,0.04,0.11,0.15,0.06,0.01,0.01,0.45,0.34
NBA,2011 - 2012,Playoffs,Andre Iguodala,PHI,13,505.1,58,151,19,49,33,56,19,32,17,57,74,48,19,5,168,1984-01-28,215.0,United States,Lanphier High School,1.0,9.0,Philadelphia Sixers,andre iguodala,SG/SF,197.48,200.02,98.43,210.82,267.97,6.7,,,2004,2011,2011-10-01,27.7,2416,0.11,0.3,0.04,0.1,0.07,0.11,0.04,0.06,0.03,0.11,0.15,0.1,0.04,0.01,0.33,0.36
NBA,2011 - 2012,Playoffs,David West,IND,11,416.0,66,148,0,0,36,44,17,33,21,73,94,22,8,6,168,1980-08-29,250.0,United States,Garner Magnet High School,1.0,18.0,New Orleans Pelicans,david west,PF/SF,203.84,,102.51,224.16,274.96,8.0,,,2003,2011,2011-10-01,31.1,2417,0.16,0.36,0.0,0.0,0.09,0.11,0.04,0.08,0.05,0.18,0.23,0.05,0.02,0.01,0.4,0.45
NBA,2011 - 2012,Playoffs,Shane Battier,MIA,23,768.0,53,140,42,110,13,16,16,69,15,59,74,27,22,14,161,1978-09-09,220.0,United States,Detroit Country Day School,1.0,6.0,Vancouver Grizzlies,shane battier,SF/PF,203.84,,103.87,209.55,266.7,9.3,,,2001,2011,2011-10-01,33.1,2418,0.07,0.18,0.05,0.14,0.02,0.02,0.02,0.09,0.02,0.08,0.1,0.04,0.03,0.02,0.21,0.27
NBA,2011 - 2012,Playoffs,George Hill,IND,11,346.3,47,105,15,40,39,46,22,21,9,16,25,32,13,3,148,1986-05-04,188.0,United States,Broad Ripple High School,1.0,26.0,San Antonio Spurs,george hill,PG,186.06,189.23,82.1,205.74,247.65,3.0,,,2008,2011,2011-10-01,25.4,2419,0.14,0.3,0.04,0.12,0.11,0.13,0.06,0.06,0.03,0.05,0.07,0.09,0.04,0.01,0.43,0.4
NBA,2011 - 2012,Playoffs,Evan Turner,PHI,13,449.2,56,154,0,6,33,48,30,36,14,84,98,32,12,6,145,1988-10-27,220.0,United States,St. Joseph High School,1.0,2.0,Philadelphia Sixers,evan turner,SG,197.48,200.66,96.98,203.2,262.89,8.6,22.22,24.13,2010,2011,2011-10-01,22.9,2420,0.12,0.34,0.0,0.01,0.07,0.11,0.07,0.08,0.03,0.19,0.22,0.07,0.03,0.01,0.32,0.32
NBA,2011 - 2012,Playoffs,Carmelo Anthony,NYK,5,204.1,52,124,4,18,31,41,14,21,13,28,41,11,6,1,139,1984-05-29,240.0,United States,Oak Hill Academy,1.0,3.0,Denver Nuggets,carmelo anthony,SF,198.76,,105.69,213.36,267.97,8.0,,,2003,2011,2011-10-01,27.3,2421,0.25,0.61,0.02,0.09,0.15,0.2,0.07,0.1,0.06,0.14,0.2,0.05,0.03,0.0,0.68,0.48
NBA,2011 - 2012,Playoffs,Ty Lawson,DEN,7,241.9,56,109,9,28,12,19,8,12,4,14,18,42,7,1,133,1987-11-03,195.0,United States,Oak Hill Academy,1.0,18.0,Minnesota Timberwolves,ty lawson,PG,180.98,184.15,89.18,184.78,240.03,6.6,,,2009,2011,2011-10-01,23.9,2422,0.23,0.45,0.04,0.12,0.05,0.08,0.03,0.05,0.02,0.06,0.07,0.17,0.03,0.0,0.55,0.54
NBA,2011 - 2012,Playoffs,Rudy Gay,MEM,7,279.1,48,114,4,19,33,40,21,15,10,36,46,10,9,2,133,1986-08-17,240.0,United States,Archbishop Spalding High School,1.0,8.0,Houston Rockets,rudy gay,SF/PF,200.66,203.2,100.7,220.98,273.05,5.7,,,2006,2011,2011-10-01,25.1,2423,0.17,0.41,0.01,0.07,0.12,0.14,0.08,0.05,0.04,0.13,0.16,0.04,0.03,0.01,0.48,0.38
NBA,2011 - 2012,Playoffs,Kawhi Leonard,SAS,14,378.9,45,90,18,40,13,16,13,23,18,65,83,8,17,6,121,1991-06-29,230.0,United States,Martin Luther King High School,1.0,15.0,Indiana Pacers,kawhi leonard,SF,198.12,200.66,103.15,220.98,269.24,5.4,24.76,28.58,2011,2011,2011-10-01,20.3,2424,0.12,0.24,0.05,0.11,0.03,0.04,0.03,0.06,0.05,0.17,0.22,0.02,0.04,0.02,0.32,0.46
NBA,2011 - 2012,Playoffs,Spencer Hawes,PHI,13,331.6,50,108,2,5,19,26,22,32,18,68,86,21,4,11,121,1988-04-28,245.0,United States,Seattle Preparatory School,1.0,10.0,Sacramento Kings,spencer hawes,PF,208.28,215.26,110.68,214.63,279.4,13.0,,,2007,2011,2011-10-01,23.4,2425,0.15,0.33,0.01,0.02,0.06,0.08,0.07,0.1,0.05,0.21,0.26,0.06,0.01,0.03,0.36,0.45
NBA,2011 - 2012,Playoffs,Ramon Sessions,LAL,12,379.5,43,114,4,25,26,35,22,27,3,33,36,43,4,1,116,1986-04-11,190.0,United States,Myrtle Beach High School,2.0,26.0,Milwaukee Bucks,ramon sessions,PG,187.96,192.4,83.91,193.68,247.65,6.2,,,2007,2011,2011-10-01,25.5,2426,0.11,0.3,0.01,0.07,0.07,0.09,0.06,0.07,0.01,0.09,0.09,0.11,0.01,0.0,0.31,0.25
NBA,2011 - 2012,Playoffs,Paul George,IND,11,370.9,37,95,11,41,22,28,21,32,15,58,73,26,18,4,107,1990-05-02,220.0,United States,Pete Knight High School,1.0,10.0,Indiana Pacers,paul george,SF,202.56,205.1,97.25,211.46,271.78,5.0,21.59,22.86,2010,2011,2011-10-01,21.4,2427,0.1,0.26,0.03,0.11,0.06,0.08,0.06,0.09,0.04,0.16,0.2,0.07,0.05,0.01,0.29,0.38
NBA,2011 - 2012,Playoffs,Udonis Haslem,MIA,22,452.2,40,88,0,0,26,35,20,60,37,104,141,13,5,6,106,1980-06-09,235.0,United States,Miami High School,,,,udonis haslem,PF,202.56,,113.4,210.82,271.78,,,,2002,2011,2011-10-01,31.3,2428,0.09,0.19,0.0,0.0,0.06,0.08,0.04,0.13,0.08,0.23,0.31,0.03,0.01,0.01,0.23,0.43
NBA,2011 - 2012,Playoffs,Mo Williams,LAC,11,229.0,41,94,12,33,12,13,12,16,1,8,9,15,6,5,106,1982-12-19,198.0,United States,Murrah High School,2.0,18.0,Utah Jazz,mo williams,PG/SG,184.78,,85.73,196.85,250.19,6.7,,,2003,2011,2011-10-01,28.8,2429,0.18,0.41,0.05,0.14,0.05,0.06,0.05,0.07,0.0,0.03,0.04,0.07,0.03,0.02,0.46,0.33
NBA,2011 - 2012,Playoffs,Danny Green,SAS,14,289.4,38,91,20,58,7,10,15,24,3,42,45,15,7,10,103,1987-06-22,215.0,United States,St. Mary's High School,2.0,16.0,Cleveland Cavaliers,danny green,SG/SF,196.22,199.39,94.35,208.28,261.62,5.6,,,2009,2011,2011-10-01,24.3,2430,0.13,0.31,0.07,0.2,0.02,0.03,0.05,0.08,0.01,0.15,0.16,0.05,0.02,0.03,0.36,0.38
NBA,2011 - 2012,Playoffs,Joe Johnson,ATL,6,242.9,38,102,9,36,18,24,16,11,6,15,21,21,8,1,103,1981-06-29,240.0,United States,Little Rock Central High School,1.0,10.0,Boston Celtics,joe johnson,SF/SG,200.02,,102.51,205.74,266.7,6.7,,,2001,2011,2011-10-01,30.3,2431,0.16,0.42,0.04,0.15,0.07,0.1,0.07,0.05,0.02,0.06,0.09,0.09,0.03,0.0,0.42,0.27
NBA,2011 - 2012,Playoffs,Thaddeus Young,PHI,13,276.8,39,91,0,0,22,31,15,25,25,43,68,15,7,7,100,1988-06-21,221.0,United States,Mitchell High School,1.0,12.0,Philadelphia Sixers,thaddeus young,SF,197.48,201.93,95.25,212.09,269.24,4.9,,,2007,2011,2011-10-01,23.3,2432,0.14,0.33,0.0,0.0,0.08,0.11,0.05,0.09,0.09,0.16,0.25,0.05,0.03,0.03,0.36,0.45
NBA,2011 - 2012,Playoffs,Mike Conley,MEM,7,276.8,32,76,11,22,24,32,16,19,4,19,23,50,6,0,99,1987-10-11,175.0,United States,Lawrence North High School,1.0,4.0,Memphis Grizzlies,mike conley,PG,180.34,184.78,79.38,197.48,240.03,4.2,,,2007,2011,2011-10-01,24.0,2433,0.12,0.27,0.04,0.08,0.09,0.12,0.06,0.07,0.01,0.07,0.08,0.18,0.02,0.0,0.36,0.4
NBA,2011 - 2012,Playoffs,Darren Collison,IND,11,204.6,36,70,4,11,20,23,11,11,3,11,14,33,14,0,96,1987-08-23,175.0,United States,Etiwanda High School,1.0,21.0,New Orleans Pelicans,darren collison,PG,183.52,186.69,75.39,190.5,245.11,5.7,,,2009,2011,2011-10-01,24.1,2434,0.18,0.34,0.02,0.05,0.1,0.11,0.05,0.05,0.01,0.05,0.07,0.16,0.07,0.0,0.47,0.55
NBA,2011 - 2012,Playoffs,Nick Young,LAC,11,200.3,29,67,17,33,16,18,7,20,1,11,12,3,3,4,91,1985-06-01,210.0,United States,Cleveland High School,1.0,16.0,Washington Wizards,nick young,SG/SF,195.58,200.02,93.44,213.36,255.27,6.8,,,2007,2011,2011-10-01,26.3,2435,0.14,0.33,0.08,0.16,0.08,0.09,0.03,0.1,0.0,0.05,0.06,0.01,0.01,0.02,0.45,0.32
NBA,2011 - 2012,Playoffs,Eric Bledsoe,LAC,11,188.9,37,63,3,7,10,16,15,23,12,14,26,23,13,4,87,1989-12-09,205.0,United States,Parker High School,1.0,18.0,Oklahoma City Thunder,eric bledsoe,PG,183.52,186.69,86.91,201.93,248.92,5.6,21.59,24.76,2010,2011,2011-10-01,21.8,2436,0.2,0.33,0.02,0.04,0.05,0.08,0.08,0.12,0.06,0.07,0.14,0.12,0.07,0.02,0.46,0.57
NBA,2011 - 2012,Playoffs,Caron Butler,LAC,10,268.0,33,92,8,31,12,16,16,22,4,26,30,10,6,2,86,1980-03-13,228.0,United States,Maine Central Institute,1.0,10.0,Miami Heat,caron butler,SF/SG,196.22,,100.7,212.09,262.89,,,,2002,2011,2011-10-01,31.6,2437,0.12,0.34,0.03,0.12,0.04,0.06,0.06,0.08,0.01,0.1,0.11,0.04,0.02,0.01,0.32,0.2
NBA,2011 - 2012,Playoffs,Josh Smith,ATL,5,195.6,34,88,0,4,16,21,15,14,10,58,68,24,3,5,84,1985-12-05,225.0,United States,Oak Hill Academy,1.0,17.0,Atlanta Hawks,josh smith,SG/SF,200.66,203.84,100.24,213.36,270.51,6.7,,,2004,2011,2011-10-01,25.8,2438,0.17,0.45,0.0,0.02,0.08,0.11,0.08,0.07,0.05,0.3,0.35,0.12,0.02,0.03,0.43,0.56
NBA,2011 - 2012,Playoffs,Luol Deng,CHI,6,227.8,36,79,8,22,4,7,10,10,8,42,50,9,5,9,84,1985-04-16,220.0,England / South Sudan,Blair Academy,1.0,7.0,Phoenix Suns,luol deng,SF,200.66,203.2,99.79,214.63,275.59,6.7,,,2004,2011,2011-10-01,26.5,2439,0.16,0.35,0.04,0.1,0.02,0.03,0.04,0.04,0.04,0.18,0.22,0.04,0.02,0.04,0.37,0.45
NBA,2011 - 2012,Playoffs,Jeff Teague,ATL,6,224.5,30,73,7,17,17,19,10,18,4,18,22,25,5,5,84,1988-06-10,195.0,United States,Pike High School,1.0,19.0,Atlanta Hawks,jeff teague,PG,183.52,186.69,79.47,201.93,250.19,4.5,,,2009,2011,2011-10-01,23.3,2440,0.13,0.33,0.03,0.08,0.08,0.08,0.04,0.08,0.02,0.08,0.1,0.11,0.02,0.02,0.37,0.38
NBA,2011 - 2012,Playoffs,Randy Foye,LAC,11,290.6,29,74,14,32,11,13,12,19,4,18,22,17,6,3,83,1983-09-24,218.0,United States,East Side High School,1.0,7.0,Boston Celtics,randy foye,SG/PG,188.6,191.14,96.16,198.76,246.38,10.0,,,2006,2011,2011-10-01,28.0,2441,0.1,0.25,0.05,0.11,0.04,0.04,0.04,0.07,0.01,0.06,0.08,0.06,0.02,0.01,0.29,0.27
NBA,2011 - 2012,Playoffs,Carlos Boozer,CHI,6,200.4,38,90,0,0,5,7,23,20,10,49,59,18,5,2,81,1981-11-20,266.0,Germany / United States,Juneau-Douglas High School,2.0,6.0,Cleveland Cavaliers,carlos boozer,PF,202.56,,117.03,219.08,275.59,,,,2002,2011,2011-10-01,29.9,2442,0.19,0.45,0.0,0.0,0.02,0.03,0.11,0.1,0.05,0.24,0.29,0.09,0.02,0.01,0.4,0.43
NBA,2011 - 2012,Playoffs,Jameer Nelson,ORL,5,181.6,29,74,8,25,12,16,10,13,1,18,19,33,4,1,78,1982-02-09,190.0,United States,Chester High School,1.0,20.0,Denver Nuggets,jameer nelson,PG,180.34,184.15,90.26,189.23,241.3,8.0,,,2004,2011,2011-10-01,29.6,2443,0.16,0.41,0.04,0.14,0.07,0.09,0.06,0.07,0.01,0.1,0.1,0.18,0.02,0.01,0.43,0.41
NBA,2011 - 2012,Playoffs,Tiago Splitter,SAS,13,167.6,30,47,0,0,16,43,9,24,8,28,36,10,5,4,76,1985-01-01,245.0,Brazil,,1.0,28.0,San Antonio Spurs,tiago splitter,C/PF,208.92,212.72,105.69,218.44,278.13,5.3,,,2004,2011,2011-10-01,26.7,2444,0.18,0.28,0.0,0.0,0.1,0.26,0.05,0.14,0.05,0.17,0.21,0.06,0.03,0.02,0.45,0.46
NBA,2011 - 2012,Playoffs,Kenneth Faried,DEN,7,192.1,32,60,0,0,9,12,14,20,25,45,70,4,5,8,73,1989-11-19,220.0,United States,Technology High School,1.0,22.0,Denver Nuggets,kenneth faried,PF,198.12,201.93,101.88,213.36,274.32,6.3,21.59,26.04,2011,2011,2011-10-01,21.9,2445,0.17,0.31,0.0,0.0,0.05,0.06,0.07,0.1,0.13,0.23,0.36,0.02,0.03,0.04,0.38,0.61
NBA,2011 - 2012,Playoffs,Al Jefferson,UTA,4,140.9,36,68,0,1,1,4,5,10,7,27,34,10,5,3,73,1985-01-04,289.0,United States,Prentiss High School,1.0,15.0,Boston Celtics,al jefferson,PF/SF,204.47,207.64,119.29,219.71,279.4,10.5,,,2004,2011,2011-10-01,26.7,2446,0.26,0.48,0.0,0.01,0.01,0.03,0.04,0.07,0.05,0.19,0.24,0.07,0.04,0.02,0.52,0.61
NBA,2011 - 2012,Playoffs,Nick Collison,OKC,20,331.9,33,51,0,0,3,7,12,51,30,37,67,19,12,5,69,1980-10-26,255.0,United States,Iowa Falls High School,1.0,12.0,Seattle SuperSonics,nick collison,PF,205.1,,115.67,217.17,274.32,17.0,,,2003,2011,2011-10-01,30.9,2447,0.1,0.15,0.0,0.0,0.01,0.02,0.04,0.15,0.09,0.11,0.2,0.06,0.04,0.02,0.21,0.43
NBA,2011 - 2012,Playoffs,Avery Bradley,BOS,10,248.4,25,68,5,22,12,18,10,20,3,17,20,8,8,6,67,1990-11-26,180.0,United States,Findlay College Prep,1.0,19.0,Boston Celtics,avery bradley,SG/PG,187.96,191.14,81.83,201.3,250.19,4.0,20.96,24.13,2010,2011,2011-10-01,20.8,2448,0.1,0.27,0.02,0.09,0.05,0.07,0.04,0.08,0.01,0.07,0.08,0.03,0.03,0.02,0.27,0.2
NBA,2011 - 2012,Playoffs,O.J. Mayo,MEM,7,163.2,17,62,7,24,21,27,18,18,2,23,25,15,9,1,62,1987-11-05,210.0,United States,Huntington High School,1.0,3.0,Minnesota Timberwolves,oj mayo,SG/PG,191.14,193.68,90.72,198.12,252.73,6.3,,,2008,2011,2011-10-01,23.9,2449,0.1,0.38,0.04,0.15,0.13,0.17,0.11,0.11,0.01,0.14,0.15,0.09,0.06,0.01,0.38,0.26
NBA,2011 - 2012,Playoffs,Amar'e Stoudemire,NYK,4,139.0,20,36,0,0,21,28,12,16,8,18,26,3,5,1,61,1982-11-16,245.0,United States,Cypress Creek High School,1.0,9.0,Phoenix Suns,amare stoudemire,PF,204.47,,105.69,217.8,275.59,,,,2002,2011,2011-10-01,28.9,2450,0.14,0.26,0.0,0.0,0.15,0.2,0.09,0.12,0.06,0.13,0.19,0.02,0.04,0.01,0.44,0.44
NBA,2011 - 2012,Playoffs,J.R. Smith,NYK,5,175.1,24,76,5,28,8,8,11,19,2,11,13,11,6,1,61,1985-09-09,225.0,United States,Saint Benedict's Preparatory School,1.0,18.0,New Orleans Pelicans,jr smith,SG/SF,196.85,200.02,102.97,208.28,264.16,6.7,,,2004,2011,2011-10-01,26.1,2451,0.14,0.43,0.03,0.16,0.05,0.05,0.06,0.11,0.01,0.06,0.07,0.06,0.03,0.01,0.35,0.17
NBA,2011 - 2012,Playoffs,JaVale McGee,DEN,7,181.2,23,53,0,0,14,26,4,21,23,44,67,5,5,22,60,1988-01-19,270.0,United States,Hales Franciscan,1.0,18.0,Washington Wizards,javale mcgee,C/PF,210.82,213.36,109.32,228.6,290.83,5.3,,,2008,2011,2011-10-01,23.7,2452,0.13,0.29,0.0,0.0,0.08,0.14,0.02,0.12,0.13,0.24,0.37,0.03,0.03,0.12,0.33,0.64
NBA,2011 - 2012,Playoffs,Corey Brewer,DEN,7,116.4,23,54,6,20,6,8,2,11,6,8,14,6,7,2,58,1986-03-05,186.0,United States,Portland High School,1.0,7.0,Minnesota Timberwolves,corey brewer,SF/SG,198.12,202.56,83.91,203.84,261.62,4.2,,,2007,2011,2011-10-01,25.6,2453,0.2,0.46,0.05,0.17,0.05,0.07,0.02,0.09,0.05,0.07,0.12,0.05,0.06,0.02,0.5,0.45
NBA,2011 - 2012,Playoffs,Jordan Hill,LAL,12,217.3,23,53,0,0,11,16,7,32,39,37,76,1,3,8,57,1987-07-27,240.0,United States,The Patterson School,1.0,8.0,New York Knicks,jordan hill,PF/C,206.38,208.92,105.41,217.17,274.32,6.0,,,2009,2011,2011-10-01,24.2,2454,0.11,0.24,0.0,0.0,0.05,0.07,0.03,0.15,0.18,0.17,0.35,0.0,0.01,0.04,0.26,0.48
NBA,2011 - 2012,Playoffs,Taj Gibson,CHI,6,137.3,21,46,0,0,15,22,3,19,15,24,39,4,4,10,57,1985-06-24,232.0,United States,Calvary Christian High School,1.0,26.0,Chicago Bulls,taj gibson,PF,204.47,207.64,97.25,223.52,276.86,6.6,,,2009,2011,2011-10-01,26.3,2455,0.15,0.34,0.0,0.0,0.11,0.16,0.02,0.14,0.11,0.17,0.28,0.03,0.03,0.07,0.42,0.57
NBA,2011 - 2012,Playoffs,Jason Richardson,ORL,5,148.1,21,53,10,27,5,12,6,7,4,15,19,5,6,2,57,1981-01-20,225.0,United States,Arthur Hill High School ,1.0,5.0,Golden State Warriors,jason richardson,SF/SG,194.94,,96.62,212.09,260.35,5.3,,,2001,2011,2011-10-01,30.7,2456,0.14,0.36,0.07,0.18,0.03,0.08,0.04,0.05,0.03,0.1,0.13,0.03,0.04,0.01,0.38,0.28
NBA,2011 - 2012,Playoffs,J.J. Redick,ORL,5,123.3,19,44,4,19,12,14,6,4,0,5,5,16,1,0,54,1984-06-24,200.0,United States,Cave Spring High School,1.0,11.0,Orlando Magic,jj redick,SG,193.04,194.94,86.18,191.14,247.65,7.0,,,2006,2011,2011-10-01,27.3,2457,0.15,0.36,0.03,0.15,0.1,0.11,0.05,0.03,0.0,0.04,0.04,0.13,0.01,0.0,0.44,0.35
NBA,2011 - 2012,Playoffs,Devin Harris,UTA,4,119.9,19,48,4,15,10,14,12,14,0,6,6,15,3,2,52,1983-02-27,185.0,United States,Wauwatosa East High School,1.0,5.0,Washington Wizards,devin harris,PG,187.32,190.5,77.11,201.93,250.19,5.3,,,2004,2011,2011-10-01,28.6,2458,0.16,0.4,0.03,0.13,0.08,0.12,0.1,0.12,0.0,0.05,0.05,0.13,0.03,0.02,0.43,0.28
NBA,2011 - 2012,Playoffs,James Jones,MIA,20,172.8,16,43,9,30,10,10,4,12,5,15,20,2,3,1,51,1980-10-04,218.0,United States,American High School,2.0,20.0,Indiana Pacers,james jones,SF,201.3,,98.88,219.71,273.05,6.7,,,2003,2011,2011-10-01,31.0,2459,0.09,0.25,0.05,0.17,0.06,0.06,0.02,0.07,0.03,0.09,0.12,0.01,0.02,0.01,0.3,0.28
NBA,2011 - 2012,Playoffs,DeAndre Jordan,LAC,11,249.5,21,40,0,0,8,24,7,20,18,40,58,4,7,18,50,1988-07-21,265.0,United States,Christian Life Center,2.0,5.0,Los Angeles Clippers,deandre jordan,C,207.64,210.82,113.4,228.6,288.29,7.5,,,2008,2011,2011-10-01,23.2,2460,0.08,0.16,0.0,0.0,0.03,0.1,0.03,0.08,0.07,0.16,0.23,0.02,0.03,0.07,0.2,0.37
NBA,2011 - 2012,Playoffs,Paul Millsap,UTA,4,138.9,20,54,0,3,8,16,9,11,17,27,44,2,1,10,48,1985-02-10,246.0,United States,Grambling Laboratory High School,2.0,17.0,Utah Jazz,paul millsap,PF,198.76,201.3,117.03,217.17,267.97,9.7,,,2006,2011,2011-10-01,26.6,2461,0.14,0.39,0.0,0.02,0.06,0.12,0.06,0.08,0.12,0.19,0.32,0.01,0.01,0.07,0.35,0.39
NBA,2011 - 2012,Playoffs,Tony Allen,MEM,7,170.2,18,45,0,5,12,17,10,21,8,14,22,5,9,7,48,1982-01-11,213.0,United States,Crane High School,1.0,25.0,Boston Celtics,tony allen,SG,191.77,193.68,97.07,205.74,259.08,6.7,,,2004,2011,2011-10-01,29.7,2462,0.11,0.26,0.0,0.03,0.07,0.1,0.06,0.12,0.05,0.08,0.13,0.03,0.05,0.04,0.28,0.29
NBA,2011 - 2012,Playoffs,Tyler Hansbrough,IND,11,163.9,17,50,0,0,14,21,8,22,12,23,35,6,5,3,48,1985-11-03,250.0,United States,Poplar Bluff High School,1.0,13.0,Indiana Pacers,tyler hansbrough,PF,203.84,207.01,106.23,212.09,269.24,8.5,,,2009,2011,2011-10-01,25.9,2463,0.1,0.31,0.0,0.0,0.09,0.13,0.05,0.13,0.07,0.14,0.21,0.04,0.03,0.02,0.29,0.29
NBA,2011 - 2012,Playoffs,Derrick Favors,UTA,4,116.5,15,36,0,0,17,29,5,11,14,24,38,2,5,6,47,1991-07-15,265.0,United States,South Atlanta High School ,1.0,3.0,New Jersey Nets,derrick favors,PF,205.1,208.92,111.22,223.52,279.4,6.5,22.22,23.5,2010,2011,2011-10-01,20.2,2464,0.13,0.31,0.0,0.0,0.15,0.25,0.04,0.09,0.12,0.21,0.33,0.02,0.04,0.05,0.4,0.52
NBA,2011 - 2012,Playoffs,Marvin Williams,ATL,6,144.6,16,45,8,16,7,9,3,9,5,28,33,5,3,2,47,1986-06-19,237.0,United States,Bremerton High School,1.0,2.0,Atlanta Hawks,marvin williams,PF/SF,200.66,203.84,103.51,222.25,274.32,,,,2005,2011,2011-10-01,25.3,2465,0.11,0.31,0.06,0.11,0.05,0.06,0.02,0.06,0.03,0.19,0.23,0.03,0.02,0.01,0.33,0.39
NBA,2011 - 2012,Playoffs,Al Horford,ATL,3,107.8,20,34,0,0,6,8,12,11,5,20,25,8,4,4,46,1986-06-03,245.0,Dominican Republic / United States,Grand Ledge High School,1.0,3.0,Atlanta Hawks,al horford,PF,203.2,207.64,111.58,215.26,271.78,9.1,,,2007,2011,2011-10-01,25.3,2466,0.19,0.32,0.0,0.0,0.06,0.07,0.11,0.1,0.05,0.19,0.23,0.07,0.04,0.04,0.43,0.56
NBA,2011 - 2012,Playoffs,Joakim Noah,CHI,3,99.1,19,26,0,0,7,11,1,5,9,19,28,9,2,4,45,1985-02-25,230.0,France / United States,Lawrenceville School,1.0,9.0,Chicago Bulls,joakim noah,PF,208.28,213.36,101.15,216.54,270.51,4.8,,,2007,2011,2011-10-01,26.6,2467,0.19,0.26,0.0,0.0,0.07,0.11,0.01,0.05,0.09,0.19,0.28,0.09,0.02,0.04,0.45,0.76
NBA,2011 - 2012,Playoffs,C.J. Watson,CHI,6,164.5,14,58,4,16,12,16,7,16,1,12,13,33,5,0,44,1984-04-17,175.0,United States,Bishop Gorman High School,,,,cj watson,PG,184.15,187.32,77.56,198.12,243.84,5.2,,,2006,2011,2011-10-01,27.5,2468,0.09,0.35,0.02,0.1,0.07,0.1,0.04,0.1,0.01,0.07,0.08,0.2,0.03,0.0,0.27,0.25
NBA,2011 - 2012,Playoffs,Matt Barnes,LAL,11,185.3,16,59,5,31,2,4,15,29,9,27,36,16,10,5,39,1980-03-09,226.0,United States,Del Campo High School,2.0,17.0,Memphis Grizzlies,matt barnes,SF,200.02,,102.51,205.74,245.11,,,,2002,2011,2011-10-01,31.6,2469,0.09,0.32,0.03,0.17,0.01,0.02,0.08,0.16,0.05,0.15,0.19,0.09,0.05,0.03,0.21,0.25
NBA,2011 - 2012,Playoffs,DeJuan Blair,SAS,10,76.0,17,27,0,0,3,6,1,10,7,16,23,2,3,1,37,1989-04-22,270.0,United States,Schenley High School,2.0,7.0,San Antonio Spurs,dejuan blair,PF,196.22,199.39,125.46,218.44,270.51,12.0,,,2009,2011,2011-10-01,22.4,2470,0.22,0.36,0.0,0.0,0.04,0.08,0.01,0.13,0.09,0.21,0.3,0.03,0.04,0.01,0.49,0.68
NBA,2011 - 2012,Playoffs,Devin Ebanks,LAL,9,126.1,16,39,0,3,5,8,2,13,7,13,20,6,3,7,37,1989-10-28,215.0,United States,St. Thomas More Prep,2.0,13.0,Los Angeles Lakers,devin ebanks,SF,200.66,203.84,94.26,214.0,273.05,7.9,20.96,22.86,2010,2011,2011-10-01,21.9,2471,0.13,0.31,0.0,0.02,0.04,0.06,0.02,0.1,0.06,0.1,0.16,0.05,0.02,0.06,0.29,0.36
NBA,2011 - 2012,Playoffs,Daequan Cook,OKC,16,109.0,14,37,8,24,0,2,0,7,0,9,9,4,3,0,36,1987-04-28,205.0,United States,Dunbar High School ,1.0,21.0,Philadelphia Sixers,daequan cook,SG,190.5,197.48,92.08,203.84,257.81,7.0,,,2007,2011,2011-10-01,24.4,2472,0.13,0.34,0.07,0.22,0.0,0.02,0.0,0.06,0.0,0.08,0.08,0.04,0.03,0.0,0.33,0.25
NBA,2011 - 2012,Playoffs,Jodie Meeks,PHI,13,102.2,9,26,3,13,14,14,4,11,2,2,4,4,3,1,35,1987-08-21,210.0,United States,Norcross High School,2.0,11.0,Milwaukee Bucks,jodie meeks,SG,190.5,193.04,95.89,194.31,248.92,8.0,,,2009,2011,2011-10-01,24.1,2473,0.09,0.25,0.03,0.13,0.14,0.14,0.04,0.11,0.02,0.02,0.04,0.04,0.03,0.01,0.34,0.26
NBA,2011 - 2012,Playoffs,Kirk Hinrich,ATL,6,141.2,13,30,6,16,2,2,2,9,4,8,12,6,4,0,34,1981-01-02,190.0,United States,West High School ,1.0,7.0,Chicago Bulls,kirk hinrich,PG/SG,189.86,,84.37,198.12,250.19,5.3,,,2003,2011,2011-10-01,30.7,2474,0.09,0.21,0.04,0.11,0.01,0.01,0.01,0.06,0.03,0.06,0.08,0.04,0.03,0.0,0.24,0.26
NBA,2011 - 2012,Playoffs,Norris Cole,MIA,19,169.9,12,37,3,12,7,9,5,24,1,9,10,12,7,0,34,1988-10-13,175.0,United States,Dunbar High School ,1.0,28.0,Chicago Bulls,norris cole,PG,183.52,187.32,79.11,188.6,242.57,4.7,21.59,24.13,2011,2011,2011-10-01,23.0,2475,0.07,0.22,0.02,0.07,0.04,0.05,0.03,0.14,0.01,0.05,0.06,0.07,0.04,0.0,0.2,0.18
NBA,2011 - 2012,Playoffs,Reggie Evans,LAC,11,198.0,8,15,0,0,17,40,9,31,20,60,80,1,9,6,33,1980-05-18,245.0,United States,Woodham High School,,,,reggie evans,PF,201.93,,113.4,219.71,273.05,,,,2002,2011,2011-10-01,31.4,2476,0.04,0.08,0.0,0.0,0.09,0.2,0.05,0.16,0.1,0.3,0.4,0.01,0.05,0.03,0.17,0.46
NBA,2011 - 2012,Playoffs,Tyson Chandler,NYK,5,166.6,11,25,0,0,9,15,15,18,18,27,45,4,7,7,31,1982-10-02,240.0,United States,Dominguez High School,1.0,2.0,Los Angeles Clippers,tyson chandler,SF/PF,212.09,,101.6,220.98,279.4,6.7,,,2001,2011,2011-10-01,29.0,2477,0.07,0.15,0.0,0.0,0.05,0.09,0.09,0.11,0.11,0.16,0.27,0.02,0.04,0.04,0.19,0.35
NBA,2011 - 2012,Playoffs,Matt Bonner,SAS,13,165.2,10,32,8,23,3,5,3,24,2,23,25,9,2,4,31,1980-04-05,235.0,United States,Concord High School,2.0,16.0,Chicago Bulls,matt bonner,PF/SF,204.47,,109.77,205.1,267.97,13.6,,,2003,2011,2011-10-01,31.5,2478,0.06,0.19,0.05,0.14,0.02,0.03,0.02,0.15,0.01,0.14,0.15,0.05,0.01,0.02,0.19,0.26
NBA,2011 - 2012,Playoffs,Delonte West,DAL,4,88.1,11,26,3,6,5,5,3,5,2,5,7,8,3,0,30,1983-07-26,180.0,United States,Eleanor Roosevelt High School,1.0,24.0,Boston Celtics,delonte west,PG/SG,186.69,189.86,83.01,198.12,252.73,6.7,,,2004,2011,2011-10-01,28.2,2479,0.12,0.3,0.03,0.07,0.06,0.06,0.03,0.06,0.02,0.06,0.08,0.09,0.03,0.0,0.34,0.33
NBA,2011 - 2012,Playoffs,Marquis Daniels,BOS,15,91.5,11,19,0,2,8,10,2,13,1,9,10,3,2,1,30,1981-01-07,200.0,United States,Mt. Zion Christian Academy,,,,marquis daniels,SG/PG,196.22,,89.81,208.28,262.89,4.0,,,2003,2011,2011-10-01,30.7,2480,0.12,0.21,0.0,0.02,0.09,0.11,0.02,0.14,0.01,0.1,0.11,0.03,0.02,0.01,0.33,0.37
NBA,2011 - 2012,Playoffs,Gordon Hayward,UTA,4,122.5,6,33,1,12,16,16,3,4,2,9,11,12,3,0,29,1990-03-23,225.0,United States,Brownsburg High School,1.0,9.0,Utah Jazz,gordon hayward,SF,200.02,203.2,95.71,202.56,261.62,6.9,21.59,23.5,2010,2011,2011-10-01,21.5,2481,0.05,0.27,0.01,0.1,0.13,0.13,0.02,0.03,0.02,0.07,0.09,0.1,0.02,0.0,0.24,0.21
NBA,2011 - 2012,Playoffs,Lou Amundson,IND,11,94.3,12,23,0,0,3,6,4,16,6,17,23,2,2,5,27,1982-12-07,220.0,United States,Monarch High School,,,,lou amundson,PF,201.17,203.2,100.24,212.09,262.89,6.8,,,2006,2011,2011-10-01,28.8,2482,0.13,0.24,0.0,0.0,0.03,0.06,0.04,0.17,0.06,0.18,0.24,0.02,0.02,0.05,0.29,0.44
NBA,2011 - 2012,Playoffs,Alec Burks,UTA,4,63.0,7,28,0,2,12,14,3,4,5,6,11,3,2,0,26,1991-07-20,214.0,United States,Grandview High School,1.0,12.0,Utah Jazz,alec burks,SG,195.58,198.12,87.36,208.28,262.89,5.1,22.86,20.96,2011,2011,2011-10-01,20.2,2483,0.11,0.44,0.0,0.03,0.19,0.22,0.05,0.06,0.08,0.1,0.17,0.05,0.03,0.0,0.41,0.25
NBA,2011 - 2012,Playoffs,Ronny Turiaf,MIA,12,120.6,10,18,0,0,3,11,6,23,11,20,31,1,1,8,23,1983-01-13,241.0,France,National Institute of Physical Education,2.0,7.0,Los Angeles Lakers,ronny turiaf,PF,203.2,206.38,107.86,217.17,270.51,,,,2005,2011,2011-10-01,28.7,2484,0.08,0.15,0.0,0.0,0.02,0.09,0.05,0.19,0.09,0.17,0.26,0.01,0.01,0.07,0.19,0.35
NBA,2011 - 2012,Playoffs,Kyle Korver,CHI,6,93.8,9,22,4,13,1,2,5,10,1,9,10,9,3,3,23,1981-03-17,212.0,United States,Pella High School,2.0,22.0,New Jersey Nets,kyle korver,SF,198.76,,95.71,207.01,260.35,6.7,,,2003,2011,2011-10-01,30.5,2485,0.1,0.23,0.04,0.14,0.01,0.02,0.05,0.11,0.01,0.1,0.11,0.1,0.03,0.03,0.25,0.33
NBA,2011 - 2012,Playoffs,Earl Clark,ORL,5,88.1,8,18,0,0,4,7,4,6,8,25,33,1,2,5,20,1988-01-17,234.0,United States,Rahway High School,1.0,14.0,Phoenix Suns,earl clark,SF/PF,204.47,208.92,103.6,219.71,278.13,5.2,,,2009,2011,2011-10-01,23.7,2486,0.09,0.2,0.0,0.0,0.05,0.08,0.05,0.07,0.09,0.28,0.37,0.01,0.02,0.06,0.23,0.5
NBA,2011 - 2012,Playoffs,DeMarre Carroll,UTA,4,72.7,9,19,1,5,0,0,3,9,7,8,15,3,2,1,19,1986-07-27,215.0,United States,John Carroll Catholic High School,1.0,27.0,Memphis Grizzlies,demarre carroll,PF/SF,198.76,202.56,93.98,208.28,266.7,6.3,,,2009,2011,2011-10-01,25.2,2487,0.12,0.26,0.01,0.07,0.0,0.0,0.04,0.12,0.1,0.11,0.21,0.04,0.03,0.01,0.26,0.37
NBA,2011 - 2012,Playoffs,Josh Howard,UTA,4,62.8,5,17,1,2,4,5,2,3,4,10,14,4,2,1,15,1980-04-28,210.0,United States,Hargrave Military Academy ,1.0,29.0,Dallas Mavericks,josh howard,SF/SG,196.22,,91.63,218.44,267.97,6.0,,,2003,2011,2011-10-01,31.4,2488,0.08,0.27,0.02,0.03,0.06,0.08,0.03,0.05,0.06,0.16,0.22,0.06,0.03,0.02,0.24,0.33
NBA,2011 - 2012,Playoffs,Jamaal Tinsley,UTA,4,64.7,5,20,1,4,4,4,6,7,0,2,2,12,2,0,15,1978-02-28,188.0,United States,Samuel J. Tilden High School,1.0,27.0,Vancouver Grizzlies,jamaal tinsley,PG,184.78,,90.26,201.93,247.65,13.6,,,2001,2011,2011-10-01,33.6,2489,0.08,0.31,0.02,0.06,0.06,0.06,0.09,0.11,0.0,0.03,0.03,0.19,0.03,0.0,0.23,0.16
NBA,2011 - 2012,Playoffs,Brendan Haywood,DAL,4,61.3,4,14,0,0,5,8,2,8,7,6,13,1,1,2,13,1979-11-27,263.0,United States,James B. Dudley High School,1.0,20.0,Cleveland Cavaliers,brendan haywood,C,212.72,,120.66,229.87,288.29,12.9,,,2001,2011,2011-10-01,31.8,2490,0.07,0.23,0.0,0.0,0.08,0.13,0.03,0.13,0.11,0.1,0.21,0.02,0.02,0.03,0.21,0.25
NBA,2011 - 2012,Playoffs,Willie Green,ATL,5,62.6,6,13,1,4,0,0,2,6,1,7,8,3,0,0,13,1981-07-28,201.0,United States,Cooley High School,2.0,12.0,Seattle SuperSonics,willie green,SG/PG,189.23,,91.17,201.3,254.0,8.0,,,2003,2011,2011-10-01,30.2,2491,0.1,0.21,0.02,0.06,0.0,0.0,0.03,0.1,0.02,0.11,0.13,0.05,0.0,0.0,0.21,0.25
NBA,2011 - 2012,Playoffs,Steve Novak,NYK,5,94.7,4,9,4,7,0,0,3,7,3,12,15,0,0,1,12,1983-06-13,225.0,United States,Brown Deer High School,2.0,2.0,Houston Rockets,steve novak,SF,203.2,206.38,97.98,207.01,261.62,8.1,,,2006,2011,2011-10-01,28.3,2492,0.04,0.1,0.04,0.07,0.0,0.0,0.03,0.07,0.03,0.13,0.16,0.0,0.0,0.01,0.13,0.21
NBA,2011 - 2012,Playoffs,Jason Collins,ATL,5,85.2,6,11,0,0,0,0,10,16,4,8,12,0,1,0,12,1978-12-02,255.0,United States,Harvard-Westlake School,1.0,18.0,Houston Rockets,jason collins,PF/C,208.92,,113.85,224.79,279.4,12.9,,,2001,2011,2011-10-01,32.8,2493,0.07,0.13,0.0,0.0,0.0,0.0,0.12,0.19,0.05,0.09,0.14,0.0,0.01,0.0,0.14,0.11
NBA,2011 - 2012,Playoffs,Ronnie Brewer,CHI,5,82.6,4,16,0,0,0,3,6,5,4,15,19,9,4,1,8,1985-03-20,235.0,United States,Fayetteville High School ,1.0,14.0,Utah Jazz,ronnie brewer,SG/PG,197.48,200.02,101.15,211.46,262.89,5.0,,,2006,2011,2011-10-01,26.5,2494,0.05,0.19,0.0,0.0,0.0,0.04,0.07,0.06,0.05,0.18,0.23,0.11,0.05,0.01,0.1,0.25
NBA,2011 - 2012,Playoffs,Chris Duhon,ORL,5,61.0,1,5,1,3,0,2,7,5,0,7,7,9,5,1,3,1982-08-31,190.0,United States,Salmen High School,2.0,9.0,Chicago Bulls,chris duhon,PG,182.88,186.06,87.54,199.39,248.92,6.7,,,2004,2011,2011-10-01,29.1,2495,0.02,0.08,0.02,0.05,0.0,0.03,0.11,0.08,0.0,0.11,0.11,0.15,0.08,0.02,0.05,0.21
NBA,2012 - 2013,Playoffs,LeBron James,MIA,23,960.4,212,432,36,96,136,175,70,43,37,156,193,152,41,18,596,1984-12-30,250.0,United States,St. Vincent St. Mary High School,1.0,1.0,Cleveland Cavaliers,lebron james,SF/SG,201.3,,111.13,214.0,269.88,6.7,,,2003,2012,2012-10-01,27.8,2850,0.22,0.45,0.04,0.1,0.14,0.18,0.07,0.04,0.04,0.16,0.2,0.16,0.04,0.02,0.62,0.7
NBA,2012 - 2013,Playoffs,Paul George,IND,19,779.5,119,277,34,104,93,128,75,72,16,125,141,96,25,9,365,1990-05-02,220.0,United States,Pete Knight High School,1.0,10.0,Indiana Pacers,paul george,SF,202.56,205.1,97.25,211.46,271.78,5.0,21.59,22.86,2010,2012,2012-10-01,22.4,2851,0.15,0.36,0.04,0.13,0.12,0.16,0.1,0.09,0.02,0.16,0.18,0.12,0.03,0.01,0.47,0.46
NBA,2012 - 2013,Playoffs,Dwyane Wade,MIA,22,782.2,144,315,1,4,60,80,58,45,38,64,102,105,38,23,349,1982-01-17,220.0,United States,Harold L. Richards High School,1.0,5.0,Miami Heat,dwyane wade,SG/SF,192.4,,96.16,210.18,259.08,6.7,,,2003,2012,2012-10-01,30.7,2852,0.18,0.4,0.0,0.01,0.08,0.1,0.07,0.06,0.05,0.08,0.13,0.13,0.05,0.03,0.45,0.48
NBA,2012 - 2013,Playoffs,Carmelo Anthony,NYK,12,480.9,126,310,17,57,77,87,31,46,11,68,79,19,13,2,346,1984-05-29,240.0,United States,Oak Hill Academy,1.0,3.0,Denver Nuggets,carmelo anthony,SF,198.76,,105.69,213.36,267.97,8.0,,,2003,2012,2012-10-01,28.3,2853,0.26,0.64,0.04,0.12,0.16,0.18,0.06,0.1,0.02,0.14,0.16,0.04,0.03,0.0,0.72,0.49
NBA,2012 - 2013,Playoffs,Kevin Durant,OKC,11,484.5,112,246,22,70,93,112,43,26,7,92,99,69,14,12,339,1988-09-29,240.0,United States,Montrose Christian School,1.0,2.0,Seattle SuperSonics,kevin durant,SF/PF,205.74,208.92,97.52,225.42,279.4,6.6,,,2007,2012,2012-10-01,24.0,2854,0.23,0.51,0.05,0.14,0.19,0.23,0.09,0.05,0.01,0.19,0.2,0.14,0.03,0.02,0.7,0.68
NBA,2012 - 2013,Playoffs,David West,IND,19,688.7,115,249,0,3,72,94,45,54,41,103,144,39,13,15,302,1980-08-29,250.0,United States,Garner Magnet High School,1.0,18.0,New Orleans Pelicans,david west,PF/SF,203.84,,102.51,224.16,274.96,8.0,,,2003,2012,2012-10-01,32.1,2855,0.17,0.36,0.0,0.0,0.1,0.14,0.07,0.08,0.06,0.15,0.21,0.06,0.02,0.02,0.44,0.45
NBA,2012 - 2013,Playoffs,Kawhi Leonard,SAS,21,775.4,115,211,23,59,31,49,23,40,50,140,190,22,37,11,284,1991-06-29,230.0,United States,Martin Luther King High School,1.0,15.0,Indiana Pacers,kawhi leonard,SF,198.12,200.66,103.15,220.98,269.24,5.4,24.76,28.58,2011,2012,2012-10-01,21.3,2856,0.15,0.27,0.03,0.08,0.04,0.06,0.03,0.05,0.06,0.18,0.25,0.03,0.05,0.01,0.37,0.54
NBA,2012 - 2013,Playoffs,Stephen Curry,GSW,12,496.5,102,235,42,106,35,38,40,35,5,41,46,97,20,2,281,1988-03-14,190.0,United States,Charlotte Christian School,1.0,7.0,Golden State Warriors,stephen curry,PG/SG,187.96,191.14,82.1,191.77,246.38,5.7,,,2009,2012,2012-10-01,24.6,2857,0.21,0.47,0.08,0.21,0.07,0.08,0.08,0.07,0.01,0.08,0.09,0.2,0.04,0.0,0.57,0.55
NBA,2012 - 2013,Playoffs,Chris Bosh,MIA,23,751.1,110,240,15,37,44,60,27,67,38,129,167,34,23,36,279,1984-03-24,235.0,United States,Lincoln High School,1.0,4.0,Toronto Raptors,chris bosh,PF,208.92,,102.06,222.25,276.86,8.0,,,2003,2012,2012-10-01,28.5,2858,0.15,0.32,0.02,0.05,0.06,0.08,0.04,0.09,0.05,0.17,0.22,0.05,0.03,0.05,0.37,0.49
NBA,2012 - 2013,Playoffs,George Hill,IND,18,685.5,83,207,34,95,63,76,40,41,5,62,67,77,22,4,263,1986-05-04,188.0,United States,Broad Ripple High School,1.0,26.0,San Antonio Spurs,george hill,PG,186.06,189.23,82.1,205.74,247.65,3.0,,,2008,2012,2012-10-01,26.4,2859,0.12,0.3,0.05,0.14,0.09,0.11,0.06,0.06,0.01,0.09,0.1,0.11,0.03,0.01,0.38,0.37
NBA,2012 - 2013,Playoffs,Mike Conley,MEM,15,575.2,83,216,18,64,71,93,34,34,12,59,71,107,26,5,255,1987-10-11,175.0,United States,Lawrence North High School,1.0,4.0,Memphis Grizzlies,mike conley,PG,180.34,184.78,79.38,197.48,240.03,4.2,,,2007,2012,2012-10-01,25.0,2860,0.14,0.38,0.03,0.11,0.12,0.16,0.06,0.06,0.02,0.1,0.12,0.19,0.05,0.01,0.44,0.47
NBA,2012 - 2013,Playoffs,Danny Green,SAS,21,668.9,83,186,55,114,12,15,19,51,18,69,87,32,22,23,233,1987-06-22,215.0,United States,St. Mary's High School,2.0,16.0,Cleveland Cavaliers,danny green,SG/SF,196.22,199.39,94.35,208.28,261.62,5.6,,,2009,2012,2012-10-01,25.3,2861,0.12,0.28,0.08,0.17,0.02,0.02,0.03,0.08,0.03,0.1,0.13,0.05,0.03,0.03,0.35,0.4
NBA,2012 - 2013,Playoffs,Jarrett Jack,GSW,12,426.0,78,154,7,24,43,48,38,26,7,46,53,56,11,4,206,1983-10-28,200.0,United States,Worcester Academy,1.0,22.0,Denver Nuggets,jarrett jack,PG,189.23,191.77,89.63,201.93,254.0,,,,2005,2012,2012-10-01,28.9,2862,0.18,0.36,0.02,0.06,0.1,0.11,0.09,0.06,0.02,0.11,0.12,0.13,0.03,0.01,0.48,0.49
NBA,2012 - 2013,Playoffs,Carlos Boozer,CHI,12,431.3,83,168,0,1,31,45,29,36,35,80,115,18,10,1,197,1981-11-20,266.0,Germany / United States,Juneau-Douglas High School,2.0,6.0,Cleveland Cavaliers,carlos boozer,PF,202.56,,117.03,219.08,275.59,,,,2002,2012,2012-10-01,30.9,2863,0.19,0.39,0.0,0.0,0.07,0.1,0.07,0.08,0.08,0.19,0.27,0.04,0.02,0.0,0.46,0.49
NBA,2012 - 2013,Playoffs,Nate Robinson,CHI,12,404.1,71,163,22,65,31,41,32,38,6,26,32,53,12,2,195,1984-05-31,180.0,United States,Rainier Beach High School,1.0,21.0,Phoenix Suns,nate robinson,PG,172.08,175.26,82.1,185.42,232.41,6.7,,,2004,2012,2012-10-01,28.3,2864,0.18,0.4,0.05,0.16,0.08,0.1,0.08,0.09,0.01,0.06,0.08,0.13,0.03,0.0,0.48,0.4
NBA,2012 - 2013,Playoffs,Harrison Barnes,GSW,12,460.7,72,162,19,52,30,35,16,33,18,59,77,15,7,5,193,1992-05-30,225.0,United States,Ames High School,1.0,7.0,Golden State Warriors,harrison barnes,SF/SG,200.66,203.2,103.33,211.46,257.81,9.6,22.86,21.59,2012,2012,2012-10-01,20.3,2865,0.16,0.35,0.04,0.11,0.07,0.08,0.03,0.07,0.04,0.13,0.17,0.03,0.02,0.01,0.42,0.42
NBA,2012 - 2013,Playoffs,Klay Thompson,GSW,12,495.4,76,174,25,59,5,6,24,44,9,46,55,22,12,7,182,1990-02-08,215.0,United States,Santa Margarita Catholic High School,1.0,11.0,Golden State Warriors,klay thompson,SG,197.48,201.3,93.26,205.74,262.89,8.0,22.22,23.5,2011,2012,2012-10-01,22.6,2866,0.15,0.35,0.05,0.12,0.01,0.01,0.05,0.09,0.02,0.09,0.11,0.04,0.02,0.01,0.37,0.3
NBA,2012 - 2013,Playoffs,Lance Stephenson,IND,19,672.9,69,169,18,64,23,37,36,47,14,130,144,63,23,2,179,1990-09-05,230.0,United States,Abraham Lincoln High School,2.0,10.0,Indiana Pacers,lance stephenson,SG,194.31,197.48,102.97,209.55,261.62,9.3,22.86,26.04,2010,2012,2012-10-01,22.1,2867,0.1,0.25,0.03,0.1,0.03,0.05,0.05,0.07,0.02,0.19,0.21,0.09,0.03,0.0,0.27,0.38
NBA,2012 - 2013,Playoffs,Raymond Felton,NYK,12,454.2,72,162,9,28,16,24,20,26,17,24,41,56,20,5,169,1984-06-26,205.0,United States,Latta High School,1.0,5.0,Charlotte Hornets,raymond felton,PG,181.61,183.52,90.45,193.68,248.92,,,,2005,2012,2012-10-01,28.3,2868,0.16,0.36,0.02,0.06,0.04,0.05,0.04,0.06,0.04,0.05,0.09,0.12,0.04,0.01,0.37,0.38
NBA,2012 - 2013,Playoffs,Jimmy Butler,CHI,12,490.0,50,115,15,37,45,55,16,26,9,53,62,32,15,6,160,1989-09-14,232.0,United States,Tomball High School,1.0,30.0,Chicago Bulls,jimmy butler,SF,198.12,202.56,100.79,201.93,257.81,5.4,22.86,22.86,2011,2012,2012-10-01,23.0,2869,0.1,0.23,0.03,0.08,0.09,0.11,0.03,0.05,0.02,0.11,0.13,0.07,0.03,0.01,0.33,0.39
NBA,2012 - 2013,Playoffs,James Harden,HOU,6,243.2,45,115,15,44,53,66,27,18,5,35,40,27,12,6,158,1989-08-26,220.0,United States,Artesia High School,1.0,3.0,Oklahoma City Thunder,james harden,SG,193.04,196.22,100.7,210.18,262.89,10.1,,,2009,2012,2012-10-01,23.1,2870,0.19,0.47,0.06,0.18,0.22,0.27,0.11,0.07,0.02,0.14,0.16,0.11,0.05,0.02,0.65,0.55
NBA,2012 - 2013,Playoffs,J.R. Smith,NYK,11,350.6,54,163,18,66,31,43,20,27,6,46,52,15,11,5,157,1985-09-09,225.0,United States,Saint Benedict's Preparatory School,1.0,18.0,New Orleans Pelicans,jr smith,SG/SF,196.85,200.02,102.97,208.28,264.16,6.7,,,2004,2012,2012-10-01,27.1,2871,0.15,0.46,0.05,0.19,0.09,0.12,0.06,0.08,0.02,0.13,0.15,0.04,0.03,0.01,0.45,0.28
NBA,2012 - 2013,Playoffs,Brook Lopez,BRK,7,263.3,58,123,1,1,39,44,16,20,29,23,52,10,6,21,156,1988-04-01,270.0,United States,San Joaquin Memorial High School,1.0,10.0,New Jersey Nets,brook lopez,C,211.46,214.63,117.03,227.33,287.02,6.3,,,2008,2012,2012-10-01,24.5,2872,0.22,0.47,0.0,0.0,0.15,0.17,0.06,0.08,0.11,0.09,0.2,0.04,0.02,0.08,0.59,0.6
NBA,2012 - 2013,Playoffs,Tony Allen,MEM,15,421.8,54,125,2,8,44,58,19,48,37,54,91,27,30,5,154,1982-01-11,213.0,United States,Crane High School,1.0,25.0,Boston Celtics,tony allen,SG,191.77,193.68,97.07,205.74,259.08,6.7,,,2004,2012,2012-10-01,30.7,2873,0.13,0.3,0.0,0.02,0.1,0.14,0.05,0.11,0.09,0.13,0.22,0.06,0.07,0.01,0.37,0.47
NBA,2012 - 2013,Playoffs,Deron Williams,BRK,7,292.1,45,106,17,43,37,45,21,17,1,21,22,59,7,4,144,1984-06-26,200.0,United States,The Colony High School,1.0,3.0,Utah Jazz,deron williams,PG,187.32,189.86,91.81,198.76,248.92,,,,2005,2012,2012-10-01,28.3,2874,0.15,0.36,0.06,0.15,0.13,0.15,0.07,0.06,0.0,0.07,0.08,0.2,0.02,0.01,0.49,0.5
NBA,2012 - 2013,Playoffs,Carl Landry,GSW,12,245.9,52,100,0,0,38,52,19,29,22,40,62,17,7,2,142,1983-09-19,248.0,United States,Vincent High School,2.0,1.0,Seattle SuperSonics,carl landry,PF,200.66,204.47,112.49,210.82,260.35,7.5,,,2007,2012,2012-10-01,29.0,2875,0.21,0.41,0.0,0.0,0.15,0.21,0.08,0.12,0.09,0.16,0.25,0.07,0.03,0.01,0.58,0.6
NBA,2012 - 2013,Playoffs,Jerryd Bayless,MEM,15,319.5,49,137,18,59,23,26,16,35,1,29,30,32,7,5,139,1988-08-20,210.0,United States,St. Mary's High School,1.0,11.0,Indiana Pacers,jerryd bayless,PG/SG,187.32,190.5,92.53,191.77,246.38,4.7,,,2008,2012,2012-10-01,24.1,2876,0.15,0.43,0.06,0.18,0.07,0.08,0.05,0.11,0.0,0.09,0.09,0.1,0.02,0.02,0.44,0.33
NBA,2012 - 2013,Playoffs,Chris Paul,LAC,6,223.9,49,92,6,19,33,37,9,17,3,21,24,38,11,0,137,1985-05-06,175.0,United States,West Forsyth High School,1.0,4.0,New Orleans Pelicans,chris paul,PG,182.24,185.42,80.74,193.68,236.22,,,,2005,2012,2012-10-01,27.4,2877,0.22,0.41,0.03,0.08,0.15,0.17,0.04,0.08,0.01,0.09,0.11,0.17,0.05,0.0,0.61,0.69
NBA,2012 - 2013,Playoffs,Joakim Noah,CHI,12,408.7,52,119,0,0,25,39,24,43,52,63,115,28,10,26,129,1985-02-25,230.0,France / United States,Lawrenceville School,1.0,9.0,Chicago Bulls,joakim noah,PF,208.28,213.36,101.15,216.54,270.51,4.8,,,2007,2012,2012-10-01,27.6,2878,0.13,0.29,0.0,0.0,0.06,0.1,0.06,0.11,0.13,0.15,0.28,0.07,0.02,0.06,0.32,0.49
NBA,2012 - 2013,Playoffs,Norris Cole,MIA,21,417.8,49,102,17,32,14,19,23,40,6,33,39,42,15,2,129,1988-10-13,175.0,United States,Dunbar High School ,1.0,28.0,Chicago Bulls,norris cole,PG,183.52,187.32,79.11,188.6,242.57,4.7,21.59,24.13,2011,2012,2012-10-01,24.0,2879,0.12,0.24,0.04,0.08,0.03,0.05,0.06,0.1,0.01,0.08,0.09,0.1,0.04,0.0,0.31,0.34
NBA,2012 - 2013,Playoffs,Ty Lawson,DEN,6,236.2,48,109,4,21,28,33,13,13,5,15,20,48,10,0,128,1987-11-03,195.0,United States,Oak Hill Academy,1.0,18.0,Minnesota Timberwolves,ty lawson,PG,180.98,184.15,89.18,184.78,240.03,6.6,,,2009,2012,2012-10-01,24.9,2880,0.2,0.46,0.02,0.09,0.12,0.14,0.06,0.06,0.02,0.06,0.08,0.2,0.04,0.0,0.54,0.52
NBA,2012 - 2013,Playoffs,Jeff Green,BOS,6,258.0,37,85,10,22,38,45,19,22,6,26,32,14,2,4,122,1986-08-28,235.0,United States,Northwestern High School,1.0,5.0,Boston Celtics,jeff green,SF,200.66,207.01,103.42,216.54,261.62,3.7,,,2007,2012,2012-10-01,26.1,2881,0.14,0.33,0.04,0.09,0.15,0.17,0.07,0.09,0.02,0.1,0.12,0.05,0.01,0.02,0.47,0.39
NBA,2012 - 2013,Playoffs,Tiago Splitter,SAS,19,387.6,45,84,0,1,26,33,24,46,21,37,58,23,15,14,116,1985-01-01,245.0,Brazil,,1.0,28.0,San Antonio Spurs,tiago splitter,C/PF,208.92,212.72,105.69,218.44,278.13,5.3,,,2004,2012,2012-10-01,27.7,2882,0.12,0.22,0.0,0.0,0.07,0.09,0.06,0.12,0.05,0.1,0.15,0.06,0.04,0.04,0.3,0.41
NBA,2012 - 2013,Playoffs,Iman Shumpert,NYK,12,336.8,41,100,18,42,12,14,14,36,18,54,72,16,13,3,112,1990-06-26,220.0,United States,Oak Park & River Forest High School,1.0,17.0,New York Knicks,iman shumpert,PG/SG,193.68,196.85,100.61,207.01,252.73,6.5,22.86,22.86,2011,2012,2012-10-01,22.3,2883,0.12,0.3,0.05,0.12,0.04,0.04,0.04,0.11,0.05,0.16,0.21,0.05,0.04,0.01,0.33,0.42
NBA,2012 - 2013,Playoffs,Udonis Haslem,MIA,22,357.4,51,86,0,0,8,14,14,54,26,54,80,6,15,5,110,1980-06-09,235.0,United States,Miami High School,,,,udonis haslem,PF,202.56,,113.4,210.82,271.78,,,,2002,2012,2012-10-01,32.3,2884,0.14,0.24,0.0,0.0,0.02,0.04,0.04,0.15,0.07,0.15,0.22,0.02,0.04,0.01,0.31,0.44
NBA,2012 - 2013,Playoffs,Chandler Parsons,HOU,6,237.5,42,93,16,40,9,14,18,19,7,32,39,22,1,2,109,1988-10-25,230.0,United States,Lake Howell High School,2.0,8.0,Houston Rockets,chandler parsons,SF,205.1,207.64,100.33,207.01,265.43,7.0,20.96,25.4,2011,2012,2012-10-01,23.9,2885,0.18,0.39,0.07,0.17,0.04,0.06,0.08,0.08,0.03,0.13,0.16,0.09,0.0,0.01,0.46,0.41
NBA,2012 - 2013,Playoffs,Andre Iguodala,DEN,6,243.4,38,76,14,29,18,25,17,9,9,39,48,32,12,2,108,1984-01-28,215.0,United States,Lanphier High School,1.0,9.0,Philadelphia Sixers,andre iguodala,SG/SF,197.48,200.02,98.43,210.82,267.97,6.7,,,2004,2012,2012-10-01,28.7,2886,0.16,0.31,0.06,0.12,0.07,0.1,0.07,0.04,0.04,0.16,0.2,0.13,0.05,0.01,0.44,0.58
NBA,2012 - 2013,Playoffs,Joe Johnson,BRK,7,271.4,43,103,10,39,8,9,12,13,4,18,22,19,8,0,104,1981-06-29,240.0,United States,Little Rock Central High School,1.0,10.0,Boston Celtics,joe johnson,SF/SG,200.02,,102.51,205.74,266.7,6.7,,,2001,2012,2012-10-01,31.3,2887,0.16,0.38,0.04,0.14,0.03,0.03,0.04,0.05,0.01,0.07,0.08,0.07,0.03,0.0,0.38,0.3
NBA,2012 - 2013,Playoffs,Shane Battier,MIA,22,391.8,27,93,26,88,23,28,5,49,9,29,38,12,5,6,103,1978-09-09,220.0,United States,Detroit Country Day School,1.0,6.0,Vancouver Grizzlies,shane battier,SF/PF,203.84,,103.87,209.55,266.7,9.3,,,2001,2012,2012-10-01,34.1,2888,0.07,0.24,0.07,0.22,0.06,0.07,0.01,0.13,0.02,0.07,0.1,0.03,0.01,0.02,0.26,0.23
NBA,2012 - 2013,Playoffs,Josh Smith,ATL,6,199.1,39,90,5,20,19,36,16,21,10,35,45,21,11,3,102,1985-12-05,225.0,United States,Oak Hill Academy,1.0,17.0,Atlanta Hawks,josh smith,SG/SF,200.66,203.84,100.24,213.36,270.51,6.7,,,2004,2012,2012-10-01,26.8,2889,0.2,0.45,0.03,0.1,0.1,0.18,0.08,0.11,0.05,0.18,0.23,0.11,0.06,0.02,0.51,0.52
NBA,2012 - 2013,Playoffs,Al Horford,ATL,6,217.7,41,83,0,0,18,27,9,17,12,41,53,18,6,5,100,1986-06-03,245.0,Dominican Republic / United States,Grand Ledge High School,1.0,3.0,Atlanta Hawks,al horford,PF,203.2,207.64,111.58,215.26,271.78,9.1,,,2007,2012,2012-10-01,26.3,2890,0.19,0.38,0.0,0.0,0.08,0.12,0.04,0.08,0.06,0.19,0.24,0.08,0.03,0.02,0.46,0.56
NBA,2012 - 2013,Playoffs,D.J. Augustin,IND,19,316.3,27,71,19,48,25,31,10,26,2,13,15,13,7,0,98,1987-11-10,183.0,United States,Hightower High School,1.0,9.0,Charlotte Hornets,dj augustin,PG,177.8,181.61,77.79,191.77,240.03,8.1,,,2008,2012,2012-10-01,24.9,2891,0.09,0.22,0.06,0.15,0.08,0.1,0.03,0.08,0.01,0.04,0.05,0.04,0.02,0.0,0.31,0.24
NBA,2012 - 2013,Playoffs,Andrew Bogut,GSW,12,326.7,39,67,0,0,8,23,22,39,39,92,131,22,6,18,86,1984-11-28,260.0,Australia,Australian Institute of Sport,1.0,1.0,Milwaukee Bucks,andrew bogut,C/PF,210.82,214.0,113.67,220.98,280.67,,,,2005,2012,2012-10-01,27.8,2892,0.12,0.21,0.0,0.0,0.02,0.07,0.07,0.12,0.12,0.28,0.4,0.07,0.02,0.06,0.26,0.6
NBA,2012 - 2013,Playoffs,Matt Bonner,SAS,20,266.9,28,59,15,32,10,12,2,35,9,30,39,6,5,5,81,1980-04-05,235.0,United States,Concord High School,2.0,16.0,Chicago Bulls,matt bonner,PF/SF,204.47,,109.77,205.1,267.97,13.6,,,2003,2012,2012-10-01,32.5,2893,0.1,0.22,0.06,0.12,0.04,0.04,0.01,0.13,0.03,0.11,0.15,0.02,0.02,0.02,0.3,0.38
NBA,2012 - 2013,Playoffs,Jeff Teague,ATL,6,212.9,27,81,3,10,23,28,14,17,3,14,17,30,9,2,80,1988-06-10,195.0,United States,Pike High School,1.0,19.0,Atlanta Hawks,jeff teague,PG,183.52,186.69,79.47,201.93,250.19,4.5,,,2009,2012,2012-10-01,24.3,2894,0.13,0.38,0.01,0.05,0.11,0.13,0.07,0.08,0.01,0.07,0.08,0.14,0.04,0.01,0.38,0.31
NBA,2012 - 2013,Playoffs,Blake Griffin,LAC,6,157.8,29,64,0,0,21,26,13,24,8,25,33,15,0,5,79,1989-03-16,250.0,United States,Oklahoma Christian School,1.0,1.0,Los Angeles Clippers,blake griffin,PF,204.47,208.28,112.67,211.46,266.7,8.2,,,2009,2012,2012-10-01,23.5,2895,0.18,0.41,0.0,0.0,0.13,0.16,0.08,0.15,0.05,0.16,0.21,0.1,0.0,0.03,0.5,0.5
NBA,2012 - 2013,Playoffs,Tyler Hansbrough,IND,19,241.3,26,62,0,0,26,44,15,41,36,25,61,5,6,0,78,1985-11-03,250.0,United States,Poplar Bluff High School,1.0,13.0,Indiana Pacers,tyler hansbrough,PF,203.84,207.01,106.23,212.09,269.24,8.5,,,2009,2012,2012-10-01,26.9,2896,0.11,0.26,0.0,0.0,0.11,0.18,0.06,0.17,0.15,0.1,0.25,0.02,0.02,0.0,0.32,0.33
NBA,2012 - 2013,Playoffs,Taj Gibson,CHI,12,205.6,31,66,0,2,16,22,9,37,15,21,36,4,4,6,78,1985-06-24,232.0,United States,Calvary Christian High School,1.0,26.0,Chicago Bulls,taj gibson,PF,204.47,207.64,97.25,223.52,276.86,6.6,,,2009,2012,2012-10-01,27.3,2897,0.15,0.32,0.0,0.01,0.08,0.11,0.04,0.18,0.07,0.1,0.18,0.02,0.02,0.03,0.38,0.39
NBA,2012 - 2013,Playoffs,Matt Barnes,LAC,6,161.6,24,44,7,17,16,19,5,23,7,23,30,3,4,2,71,1980-03-09,226.0,United States,Del Campo High School,2.0,17.0,Memphis Grizzlies,matt barnes,SF,200.02,,102.51,205.74,245.11,,,,2002,2012,2012-10-01,32.6,2898,0.15,0.27,0.04,0.11,0.1,0.12,0.03,0.14,0.04,0.14,0.19,0.02,0.02,0.01,0.44,0.51
NBA,2012 - 2013,Playoffs,Draymond Green,GSW,12,223.1,24,56,9,23,13,17,12,35,14,37,51,19,6,10,70,1990-03-04,230.0,United States,Saginaw High School,2.0,5.0,Golden State Warriors,draymond green,PF/SF,197.48,201.93,106.87,216.54,266.7,11.3,22.86,24.13,2012,2012,2012-10-01,22.6,2899,0.11,0.25,0.04,0.1,0.06,0.08,0.05,0.16,0.06,0.17,0.23,0.09,0.03,0.04,0.31,0.49
NBA,2012 - 2013,Playoffs,Luol Deng,CHI,5,223.9,32,84,1,18,4,10,12,12,5,33,38,19,5,3,69,1985-04-16,220.0,England / South Sudan,Blair Academy,1.0,7.0,Phoenix Suns,luol deng,SF,200.66,203.2,99.79,214.63,275.59,6.7,,,2004,2012,2012-10-01,27.5,2900,0.14,0.38,0.0,0.08,0.02,0.04,0.05,0.05,0.02,0.15,0.17,0.08,0.02,0.01,0.31,0.28
NBA,2012 - 2013,Playoffs,Tyson Chandler,NYK,12,349.9,28,52,0,0,12,16,11,48,40,48,88,4,8,14,68,1982-10-02,240.0,United States,Dominguez High School,1.0,2.0,Los Angeles Clippers,tyson chandler,SF/PF,212.09,,101.6,220.98,279.4,6.7,,,2001,2012,2012-10-01,30.0,2901,0.08,0.15,0.0,0.0,0.03,0.05,0.03,0.14,0.11,0.14,0.25,0.01,0.02,0.04,0.19,0.39
NBA,2012 - 2013,Playoffs,Dwight Howard,LAL,4,126.2,26,42,0,0,16,36,16,17,10,33,43,4,2,8,68,1985-12-08,265.0,United States,Southwest Atlanta Christian Academy,1.0,1.0,Orlando Magic,dwight howard,PF/C,205.74,208.92,108.86,224.79,283.21,10.5,,,2004,2012,2012-10-01,26.8,2902,0.21,0.33,0.0,0.0,0.13,0.29,0.13,0.13,0.08,0.26,0.34,0.03,0.02,0.06,0.54,0.58
NBA,2012 - 2013,Playoffs,Devin Harris,ATL,6,225.4,23,63,5,25,17,25,12,18,2,15,17,22,10,1,68,1983-02-27,185.0,United States,Wauwatosa East High School,1.0,5.0,Washington Wizards,devin harris,PG,187.32,190.5,77.11,201.93,250.19,5.3,,,2004,2012,2012-10-01,29.6,2903,0.1,0.28,0.02,0.11,0.08,0.11,0.05,0.08,0.01,0.07,0.08,0.1,0.04,0.0,0.3,0.26
NBA,2012 - 2013,Playoffs,Jamal Crawford,LAC,6,161.5,24,62,6,22,11,11,4,9,2,10,12,10,3,1,65,1980-03-20,195.0,United States,Rainier Beach High School,1.0,8.0,Cleveland Cavaliers,jamal crawford,PG/SG,194.31,,79.38,208.28,260.35,,,,2000,2012,2012-10-01,32.5,2904,0.15,0.38,0.04,0.14,0.07,0.07,0.02,0.06,0.01,0.06,0.07,0.06,0.02,0.01,0.4,0.31
NBA,2012 - 2013,Playoffs,Corey Brewer,DEN,6,146.2,21,68,9,36,14,21,7,19,3,8,11,7,6,1,65,1986-03-05,186.0,United States,Portland High School,1.0,7.0,Minnesota Timberwolves,corey brewer,SF/SG,198.12,202.56,83.91,203.84,261.62,4.2,,,2007,2012,2012-10-01,26.6,2905,0.14,0.47,0.06,0.25,0.1,0.14,0.05,0.13,0.02,0.05,0.08,0.05,0.04,0.01,0.44,0.2
NBA,2012 - 2013,Playoffs,Francisco Garcia,HOU,6,164.3,22,50,17,37,3,5,4,21,3,17,20,9,4,5,64,1981-12-31,195.0,Dominican Republic,The Winchendon School,1.0,23.0,Sacramento Kings,francisco garcia,SF/SG,197.48,200.66,86.0,210.18,261.62,,,,2005,2012,2012-10-01,30.8,2906,0.13,0.3,0.1,0.23,0.02,0.03,0.02,0.13,0.02,0.1,0.12,0.05,0.02,0.03,0.39,0.41
NBA,2012 - 2013,Playoffs,Kyle Korver,ATL,6,177.5,19,49,12,34,11,12,6,14,0,20,20,4,2,4,61,1981-03-17,212.0,United States,Pella High School,2.0,22.0,New Jersey Nets,kyle korver,SF,198.76,,95.71,207.01,260.35,6.7,,,2003,2012,2012-10-01,31.5,2907,0.11,0.28,0.07,0.19,0.06,0.07,0.03,0.08,0.0,0.11,0.11,0.02,0.01,0.02,0.34,0.29
NBA,2012 - 2013,Playoffs,C.J. Watson,BRK,7,161.1,24,55,4,15,8,12,1,11,5,12,17,13,5,1,60,1984-04-17,175.0,United States,Bishop Gorman High School,,,,cj watson,PG,184.15,187.32,77.56,198.12,243.84,5.2,,,2006,2012,2012-10-01,28.5,2908,0.15,0.34,0.02,0.09,0.05,0.07,0.01,0.07,0.03,0.07,0.11,0.08,0.03,0.01,0.37,0.38
NBA,2012 - 2013,Playoffs,Cory Joseph,SAS,20,192.0,26,56,2,11,5,11,10,15,8,23,31,24,6,2,59,1991-08-20,200.0,Canada,Findlay College Prep,1.0,29.0,San Antonio Spurs,cory joseph,PG,187.96,191.14,84.46,196.85,251.46,9.7,21.59,26.67,2011,2012,2012-10-01,21.1,2909,0.14,0.29,0.01,0.06,0.03,0.06,0.05,0.08,0.04,0.12,0.16,0.12,0.03,0.01,0.31,0.4
NBA,2012 - 2013,Playoffs,Darrell Arthur,MEM,15,174.6,25,53,0,2,8,9,7,36,14,24,38,6,2,4,58,1988-03-25,235.0,United States,South Oak Cliff High School,1.0,27.0,New Orleans Pelicans,darrell arthur,PF,201.93,204.47,97.98,210.18,271.78,7.3,,,2008,2012,2012-10-01,24.5,2910,0.14,0.3,0.0,0.01,0.05,0.05,0.04,0.21,0.08,0.14,0.22,0.03,0.01,0.02,0.33,0.41
NBA,2012 - 2013,Playoffs,Monta Ellis,MIL,4,151.7,24,55,3,19,6,16,14,8,2,11,13,22,10,1,57,1985-10-26,185.0,United States,Lanier High School,2.0,10.0,Golden State Warriors,monta ellis,SG/PG,188.6,191.14,80.1,189.86,248.92,,,,2005,2012,2012-10-01,26.9,2911,0.16,0.36,0.02,0.13,0.04,0.11,0.09,0.05,0.01,0.07,0.09,0.15,0.07,0.01,0.38,0.34
NBA,2012 - 2013,Playoffs,Nick Collison,OKC,11,178.2,22,47,0,0,11,12,10,37,25,26,51,12,5,11,55,1980-10-26,255.0,United States,Iowa Falls High School,1.0,12.0,Seattle SuperSonics,nick collison,PF,205.1,,115.67,217.17,274.32,17.0,,,2003,2012,2012-10-01,31.9,2912,0.12,0.26,0.0,0.0,0.06,0.07,0.06,0.21,0.14,0.15,0.29,0.07,0.03,0.06,0.31,0.55
NBA,2012 - 2013,Playoffs,Gerald Green,IND,9,105.0,21,50,11,33,2,2,6,10,2,10,12,3,0,1,55,1986-01-26,205.0,United States,Gulf Shores Academy,1.0,18.0,Boston Celtics,gerald green,SF,198.12,201.3,87.09,207.64,264.16,,,,2005,2012,2012-10-01,26.7,2913,0.2,0.48,0.1,0.31,0.02,0.02,0.06,0.1,0.02,0.1,0.11,0.03,0.0,0.01,0.52,0.33
NBA,2012 - 2013,Playoffs,Kenneth Faried,DEN,5,144.7,20,32,0,0,11,15,5,22,12,30,42,1,5,1,51,1989-11-19,220.0,United States,Technology High School,1.0,22.0,Denver Nuggets,kenneth faried,PF,198.12,201.93,101.88,213.36,274.32,6.3,21.59,26.04,2011,2012,2012-10-01,22.9,2914,0.14,0.22,0.0,0.0,0.08,0.1,0.03,0.15,0.08,0.21,0.29,0.01,0.03,0.01,0.35,0.56
NBA,2012 - 2013,Playoffs,Caron Butler,LAC,6,135.5,22,46,4,16,3,3,6,11,1,15,16,0,2,2,51,1980-03-13,228.0,United States,Maine Central Institute,1.0,10.0,Miami Heat,caron butler,SF/SG,196.22,,100.7,212.09,262.89,,,,2002,2012,2012-10-01,32.6,2915,0.16,0.34,0.03,0.12,0.02,0.02,0.04,0.08,0.01,0.11,0.12,0.0,0.01,0.01,0.38,0.3
NBA,2012 - 2013,Playoffs,Mike Dunleavy,MIL,4,91.5,17,30,7,16,8,9,3,5,3,13,16,8,2,0,49,1980-09-15,230.0,United States,Jesuit High School,1.0,3.0,Golden State Warriors,mike dunleavy,SF,203.2,,104.33,205.74,269.24,,,,2002,2012,2012-10-01,32.0,2916,0.19,0.33,0.08,0.17,0.09,0.1,0.03,0.05,0.03,0.14,0.17,0.09,0.02,0.0,0.54,0.64
NBA,2012 - 2013,Playoffs,DeJuan Blair,SAS,12,76.5,21,34,0,0,5,9,1,14,6,18,24,7,5,1,47,1989-04-22,270.0,United States,Schenley High School,2.0,7.0,San Antonio Spurs,dejuan blair,PF,196.22,199.39,125.46,218.44,270.51,12.0,,,2009,2012,2012-10-01,23.4,2917,0.27,0.44,0.0,0.0,0.07,0.12,0.01,0.18,0.08,0.24,0.31,0.09,0.07,0.01,0.61,0.86
NBA,2012 - 2013,Playoffs,Ersan Ilyasova,MIL,4,117.2,20,46,4,10,2,2,6,8,10,19,29,7,5,1,46,1987-05-15,235.0,Turkey,,2.0,6.0,Milwaukee Bucks,ersan ilyasova,SF,202.56,205.74,94.71,216.54,278.13,,,,2005,2012,2012-10-01,25.4,2918,0.17,0.39,0.03,0.09,0.02,0.02,0.05,0.07,0.09,0.16,0.25,0.06,0.04,0.01,0.39,0.48
NBA,2012 - 2013,Playoffs,Kirk Hinrich,CHI,4,162.1,16,37,4,11,9,14,8,14,1,10,11,23,8,1,45,1981-01-02,190.0,United States,West High School ,1.0,7.0,Chicago Bulls,kirk hinrich,PG/SG,189.86,,84.37,198.12,250.19,5.3,,,2003,2012,2012-10-01,31.7,2919,0.1,0.23,0.02,0.07,0.06,0.09,0.05,0.09,0.01,0.06,0.07,0.14,0.05,0.01,0.28,0.34
NBA,2012 - 2013,Playoffs,Larry Sanders,MIL,4,113.0,19,33,0,0,5,11,12,18,11,22,33,5,3,5,43,1988-11-21,235.0,United States,Port St. Lucie High School,1.0,15.0,Milwaukee Bucks,larry sanders,PF/C,206.38,209.55,100.88,227.96,284.48,4.6,24.76,27.94,2010,2012,2012-10-01,23.9,2920,0.17,0.29,0.0,0.0,0.04,0.1,0.11,0.16,0.1,0.19,0.29,0.04,0.03,0.04,0.38,0.49
NBA,2012 - 2013,Playoffs,JaVale McGee,DEN,6,111.9,18,31,0,0,7,18,11,17,17,14,31,0,4,6,43,1988-01-19,270.0,United States,Hales Franciscan,1.0,18.0,Washington Wizards,javale mcgee,C/PF,210.82,213.36,109.32,228.6,290.83,5.3,,,2008,2012,2012-10-01,24.7,2921,0.16,0.28,0.0,0.0,0.06,0.16,0.1,0.15,0.15,0.13,0.28,0.0,0.04,0.05,0.38,0.43
NBA,2012 - 2013,Playoffs,Darius Morris,LAL,4,104.9,16,35,3,9,7,9,6,6,1,4,5,12,2,0,42,1991-01-03,195.0,United States,Windward School,2.0,11.0,Los Angeles Lakers,darius morris,PG/SG,191.14,196.22,86.18,201.93,259.08,5.3,22.22,25.4,2011,2012,2012-10-01,21.7,2922,0.15,0.33,0.03,0.09,0.07,0.09,0.06,0.06,0.01,0.04,0.05,0.11,0.02,0.0,0.4,0.32
NBA,2012 - 2013,Playoffs,Brandon Bass,BOS,6,203.5,14,29,0,0,12,15,5,17,8,32,40,7,2,1,40,1985-04-30,250.0,United States,Capitol High School,2.0,3.0,New Orleans Pelicans,brandon bass,PF,198.76,201.3,111.58,219.71,270.51,9.3,,,2004,2012,2012-10-01,27.4,2923,0.07,0.14,0.0,0.0,0.06,0.07,0.02,0.08,0.04,0.16,0.2,0.03,0.01,0.0,0.2,0.34
NBA,2012 - 2013,Playoffs,Avery Bradley,BOS,6,191.2,17,42,2,8,4,4,11,11,3,10,13,8,11,1,40,1990-11-26,180.0,United States,Findlay College Prep,1.0,19.0,Boston Celtics,avery bradley,SG/PG,187.96,191.14,81.83,201.3,250.19,4.0,20.96,24.13,2010,2012,2012-10-01,21.8,2924,0.09,0.22,0.01,0.04,0.02,0.02,0.06,0.06,0.02,0.05,0.07,0.04,0.06,0.01,0.21,0.2
NBA,2012 - 2013,Playoffs,Eric Bledsoe,LAC,6,97.1,15,30,1,9,8,12,5,10,2,13,15,18,2,3,39,1989-12-09,205.0,United States,Parker High School,1.0,18.0,Oklahoma City Thunder,eric bledsoe,PG,183.52,186.69,86.91,201.93,248.92,5.6,21.59,24.76,2010,2012,2012-10-01,22.8,2925,0.15,0.31,0.01,0.09,0.08,0.12,0.05,0.1,0.02,0.13,0.15,0.19,0.02,0.03,0.4,0.54
NBA,2012 - 2013,Playoffs,Andrew Goudelock,LAL,3,80.0,16,36,2,10,2,2,4,7,1,4,5,3,5,0,36,1988-12-07,200.0,United States,Stone Mountain High School,2.0,16.0,Los Angeles Lakers,andrew goudelock,PG,186.06,189.86,89.63,193.68,245.11,9.9,20.96,23.5,2011,2012,2012-10-01,23.8,2926,0.2,0.45,0.02,0.12,0.02,0.02,0.05,0.09,0.01,0.05,0.06,0.04,0.06,0.0,0.45,0.31
NBA,2012 - 2013,Playoffs,Luc Mbah a Moute,MIL,4,135.5,10,23,0,4,13,18,5,9,4,10,14,7,4,0,33,1986-09-09,230.0,Cameroon,Montverde Academy,2.0,7.0,Milwaukee Bucks,luc mbah a moute,SF,197.48,201.93,100.24,219.71,262.89,7.0,,,2008,2012,2012-10-01,26.1,2927,0.07,0.17,0.0,0.03,0.1,0.13,0.04,0.07,0.03,0.07,0.1,0.05,0.03,0.0,0.24,0.25
NBA,2012 - 2013,Playoffs,Reggie Evans,BRK,7,209.1,11,23,0,0,10,18,6,21,16,70,86,6,7,2,32,1980-05-18,245.0,United States,Woodham High School,,,,reggie evans,PF,201.93,,113.4,219.71,273.05,,,,2002,2012,2012-10-01,32.4,2928,0.05,0.11,0.0,0.0,0.05,0.09,0.03,0.1,0.08,0.33,0.41,0.03,0.03,0.01,0.15,0.5
NBA,2012 - 2013,Playoffs,Kris Humphries,BRK,7,82.5,14,31,0,0,3,7,2,15,10,13,23,1,1,3,31,1985-02-06,235.0,United States,Hopkins High School,1.0,14.0,Utah Jazz,kris humphries,PF,203.84,207.01,107.95,214.63,270.51,6.7,,,2004,2012,2012-10-01,27.6,2929,0.17,0.38,0.0,0.0,0.04,0.08,0.02,0.18,0.12,0.16,0.28,0.01,0.01,0.04,0.38,0.45
NBA,2012 - 2013,Playoffs,David Lee,GSW,6,65.3,13,33,0,0,4,6,5,5,6,22,28,5,3,1,30,1983-04-29,245.0,United States,Chaminade College Preparatory School,1.0,30.0,New York Knicks,david lee,PF,202.56,205.74,104.1,213.36,270.51,,,,2005,2012,2012-10-01,29.4,2930,0.2,0.51,0.0,0.0,0.06,0.09,0.08,0.08,0.09,0.34,0.43,0.08,0.05,0.02,0.46,0.62
NBA,2012 - 2013,Playoffs,Aaron Brooks,HOU,6,66.9,13,34,1,9,3,5,6,3,3,6,9,11,1,1,30,1985-01-14,161.0,United States,Benjamin Franklin High School,1.0,26.0,Houston Rockets,aaron brooks,PG,177.8,182.24,73.03,193.04,238.76,2.7,,,2007,2012,2012-10-01,27.7,2931,0.19,0.51,0.01,0.13,0.04,0.07,0.09,0.04,0.04,0.09,0.13,0.16,0.01,0.01,0.45,0.32
NBA,2012 - 2013,Playoffs,J.J. Redick,MIL,4,69.3,11,25,4,12,3,3,6,9,0,3,3,5,1,0,29,1984-06-24,200.0,United States,Cave Spring High School,1.0,11.0,Orlando Magic,jj redick,SG,193.04,194.94,86.18,191.14,247.65,7.0,,,2006,2012,2012-10-01,28.3,2932,0.16,0.36,0.06,0.17,0.04,0.04,0.09,0.13,0.0,0.04,0.04,0.07,0.01,0.0,0.42,0.25
NBA,2012 - 2013,Playoffs,Sam Young,IND,15,130.2,9,24,2,10,6,8,7,17,11,18,29,4,4,1,26,1985-06-01,225.0,United States / Lebanon,Hargrave Military Academy ,2.0,6.0,Memphis Grizzlies,sam young,SF/SG,196.22,200.02,101.06,210.18,267.97,4.9,,,2009,2012,2012-10-01,27.3,2933,0.07,0.18,0.02,0.08,0.05,0.06,0.05,0.13,0.08,0.14,0.22,0.03,0.03,0.01,0.2,0.32
NBA,2012 - 2013,Playoffs,Festus Ezeli,GSW,12,134.1,6,13,0,0,12,21,12,24,13,17,30,2,3,7,24,1989-10-21,265.0,Nigeria,Jesuit High School ,1.0,30.0,Golden State Warriors,festus ezeli,C/PF,207.64,212.09,119.84,227.96,274.32,5.5,22.86,27.3,2012,2012,2012-10-01,22.9,2934,0.04,0.1,0.0,0.0,0.09,0.16,0.09,0.18,0.1,0.13,0.22,0.01,0.02,0.05,0.18,0.26
NBA,2012 - 2013,Playoffs,Anthony Tolliver,ATL,6,68.5,8,14,7,11,1,3,1,7,3,6,9,1,1,1,24,1985-06-01,245.0,United States,Kickapoo High School,,,,anthony tolliver,PF,200.66,204.47,109.77,219.71,273.05,5.7,,,2007,2012,2012-10-01,27.3,2935,0.12,0.2,0.1,0.16,0.01,0.04,0.01,0.1,0.04,0.09,0.13,0.01,0.01,0.01,0.35,0.39
NBA,2012 - 2013,Playoffs,DeAndre Jordan,LAC,6,144.4,10,22,0,0,2,9,9,18,15,23,38,1,1,10,22,1988-07-21,265.0,United States,Christian Life Center,2.0,5.0,Los Angeles Clippers,deandre jordan,C,207.64,210.82,113.4,228.6,288.29,7.5,,,2008,2012,2012-10-01,24.2,2936,0.07,0.15,0.0,0.0,0.01,0.06,0.06,0.12,0.1,0.16,0.26,0.01,0.01,0.07,0.15,0.31
NBA,2012 - 2013,Playoffs,Jeff Ayres,IND,9,71.1,8,24,0,1,0,0,3,14,4,14,18,1,0,2,16,1987-04-29,240.0,United States,Etiwanda High School,2.0,1.0,Sacramento Kings,jeff ayres,PF,205.1,208.28,108.68,215.9,271.78,5.5,,,2009,2012,2012-10-01,25.4,2937,0.11,0.34,0.0,0.01,0.0,0.0,0.04,0.2,0.06,0.2,0.25,0.01,0.0,0.03,0.23,0.25
NBA,2012 - 2013,Playoffs,Earl Clark,LAL,4,81.6,7,19,0,4,0,0,6,4,2,10,12,1,1,1,14,1988-01-17,234.0,United States,Rahway High School,1.0,14.0,Phoenix Suns,earl clark,SF/PF,204.47,208.92,103.6,219.71,278.13,5.2,,,2009,2012,2012-10-01,24.7,2938,0.09,0.23,0.0,0.05,0.0,0.0,0.07,0.05,0.02,0.12,0.15,0.01,0.01,0.01,0.17,0.14
NBA,2012 - 2013,Playoffs,Marquis Teague,CHI,8,71.5,5,17,0,5,0,0,2,10,0,3,3,12,2,1,10,1993-02-28,180.0,United States,Pike High School,1.0,29.0,Chicago Bulls,marquis teague,PG,185.42,187.96,81.56,201.3,245.11,6.3,20.96,19.68,2012,2012,2012-10-01,19.6,2939,0.07,0.24,0.0,0.07,0.0,0.0,0.03,0.14,0.0,0.04,0.04,0.17,0.03,0.01,0.14,0.19
NBA,2012 - 2013,Playoffs,DeAndre Liggins,OKC,8,68.0,3,9,1,5,1,4,2,10,0,14,14,4,1,1,8,1988-03-31,210.0,United States,Findlay College Prep,2.0,23.0,Orlando Magic,deandre liggins,SF/SG,195.58,198.76,91.72,210.82,262.89,5.0,22.22,25.4,2011,2012,2012-10-01,24.5,2940,0.04,0.13,0.01,0.07,0.01,0.06,0.03,0.15,0.0,0.21,0.21,0.06,0.01,0.01,0.12,0.24
NBA,2013 - 2014,Playoffs,Kevin Durant,OKC,19,814.6,194,422,43,125,132,163,72,41,25,145,170,75,19,25,563,1988-09-29,240.0,United States,Montrose Christian School,1.0,2.0,Seattle SuperSonics,kevin durant,SF/PF,205.74,208.92,97.52,225.42,279.4,6.6,,,2007,2013,2013-10-01,25.0,3318,0.24,0.52,0.05,0.15,0.16,0.2,0.09,0.05,0.03,0.18,0.21,0.09,0.02,0.03,0.69,0.63
NBA,2013 - 2014,Playoffs,LeBron James,MIA,20,763.4,192,340,35,86,129,160,61,46,14,127,141,95,36,11,548,1984-12-30,250.0,United States,St. Vincent St. Mary High School,1.0,1.0,Cleveland Cavaliers,lebron james,SF/SG,201.3,,111.13,214.0,269.88,6.7,,,2003,2013,2013-10-01,28.8,3319,0.25,0.45,0.05,0.11,0.17,0.21,0.08,0.06,0.02,0.17,0.18,0.12,0.05,0.01,0.72,0.76
NBA,2013 - 2014,Playoffs,Russell Westbrook,OKC,19,735.3,167,398,28,100,145,164,83,62,45,93,138,153,41,6,507,1988-11-12,200.0,United States,Leuzinger High School,1.0,4.0,Seattle SuperSonics,russell westbrook,PG,188.6,191.77,87.09,202.56,254.0,4.8,,,2008,2013,2013-10-01,24.9,3320,0.23,0.54,0.04,0.14,0.2,0.22,0.11,0.08,0.06,0.13,0.19,0.21,0.06,0.01,0.69,0.72
NBA,2013 - 2014,Playoffs,Paul George,IND,19,781.4,138,315,52,129,101,128,49,56,13,132,145,73,41,7,429,1990-05-02,220.0,United States,Pete Knight High School,1.0,10.0,Indiana Pacers,paul george,SF,202.56,205.1,97.25,211.46,271.78,5.0,21.59,22.86,2010,2013,2013-10-01,23.4,3321,0.18,0.4,0.07,0.17,0.13,0.16,0.06,0.07,0.02,0.17,0.19,0.09,0.05,0.01,0.55,0.58
NBA,2013 - 2014,Playoffs,Dwyane Wade,MIA,20,692.9,139,278,9,24,69,90,54,55,16,61,77,77,30,5,356,1982-01-17,220.0,United States,Harold L. Richards High School,1.0,5.0,Miami Heat,dwyane wade,SG/SF,192.4,,96.16,210.18,259.08,6.7,,,2003,2013,2013-10-01,31.7,3322,0.2,0.4,0.01,0.03,0.1,0.13,0.08,0.08,0.02,0.09,0.11,0.11,0.04,0.01,0.51,0.47
NBA,2013 - 2014,Playoffs,Kawhi Leonard,SAS,23,735.9,122,239,31,74,53,72,29,66,31,124,155,38,39,14,328,1991-06-29,230.0,United States,Martin Luther King High School,1.0,15.0,Indiana Pacers,kawhi leonard,SF,198.12,200.66,103.15,220.98,269.24,5.4,24.76,28.58,2011,2013,2013-10-01,22.3,3323,0.17,0.32,0.04,0.1,0.07,0.1,0.04,0.09,0.04,0.17,0.21,0.05,0.05,0.02,0.45,0.56
NBA,2013 - 2014,Playoffs,Blake Griffin,LAC,13,478.1,117,234,1,7,71,96,31,54,35,61,96,50,16,14,306,1989-03-16,250.0,United States,Oklahoma Christian School,1.0,1.0,Los Angeles Clippers,blake griffin,PF,204.47,208.28,112.67,211.46,266.7,8.2,,,2009,2013,2013-10-01,24.5,3324,0.24,0.49,0.0,0.01,0.15,0.2,0.06,0.11,0.07,0.13,0.2,0.1,0.03,0.03,0.64,0.64
NBA,2013 - 2014,Playoffs,Chris Bosh,MIA,20,685.7,116,229,30,74,36,48,14,51,24,88,112,21,17,20,298,1984-03-24,235.0,United States,Lincoln High School,1.0,4.0,Toronto Raptors,chris bosh,PF,208.92,,102.06,222.25,276.86,8.0,,,2003,2013,2013-10-01,29.5,3325,0.17,0.33,0.04,0.11,0.05,0.07,0.02,0.07,0.04,0.13,0.16,0.03,0.02,0.03,0.43,0.47
NBA,2013 - 2014,Playoffs,LaMarcus Aldridge,POR,11,440.8,113,250,2,3,60,75,19,40,30,87,117,16,7,18,288,1985-07-19,265.0,United States,Seagoville High School,1.0,2.0,Chicago Bulls,lamarcus aldridge,PF/C,208.28,211.46,106.14,225.42,279.4,8.7,,,2006,2013,2013-10-01,28.2,3326,0.26,0.57,0.0,0.01,0.14,0.17,0.04,0.09,0.07,0.2,0.27,0.04,0.02,0.04,0.65,0.64
NBA,2013 - 2014,Playoffs,David West,IND,19,687.5,121,245,2,10,43,61,43,57,24,104,128,75,14,15,287,1980-08-29,250.0,United States,Garner Magnet High School,1.0,18.0,New Orleans Pelicans,david west,PF/SF,203.84,,102.51,224.16,274.96,8.0,,,2003,2013,2013-10-01,33.1,3327,0.18,0.36,0.0,0.01,0.06,0.09,0.06,0.08,0.03,0.15,0.19,0.11,0.02,0.02,0.42,0.49
NBA,2013 - 2014,Playoffs,Lance Stephenson,IND,19,705.1,100,220,24,67,35,49,46,55,24,107,131,80,16,4,259,1990-09-05,230.0,United States,Abraham Lincoln High School,2.0,10.0,Indiana Pacers,lance stephenson,SG,194.31,197.48,102.97,209.55,261.62,9.3,22.86,26.04,2010,2013,2013-10-01,23.1,3328,0.14,0.31,0.03,0.1,0.05,0.07,0.07,0.08,0.03,0.15,0.19,0.11,0.02,0.01,0.37,0.44
NBA,2013 - 2014,Playoffs,Chris Paul,LAC,13,472.1,92,197,32,70,41,53,39,50,12,43,55,134,37,0,257,1985-05-06,175.0,United States,West Forsyth High School,1.0,4.0,New Orleans Pelicans,chris paul,PG,182.24,185.42,80.74,193.68,236.22,,,,2005,2013,2013-10-01,28.4,3329,0.19,0.42,0.07,0.15,0.09,0.11,0.08,0.11,0.03,0.09,0.12,0.28,0.08,0.0,0.54,0.69
NBA,2013 - 2014,Playoffs,Joe Johnson,BRK,12,469.1,98,184,22,53,36,43,19,20,9,37,46,35,6,3,254,1981-06-29,240.0,United States,Little Rock Central High School,1.0,10.0,Boston Celtics,joe johnson,SF/SG,200.02,,102.51,205.74,266.7,6.7,,,2001,2013,2013-10-01,32.3,3330,0.21,0.39,0.05,0.11,0.08,0.09,0.04,0.04,0.02,0.08,0.1,0.07,0.01,0.01,0.54,0.5
NBA,2013 - 2014,Playoffs,Damian Lillard,POR,11,465.6,83,189,27,70,59,66,30,29,12,44,56,72,11,1,252,1990-07-15,195.0,United States,Oakland High School,1.0,6.0,Portland Trail Blazers,damian lillard,PG,187.32,189.86,85.64,202.56,242.57,5.9,22.22,24.76,2012,2013,2013-10-01,23.2,3331,0.18,0.41,0.06,0.15,0.13,0.14,0.06,0.06,0.03,0.09,0.12,0.15,0.02,0.0,0.54,0.53
NBA,2013 - 2014,Playoffs,George Hill,IND,19,686.6,79,178,28,77,44,61,28,43,13,58,71,57,23,4,230,1986-05-04,188.0,United States,Broad Ripple High School,1.0,26.0,San Antonio Spurs,george hill,PG,186.06,189.23,82.1,205.74,247.65,3.0,,,2008,2013,2013-10-01,27.4,3332,0.12,0.26,0.04,0.11,0.06,0.09,0.04,0.06,0.02,0.08,0.1,0.08,0.03,0.01,0.33,0.34
NBA,2013 - 2014,Playoffs,Danny Green,SAS,23,529.2,78,159,48,101,9,11,20,50,9,60,69,21,32,17,213,1987-06-22,215.0,United States,St. Mary's High School,2.0,16.0,Cleveland Cavaliers,danny green,SG/SF,196.22,199.39,94.35,208.28,261.62,5.6,,,2009,2013,2013-10-01,26.3,3333,0.15,0.3,0.09,0.19,0.02,0.02,0.04,0.09,0.02,0.11,0.13,0.04,0.06,0.03,0.4,0.47
NBA,2013 - 2014,Playoffs,Bradley Beal,WAS,11,457.7,75,177,22,53,39,49,23,31,15,40,55,50,18,7,211,1993-06-28,207.0,United States,Chaminade College Preparatory School,1.0,3.0,Washington Wizards,bradley beal,SG,191.14,194.94,91.53,203.2,254.0,6.0,21.59,22.86,2012,2013,2013-10-01,20.3,3334,0.16,0.39,0.05,0.12,0.09,0.11,0.05,0.07,0.03,0.09,0.12,0.11,0.04,0.02,0.46,0.45
NBA,2013 - 2014,Playoffs,Jamal Crawford,LAC,13,312.5,68,171,27,79,39,44,15,24,5,14,19,26,12,2,202,1980-03-20,195.0,United States,Rainier Beach High School,1.0,8.0,Cleveland Cavaliers,jamal crawford,PG/SG,194.31,,79.38,208.28,260.35,,,,2000,2013,2013-10-01,33.5,3335,0.22,0.55,0.09,0.25,0.12,0.14,0.05,0.08,0.02,0.04,0.06,0.08,0.04,0.01,0.65,0.44
NBA,2013 - 2014,Playoffs,John Wall,WAS,11,419.6,60,164,7,32,52,68,36,29,5,39,44,78,18,8,179,1990-09-06,210.0,United States,Word of God Christian Academy,1.0,1.0,Washington Wizards,john wall,PG,189.86,193.04,88.72,206.38,257.81,5.6,20.96,24.13,2010,2013,2013-10-01,23.1,3336,0.14,0.39,0.02,0.08,0.12,0.16,0.09,0.07,0.01,0.09,0.1,0.19,0.04,0.02,0.43,0.4
NBA,2013 - 2014,Playoffs,Deron Williams,BRK,12,428.1,60,152,18,53,36,45,27,31,7,31,38,70,13,2,174,1984-06-26,200.0,United States,The Colony High School,1.0,3.0,Utah Jazz,deron williams,PG,187.32,189.86,91.81,198.76,248.92,,,,2005,2013,2013-10-01,29.3,3337,0.14,0.36,0.04,0.12,0.08,0.11,0.06,0.07,0.02,0.07,0.09,0.16,0.03,0.0,0.41,0.38
NBA,2013 - 2014,Playoffs,Tiago Splitter,SAS,23,516.0,61,100,0,1,51,71,18,53,45,95,140,46,16,11,173,1985-01-01,245.0,Brazil,,1.0,28.0,San Antonio Spurs,tiago splitter,C/PF,208.92,212.72,105.69,218.44,278.13,5.3,,,2004,2013,2013-10-01,28.7,3338,0.12,0.19,0.0,0.0,0.1,0.14,0.03,0.1,0.09,0.18,0.27,0.09,0.03,0.02,0.34,0.61
NBA,2013 - 2014,Playoffs,J.J. Redick,LAC,13,351.3,61,133,26,65,25,26,13,23,4,18,22,19,11,0,173,1984-06-24,200.0,United States,Cave Spring High School,1.0,11.0,Orlando Magic,jj redick,SG,193.04,194.94,86.18,191.14,247.65,7.0,,,2006,2013,2013-10-01,29.3,3339,0.17,0.38,0.07,0.19,0.07,0.07,0.04,0.07,0.01,0.05,0.06,0.05,0.03,0.0,0.49,0.38
NBA,2013 - 2014,Playoffs,Patty Mills,SAS,23,350.6,63,141,32,79,10,13,14,31,3,32,35,33,17,1,168,1988-08-11,180.0,Australia,Australian Institute of Sport,2.0,25.0,Portland Trail Blazers,patty mills,PG,180.98,184.15,79.56,187.96,241.3,6.9,,,2009,2013,2013-10-01,25.1,3340,0.18,0.4,0.09,0.23,0.03,0.04,0.04,0.09,0.01,0.09,0.1,0.09,0.05,0.0,0.48,0.45
NBA,2013 - 2014,Playoffs,DeMar DeRozan,TOR,7,282.1,45,117,6,18,71,79,18,23,3,26,29,25,8,2,167,1989-08-07,220.0,United States,Compton High School,1.0,9.0,Toronto Raptors,demar derozan,SG/SF,196.85,199.39,95.8,205.74,260.35,4.9,,,2009,2013,2013-10-01,24.2,3341,0.16,0.41,0.02,0.06,0.25,0.28,0.06,0.08,0.01,0.09,0.1,0.09,0.03,0.01,0.59,0.48
NBA,2013 - 2014,Playoffs,Stephen Curry,GSW,7,296.5,51,116,22,57,37,42,26,18,4,21,25,59,12,1,161,1988-03-14,190.0,United States,Charlotte Christian School,1.0,7.0,Golden State Warriors,stephen curry,PG/SG,187.96,191.14,82.1,191.77,246.38,5.7,,,2009,2013,2013-10-01,25.5,3342,0.17,0.39,0.07,0.19,0.12,0.14,0.09,0.06,0.01,0.07,0.08,0.2,0.04,0.0,0.54,0.53
NBA,2013 - 2014,Playoffs,James Harden,HOU,6,263.5,50,133,16,54,45,50,21,21,5,23,28,35,12,1,161,1989-08-26,220.0,United States,Artesia High School,1.0,3.0,Oklahoma City Thunder,james harden,SG,193.04,196.22,100.7,210.18,262.89,10.1,,,2009,2013,2013-10-01,24.1,3343,0.19,0.5,0.06,0.2,0.17,0.19,0.08,0.08,0.02,0.09,0.11,0.13,0.05,0.0,0.61,0.49
NBA,2013 - 2014,Playoffs,Dwight Howard,HOU,6,231.3,58,106,0,0,40,64,19,25,27,55,82,11,4,17,156,1985-12-08,265.0,United States,Southwest Atlanta Christian Academy,1.0,1.0,Orlando Magic,dwight howard,PF/C,205.74,208.92,108.86,224.79,283.21,10.5,,,2004,2013,2013-10-01,27.8,3344,0.25,0.46,0.0,0.0,0.17,0.28,0.08,0.11,0.12,0.24,0.35,0.05,0.02,0.07,0.67,0.76
NBA,2013 - 2014,Playoffs,Trevor Ariza,WAS,11,407.0,52,108,25,56,21,27,14,26,21,77,98,19,17,4,150,1985-06-30,215.0,United States,Westchester High School,2.0,14.0,New York Knicks,trevor ariza,SG/SF,200.66,203.84,91.17,218.44,273.05,8.0,,,2004,2013,2013-10-01,28.3,3345,0.13,0.27,0.06,0.14,0.05,0.07,0.03,0.06,0.05,0.19,0.24,0.05,0.04,0.01,0.37,0.52
NBA,2013 - 2014,Playoffs,Marcin Gortat,WAS,11,381.9,58,118,0,0,27,41,20,22,36,73,109,16,5,14,143,1984-02-17,240.0,Poland,,2.0,27.0,Phoenix Suns,marcin gortat,PF/C,210.82,213.36,102.15,222.25,279.4,,,,2005,2013,2013-10-01,29.6,3346,0.15,0.31,0.0,0.0,0.07,0.11,0.05,0.06,0.09,0.19,0.29,0.04,0.01,0.04,0.37,0.5
NBA,2013 - 2014,Playoffs,Monta Ellis,DAL,7,249.2,52,127,12,34,27,31,15,19,6,11,17,20,9,1,143,1985-10-26,185.0,United States,Lanier High School,2.0,10.0,Golden State Warriors,monta ellis,SG/PG,188.6,191.14,80.1,189.86,248.92,,,,2005,2013,2013-10-01,27.9,3347,0.21,0.51,0.05,0.14,0.11,0.12,0.06,0.08,0.02,0.04,0.07,0.08,0.04,0.0,0.57,0.39
NBA,2013 - 2014,Playoffs,Paul Millsap,ATL,7,267.1,41,103,9,27,45,56,20,25,21,55,76,20,10,13,136,1985-02-10,246.0,United States,Grambling Laboratory High School,2.0,17.0,Utah Jazz,paul millsap,PF,198.76,201.3,117.03,217.17,267.97,9.7,,,2006,2013,2013-10-01,28.6,3348,0.15,0.39,0.03,0.1,0.17,0.21,0.07,0.09,0.08,0.21,0.28,0.07,0.04,0.05,0.51,0.6
NBA,2013 - 2014,Playoffs,Jeff Teague,ATL,7,242.0,44,112,9,27,38,40,21,15,5,21,26,35,7,4,135,1988-06-10,195.0,United States,Pike High School,1.0,19.0,Atlanta Hawks,jeff teague,PG,183.52,186.69,79.47,201.93,250.19,4.5,,,2009,2013,2013-10-01,25.3,3349,0.18,0.46,0.04,0.11,0.16,0.17,0.09,0.06,0.02,0.09,0.11,0.14,0.03,0.02,0.56,0.48
NBA,2013 - 2014,Playoffs,DeAndre Jordan,LAC,13,441.6,46,63,0,0,33,76,23,45,43,120,163,10,12,33,125,1988-07-21,265.0,United States,Christian Life Center,2.0,5.0,Los Angeles Clippers,deandre jordan,C,207.64,210.82,113.4,228.6,288.29,7.5,,,2008,2013,2013-10-01,25.2,3350,0.1,0.14,0.0,0.0,0.07,0.17,0.05,0.1,0.1,0.27,0.37,0.02,0.03,0.07,0.28,0.58
NBA,2013 - 2014,Playoffs,Matt Barnes,LAC,13,404.1,45,107,19,60,13,19,17,41,22,36,58,23,12,3,122,1980-03-09,226.0,United States,Del Campo High School,2.0,17.0,Memphis Grizzlies,matt barnes,SF,200.02,,102.51,205.74,245.11,,,,2002,2013,2013-10-01,33.6,3351,0.11,0.26,0.05,0.15,0.03,0.05,0.04,0.1,0.05,0.09,0.14,0.06,0.03,0.01,0.3,0.33
NBA,2013 - 2014,Playoffs,Shaun Livingston,BRK,12,325.4,44,86,1,1,27,37,22,41,8,34,42,40,5,5,116,1985-09-11,192.0,United States,Peoria Central High School ,1.0,4.0,Los Angeles Clippers,shaun livingston,PG/SG,198.76,201.93,84.37,210.82,267.97,6.7,,,2004,2013,2013-10-01,28.1,3352,0.14,0.26,0.0,0.0,0.08,0.11,0.07,0.13,0.02,0.1,0.13,0.12,0.02,0.02,0.36,0.43
NBA,2013 - 2014,Playoffs,Chandler Parsons,HOU,6,250.3,46,105,13,36,11,15,5,19,6,35,41,14,4,2,116,1988-10-25,230.0,United States,Lake Howell High School,2.0,8.0,Houston Rockets,chandler parsons,SF,205.1,207.64,100.33,207.01,265.43,7.0,20.96,25.4,2011,2013,2013-10-01,24.9,3353,0.18,0.42,0.05,0.14,0.04,0.06,0.02,0.08,0.02,0.14,0.16,0.06,0.02,0.01,0.46,0.43
NBA,2013 - 2014,Playoffs,Klay Thompson,GSW,7,256.7,40,98,16,44,19,24,15,24,4,20,24,25,7,5,115,1990-02-08,215.0,United States,Santa Margarita Catholic High School,1.0,11.0,Golden State Warriors,klay thompson,SG,197.48,201.3,93.26,205.74,262.89,8.0,22.22,23.5,2011,2013,2013-10-01,23.6,3354,0.16,0.38,0.06,0.17,0.07,0.09,0.06,0.09,0.02,0.08,0.09,0.1,0.03,0.02,0.45,0.39
NBA,2013 - 2014,Playoffs,Caron Butler,OKC,18,418.6,35,108,21,59,22,28,11,33,11,47,58,15,5,2,113,1980-03-13,228.0,United States,Maine Central Institute,1.0,10.0,Miami Heat,caron butler,SF/SG,196.22,,100.7,212.09,262.89,,,,2002,2013,2013-10-01,33.6,3355,0.08,0.26,0.05,0.14,0.05,0.07,0.03,0.08,0.03,0.11,0.14,0.04,0.01,0.0,0.27,0.23
NBA,2013 - 2014,Playoffs,Mike Conley,MEM,7,266.8,44,102,3,27,20,26,15,14,5,27,32,55,14,1,111,1987-10-11,175.0,United States,Lawrence North High School,1.0,4.0,Memphis Grizzlies,mike conley,PG,180.34,184.78,79.38,197.48,240.03,4.2,,,2007,2013,2013-10-01,26.0,3356,0.16,0.38,0.01,0.1,0.07,0.1,0.06,0.05,0.02,0.1,0.12,0.21,0.05,0.0,0.42,0.49
NBA,2013 - 2014,Playoffs,Darren Collison,LAC,13,249.0,35,90,1,12,39,45,12,17,10,17,27,31,6,1,110,1987-08-23,175.0,United States,Etiwanda High School,1.0,21.0,New Orleans Pelicans,darren collison,PG,183.52,186.69,75.39,190.5,245.11,5.7,,,2009,2013,2013-10-01,26.1,3357,0.14,0.36,0.0,0.05,0.16,0.18,0.05,0.07,0.04,0.07,0.11,0.12,0.02,0.0,0.44,0.4
NBA,2013 - 2014,Playoffs,C.J. Watson,IND,19,342.2,37,90,16,40,17,28,14,28,3,37,40,18,16,1,107,1984-04-17,175.0,United States,Bishop Gorman High School,,,,cj watson,PG,184.15,187.32,77.56,198.12,243.84,5.2,,,2006,2013,2013-10-01,29.5,3358,0.11,0.26,0.05,0.12,0.05,0.08,0.04,0.08,0.01,0.11,0.12,0.05,0.05,0.0,0.31,0.31
NBA,2013 - 2014,Playoffs,David Lee,GSW,7,217.4,41,77,0,0,15,19,17,28,24,40,64,18,4,0,97,1983-04-29,245.0,United States,Chaminade College Preparatory School,1.0,30.0,New York Knicks,david lee,PF,202.56,205.74,104.1,213.36,270.51,,,,2005,2013,2013-10-01,30.4,3359,0.19,0.35,0.0,0.0,0.07,0.09,0.08,0.13,0.11,0.18,0.29,0.08,0.02,0.0,0.45,0.58
NBA,2013 - 2014,Playoffs,Kyle Korver,ATL,7,250.2,30,66,23,54,11,12,11,15,2,35,37,5,4,2,94,1981-03-17,212.0,United States,Pella High School,2.0,22.0,New Jersey Nets,kyle korver,SF,198.76,,95.71,207.01,260.35,6.7,,,2003,2013,2013-10-01,32.5,3360,0.12,0.26,0.09,0.22,0.04,0.05,0.04,0.06,0.01,0.14,0.15,0.02,0.02,0.01,0.38,0.39
NBA,2013 - 2014,Playoffs,Andre Iguodala,GSW,7,248.2,32,62,8,15,20,33,21,19,5,28,33,31,9,2,92,1984-01-28,215.0,United States,Lanphier High School,1.0,9.0,Philadelphia Sixers,andre iguodala,SG/SF,197.48,200.02,98.43,210.82,267.97,6.7,,,2004,2013,2013-10-01,29.7,3361,0.13,0.25,0.03,0.06,0.08,0.13,0.08,0.08,0.02,0.11,0.13,0.12,0.04,0.01,0.37,0.42
NBA,2013 - 2014,Playoffs,Norris Cole,MIA,20,403.9,32,78,15,40,13,15,19,34,1,21,22,36,9,1,92,1988-10-13,175.0,United States,Dunbar High School ,1.0,28.0,Chicago Bulls,norris cole,PG,183.52,187.32,79.11,188.6,242.57,4.7,21.59,24.13,2011,2013,2013-10-01,25.0,3362,0.08,0.19,0.04,0.1,0.03,0.04,0.05,0.08,0.0,0.05,0.05,0.09,0.02,0.0,0.23,0.22
NBA,2013 - 2014,Playoffs,Taj Gibson,CHI,5,153.7,32,57,0,0,27,36,8,12,21,10,31,2,2,12,91,1985-06-24,232.0,United States,Calvary Christian High School,1.0,26.0,Chicago Bulls,taj gibson,PF,204.47,207.64,97.25,223.52,276.86,6.6,,,2009,2013,2013-10-01,28.3,3363,0.21,0.37,0.0,0.0,0.18,0.23,0.05,0.08,0.14,0.07,0.2,0.01,0.01,0.08,0.59,0.63
NBA,2013 - 2014,Playoffs,Tony Allen,MEM,7,230.3,35,72,0,7,16,21,12,23,23,31,54,10,12,1,86,1982-01-11,213.0,United States,Crane High School,1.0,25.0,Boston Celtics,tony allen,SG,191.77,193.68,97.07,205.74,259.08,6.7,,,2004,2013,2013-10-01,31.7,3364,0.15,0.31,0.0,0.03,0.07,0.09,0.05,0.1,0.1,0.13,0.23,0.04,0.05,0.0,0.37,0.46
NBA,2013 - 2014,Playoffs,Draymond Green,GSW,7,227.6,28,60,8,29,19,24,17,33,18,40,58,20,12,12,83,1990-03-04,230.0,United States,Saginaw High School,2.0,5.0,Golden State Warriors,draymond green,PF/SF,197.48,201.93,106.87,216.54,266.7,11.3,22.86,24.13,2012,2013,2013-10-01,23.6,3365,0.12,0.26,0.04,0.13,0.08,0.11,0.07,0.14,0.08,0.18,0.25,0.09,0.05,0.05,0.36,0.56
NBA,2013 - 2014,Playoffs,Devin Harris,DAL,7,176.1,31,66,11,25,7,8,11,13,1,16,17,27,2,2,80,1983-02-27,185.0,United States,Wauwatosa East High School,1.0,5.0,Washington Wizards,devin harris,PG,187.32,190.5,77.11,201.93,250.19,5.3,,,2004,2013,2013-10-01,30.6,3366,0.18,0.37,0.06,0.14,0.04,0.05,0.06,0.07,0.01,0.09,0.1,0.15,0.01,0.01,0.45,0.46
NBA,2013 - 2014,Playoffs,Kemba Walker,CHA,4,152.9,26,55,12,24,14,18,15,6,1,14,15,24,8,3,78,1990-05-08,184.0,United States,Rice High School,1.0,9.0,Charlotte Hornets,kemba walker,PG,181.61,185.42,83.46,191.77,232.41,5.9,20.32,22.86,2011,2013,2013-10-01,23.4,3367,0.17,0.36,0.08,0.16,0.09,0.12,0.1,0.04,0.01,0.09,0.1,0.16,0.05,0.02,0.51,0.52
NBA,2013 - 2014,Playoffs,Patrick Patterson,TOR,7,199.2,26,48,7,18,14,18,6,13,12,35,47,9,3,3,73,1989-03-14,230.0,United States,Huntington High School,1.0,14.0,Houston Rockets,patrick patterson,PF,203.2,206.38,108.68,216.54,271.78,5.3,23.5,26.04,2010,2013,2013-10-01,24.6,3368,0.13,0.24,0.04,0.09,0.07,0.09,0.03,0.07,0.06,0.18,0.24,0.05,0.02,0.02,0.37,0.54
NBA,2013 - 2014,Playoffs,Greivis Vasquez,TOR,7,189.7,27,64,10,27,7,9,10,22,3,23,26,36,4,1,71,1987-01-16,217.0,Venezuela,Montrose Christian School,1.0,28.0,Memphis Grizzlies,greivis vasquez,PG/SG,195.58,199.39,95.62,200.66,256.54,8.6,19.68,23.5,2010,2013,2013-10-01,26.7,3369,0.14,0.34,0.05,0.14,0.04,0.05,0.05,0.12,0.02,0.12,0.14,0.19,0.02,0.01,0.37,0.47
NBA,2013 - 2014,Playoffs,Alan Anderson,BRK,12,261.0,25,62,9,31,12,18,10,32,10,22,32,15,10,0,71,1982-10-16,220.0,United States,De La Salle High School,,,,alan anderson,SG/SF,194.31,198.12,101.24,207.01,264.16,,,,2005,2013,2013-10-01,31.0,3370,0.1,0.24,0.03,0.12,0.05,0.07,0.04,0.12,0.04,0.08,0.12,0.06,0.04,0.0,0.27,0.29
NBA,2013 - 2014,Playoffs,Steven Adams,OKC,18,331.3,31,45,0,0,8,23,10,48,22,52,74,4,1,24,70,1993-07-20,265.0,New Zealand,Scots College,1.0,12.0,Oklahoma City Thunder,steven adams,C,210.18,213.36,115.44,224.79,278.13,6.65,24.13,27.94,2013,2013,2013-10-01,20.2,3371,0.09,0.14,0.0,0.0,0.02,0.07,0.03,0.14,0.07,0.16,0.22,0.01,0.0,0.07,0.21,0.38
NBA,2013 - 2014,Playoffs,Jimmy Butler,CHI,5,217.6,22,57,6,20,18,23,3,13,6,20,26,11,6,0,68,1989-09-14,232.0,United States,Tomball High School,1.0,30.0,Chicago Bulls,jimmy butler,SF,198.12,202.56,100.79,201.93,257.81,5.4,22.86,22.86,2011,2013,2013-10-01,24.0,3372,0.1,0.26,0.03,0.09,0.08,0.11,0.01,0.06,0.03,0.09,0.12,0.05,0.03,0.0,0.31,0.31
NBA,2013 - 2014,Playoffs,Mike Dunleavy,CHI,5,162.9,25,53,12,26,4,6,5,7,5,13,18,12,3,1,66,1980-09-15,230.0,United States,Jesuit High School,1.0,3.0,Golden State Warriors,mike dunleavy,SF,203.2,,104.33,205.74,269.24,,,,2002,2013,2013-10-01,33.0,3373,0.15,0.33,0.07,0.16,0.02,0.04,0.03,0.04,0.03,0.08,0.11,0.07,0.02,0.01,0.41,0.39
NBA,2013 - 2014,Playoffs,Mike Scott,ATL,7,146.0,23,63,10,31,10,14,2,11,3,15,18,3,1,0,66,1988-07-16,237.0,United States,Hargrave Military Academy ,2.0,13.0,Atlanta Hawks,mike scott,PF,201.3,205.1,109.23,210.18,264.16,10.6,21.59,22.86,2012,2013,2013-10-01,25.2,3374,0.16,0.43,0.07,0.21,0.07,0.1,0.01,0.08,0.02,0.1,0.12,0.02,0.01,0.0,0.45,0.29
NBA,2013 - 2014,Playoffs,D.J. Augustin,CHI,5,141.0,21,72,7,26,17,19,9,16,4,4,8,24,3,0,66,1987-11-10,183.0,United States,Hightower High School,1.0,9.0,Charlotte Hornets,dj augustin,PG,177.8,181.61,77.79,191.77,240.03,8.1,,,2008,2013,2013-10-01,25.9,3375,0.15,0.51,0.05,0.18,0.12,0.13,0.06,0.11,0.03,0.03,0.06,0.17,0.02,0.0,0.47,0.29
NBA,2013 - 2014,Playoffs,DeMarre Carroll,ATL,7,245.8,23,49,9,22,7,11,8,21,12,22,34,11,5,3,62,1986-07-27,215.0,United States,John Carroll Catholic High School,1.0,27.0,Memphis Grizzlies,demarre carroll,PF/SF,198.76,202.56,93.98,208.28,266.7,6.3,,,2009,2013,2013-10-01,27.2,3376,0.09,0.2,0.04,0.09,0.03,0.04,0.03,0.09,0.05,0.09,0.14,0.04,0.02,0.01,0.25,0.31
NBA,2013 - 2014,Playoffs,Marcus Thornton,BRK,10,124.4,21,54,5,21,12,18,2,4,7,12,19,1,2,1,59,1987-06-05,205.0,United States,Tara High School,2.0,13.0,Miami Heat,marcus thornton,PG/SG,187.32,189.86,80.47,202.56,247.65,5.3,20.96,21.59,2015,2013,2013-10-01,26.3,3377,0.17,0.43,0.04,0.17,0.1,0.14,0.02,0.03,0.06,0.1,0.15,0.01,0.02,0.01,0.47,0.34
NBA,2013 - 2014,Playoffs,Mo Williams,POR,8,187.1,22,59,5,21,10,11,14,24,2,10,12,15,3,0,59,1982-12-19,198.0,United States,Murrah High School,2.0,18.0,Utah Jazz,mo williams,PG/SG,184.78,,85.73,196.85,250.19,6.7,,,2003,2013,2013-10-01,30.8,3378,0.12,0.32,0.03,0.11,0.05,0.06,0.07,0.13,0.01,0.05,0.06,0.08,0.02,0.0,0.32,0.2
NBA,2013 - 2014,Playoffs,Shelvin Mack,ATL,7,118.0,19,47,10,27,9,12,6,10,3,10,13,25,4,0,57,1990-04-22,203.0,United States,Bryan Station High School,2.0,4.0,Washington Wizards,shelvin mack,PG,185.42,189.23,94.8,201.93,245.11,7.1,20.96,23.5,2011,2013,2013-10-01,23.4,3379,0.16,0.4,0.08,0.23,0.08,0.1,0.05,0.08,0.03,0.08,0.11,0.21,0.03,0.0,0.48,0.52
NBA,2013 - 2014,Playoffs,Al Jefferson,CHA,3,105.8,26,53,0,0,4,5,1,7,6,22,28,2,1,5,56,1985-01-04,289.0,United States,Prentiss High School,1.0,15.0,Boston Celtics,al jefferson,PF/SF,204.47,207.64,119.29,219.71,279.4,10.5,,,2004,2013,2013-10-01,28.7,3380,0.25,0.5,0.0,0.0,0.04,0.05,0.01,0.07,0.06,0.21,0.26,0.02,0.01,0.05,0.53,0.6
NBA,2013 - 2014,Playoffs,Harrison Barnes,GSW,7,155.6,19,48,8,21,9,16,5,13,7,21,28,8,1,3,55,1992-05-30,225.0,United States,Ames High School,1.0,7.0,Golden State Warriors,harrison barnes,SF/SG,200.66,203.2,103.33,211.46,257.81,9.6,22.86,21.59,2012,2013,2013-10-01,21.3,3381,0.12,0.31,0.05,0.13,0.06,0.1,0.03,0.08,0.04,0.13,0.18,0.05,0.01,0.02,0.35,0.35
NBA,2013 - 2014,Playoffs,Kirk Hinrich,CHI,5,167.4,23,56,7,19,2,4,11,22,1,14,15,22,4,1,55,1981-01-02,190.0,United States,West High School ,1.0,7.0,Chicago Bulls,kirk hinrich,PG/SG,189.86,,84.37,198.12,250.19,5.3,,,2003,2013,2013-10-01,32.7,3382,0.14,0.33,0.04,0.11,0.01,0.02,0.07,0.13,0.01,0.08,0.09,0.13,0.02,0.01,0.33,0.31
NBA,2013 - 2014,Playoffs,Beno Udrih,MEM,7,114.7,21,45,4,12,9,13,9,11,2,10,12,12,3,0,55,1982-07-05,205.0,Slovenia,,1.0,28.0,San Antonio Spurs,beno udrih,PG,189.23,192.4,90.26,194.31,248.92,9.3,,,2004,2013,2013-10-01,31.2,3383,0.18,0.39,0.03,0.1,0.08,0.11,0.08,0.1,0.02,0.09,0.1,0.1,0.03,0.0,0.48,0.39
NBA,2013 - 2014,Playoffs,James Jones,MIA,15,126.0,18,40,15,32,2,3,0,17,3,8,11,5,3,2,53,1980-10-04,218.0,United States,American High School,2.0,20.0,Indiana Pacers,james jones,SF,201.3,,98.88,219.71,273.05,6.7,,,2003,2013,2013-10-01,33.0,3384,0.14,0.32,0.12,0.25,0.02,0.02,0.0,0.13,0.02,0.06,0.09,0.04,0.02,0.02,0.42,0.41
NBA,2013 - 2014,Playoffs,Joakim Noah,CHI,5,209.9,21,41,0,0,10,17,19,19,15,49,64,23,5,7,52,1985-02-25,230.0,France / United States,Lawrenceville School,1.0,9.0,Chicago Bulls,joakim noah,PF,208.28,213.36,101.15,216.54,270.51,4.8,,,2007,2013,2013-10-01,28.6,3385,0.1,0.2,0.0,0.0,0.05,0.08,0.09,0.09,0.07,0.23,0.3,0.11,0.02,0.03,0.25,0.49
NBA,2013 - 2014,Playoffs,Carlos Boozer,CHI,5,121.0,20,47,0,0,8,9,7,13,8,31,39,5,1,0,48,1981-11-20,266.0,Germany / United States,Juneau-Douglas High School,2.0,6.0,Cleveland Cavaliers,carlos boozer,PF,202.56,,117.03,219.08,275.59,,,,2002,2013,2013-10-01,31.9,3386,0.17,0.39,0.0,0.0,0.07,0.07,0.06,0.11,0.07,0.26,0.32,0.04,0.01,0.0,0.4,0.49
NBA,2013 - 2014,Playoffs,Cory Joseph,SAS,17,87.5,17,35,0,3,14,18,4,7,1,8,9,9,3,0,48,1991-08-20,200.0,Canada,Findlay College Prep,1.0,29.0,San Antonio Spurs,cory joseph,PG,187.96,191.14,84.46,196.85,251.46,9.7,21.59,26.67,2011,2013,2013-10-01,22.1,3387,0.19,0.4,0.0,0.03,0.16,0.21,0.05,0.08,0.01,0.09,0.1,0.1,0.03,0.0,0.55,0.47
NBA,2013 - 2014,Playoffs,Terrence Jones,HOU,6,138.1,20,39,0,1,6,12,2,13,17,20,37,8,5,3,46,1992-01-09,255.0,United States,Jefferson High School,1.0,18.0,Houston Rockets,terrence jones,PF/SF,203.84,207.01,114.31,219.08,271.78,7.7,22.86,25.4,2012,2013,2013-10-01,21.7,3388,0.14,0.28,0.0,0.01,0.04,0.09,0.01,0.09,0.12,0.14,0.27,0.06,0.04,0.02,0.33,0.52
NBA,2013 - 2014,Playoffs,Josh McRoberts,CHA,4,153.8,15,33,8,17,8,10,6,13,1,26,27,15,4,1,46,1987-02-28,240.0,United States,Carmel High School ,2.0,7.0,Portland Trail Blazers,josh mcroberts,PF,203.2,208.28,108.86,215.9,270.51,13.7,,,2007,2013,2013-10-01,26.6,3389,0.1,0.21,0.05,0.11,0.05,0.07,0.04,0.08,0.01,0.17,0.18,0.1,0.03,0.01,0.3,0.45
NBA,2013 - 2014,Playoffs,Will Barton,POR,7,81.2,17,34,6,11,5,6,6,7,5,7,12,3,1,2,45,1991-01-06,190.0,United States,Brewster Academy,2.0,10.0,Portland Trail Blazers,will barton,SG/SF,195.58,198.12,79.11,207.64,260.35,4.1,22.86,24.13,2012,2013,2013-10-01,22.7,3390,0.21,0.42,0.07,0.14,0.06,0.07,0.07,0.09,0.06,0.09,0.15,0.04,0.01,0.02,0.55,0.48
NBA,2013 - 2014,Playoffs,Martell Webster,WAS,11,195.3,15,41,6,26,6,9,4,14,4,21,25,5,4,5,42,1986-12-04,230.0,United States,Seattle Preparatory School,1.0,6.0,Portland Trail Blazers,martell webster,SF,198.12,201.93,104.14,210.82,269.24,,,,2005,2013,2013-10-01,26.8,3391,0.08,0.21,0.03,0.13,0.03,0.05,0.02,0.07,0.02,0.11,0.13,0.03,0.02,0.03,0.22,0.26
NBA,2013 - 2014,Playoffs,DeJuan Blair,DAL,6,80.7,16,27,0,0,8,13,5,14,14,23,37,1,12,0,40,1989-04-22,270.0,United States,Schenley High School,2.0,7.0,San Antonio Spurs,dejuan blair,PF,196.22,199.39,125.46,218.44,270.51,12.0,,,2009,2013,2013-10-01,24.4,3392,0.2,0.33,0.0,0.0,0.1,0.16,0.06,0.17,0.17,0.29,0.46,0.01,0.15,0.0,0.5,0.87
NBA,2013 - 2014,Playoffs,Udonis Haslem,MIA,16,168.6,17,37,0,0,6,10,1,28,12,29,41,4,1,3,40,1980-06-09,235.0,United States,Miami High School,,,,udonis haslem,PF,202.56,,113.4,210.82,271.78,,,,2002,2013,2013-10-01,33.3,3393,0.1,0.22,0.0,0.0,0.04,0.06,0.01,0.17,0.07,0.17,0.24,0.02,0.01,0.02,0.24,0.38
NBA,2013 - 2014,Playoffs,Jeremy Lamb,OKC,11,100.5,17,42,2,14,4,4,3,8,4,12,16,7,7,1,40,1992-05-30,185.0,United States,Norcross High School,1.0,12.0,Houston Rockets,jeremy lamb,SG,193.04,196.22,81.28,210.82,259.08,4.5,22.22,23.5,2012,2013,2013-10-01,21.3,3394,0.17,0.42,0.02,0.14,0.04,0.04,0.03,0.08,0.04,0.12,0.16,0.07,0.07,0.01,0.4,0.43
NBA,2013 - 2014,Playoffs,Evan Turner,IND,12,149.2,15,35,4,7,5,5,11,9,0,26,26,19,4,0,39,1988-10-27,220.0,United States,St. Joseph High School,1.0,2.0,Philadelphia Sixers,evan turner,SG,197.48,200.66,96.98,203.2,262.89,8.6,22.22,24.13,2010,2013,2013-10-01,24.9,3395,0.1,0.23,0.03,0.05,0.03,0.03,0.07,0.06,0.0,0.17,0.17,0.13,0.03,0.0,0.26,0.39
NBA,2013 - 2014,Playoffs,Gerald Henderson,CHA,4,119.0,14,37,0,9,11,17,6,12,1,15,16,9,4,1,39,1987-12-09,215.0,United States,Episcopal Academy,1.0,12.0,Charlotte Hornets,gerald henderson,SG/SF,193.04,195.58,97.34,208.92,260.35,4.4,,,2009,2013,2013-10-01,25.8,3396,0.12,0.31,0.0,0.08,0.09,0.14,0.05,0.1,0.01,0.13,0.13,0.08,0.03,0.01,0.33,0.29
NBA,2013 - 2014,Playoffs,Shane Battier,MIA,16,201.6,12,26,9,20,4,5,5,23,1,9,10,5,5,1,37,1978-09-09,220.0,United States,Detroit Country Day School,1.0,6.0,Vancouver Grizzlies,shane battier,SF/PF,203.84,,103.87,209.55,266.7,9.3,,,2001,2013,2013-10-01,35.1,3397,0.06,0.13,0.04,0.1,0.02,0.02,0.02,0.11,0.0,0.04,0.05,0.02,0.02,0.0,0.18,0.18
NBA,2013 - 2014,Playoffs,Terrence Ross,TOR,7,157.5,14,47,4,24,3,5,8,19,1,13,14,2,6,3,35,1991-02-05,206.0,United States,Jefferson High School,1.0,8.0,Toronto Raptors,terrence ross,SG/SF,198.12,200.66,89.18,201.3,255.27,3.2,22.22,26.04,2012,2013,2013-10-01,22.7,3398,0.09,0.3,0.03,0.15,0.02,0.03,0.05,0.12,0.01,0.08,0.09,0.01,0.04,0.02,0.22,0.11
NBA,2013 - 2014,Playoffs,Drew Gooden,WAS,10,145.8,14,38,0,4,6,8,4,30,20,22,42,4,3,4,34,1981-09-24,250.0,United States,El Cerrito High School,1.0,4.0,Memphis Grizzlies,drew gooden,PF,205.1,,102.97,214.63,270.51,,,,2002,2013,2013-10-01,32.0,3399,0.1,0.26,0.0,0.03,0.04,0.05,0.03,0.21,0.14,0.15,0.29,0.03,0.02,0.03,0.23,0.4
NBA,2013 - 2014,Playoffs,Michael Kidd-Gilchrist,CHA,4,91.0,14,27,0,1,6,10,8,13,8,18,26,6,0,2,34,1993-09-26,232.0,United States,St. Patrick High School,1.0,2.0,Charlotte Hornets,michael kidd gilchrist,SF,197.48,201.93,105.6,213.36,265.43,7.0,22.86,26.04,2012,2013,2013-10-01,20.0,3400,0.15,0.3,0.0,0.01,0.07,0.11,0.09,0.14,0.09,0.2,0.29,0.07,0.0,0.02,0.37,0.47
NBA,2013 - 2014,Playoffs,Danny Granger,LAC,13,134.1,11,40,5,22,7,9,3,24,2,18,20,3,6,1,34,1983-04-20,222.0,United States,Grace King High School ,1.0,17.0,Indiana Pacers,danny granger,,201.93,204.47,102.24,217.17,261.62,,,,2005,2013,2013-10-01,30.5,3401,0.08,0.3,0.04,0.16,0.05,0.07,0.02,0.18,0.01,0.13,0.15,0.02,0.04,0.01,0.25,0.21
NBA,2013 - 2014,Playoffs,Nick Collison,OKC,17,183.0,12,29,2,5,7,10,6,28,12,26,38,13,4,7,33,1980-10-26,255.0,United States,Iowa Falls High School,1.0,12.0,Seattle SuperSonics,nick collison,PF,205.1,,115.67,217.17,274.32,17.0,,,2003,2013,2013-10-01,32.9,3402,0.07,0.16,0.01,0.03,0.04,0.05,0.03,0.15,0.07,0.14,0.21,0.07,0.02,0.04,0.18,0.39
NBA,2013 - 2014,Playoffs,Brandan Wright,DAL,6,90.4,15,18,0,0,3,6,2,8,5,7,12,8,2,6,33,1987-10-05,210.0,United States,Brentwood Academy,1.0,8.0,Charlotte Hornets,brandan wright,PF,205.1,208.28,90.72,222.88,275.59,5.8,,,2007,2013,2013-10-01,26.0,3403,0.17,0.2,0.0,0.0,0.03,0.07,0.02,0.09,0.06,0.08,0.13,0.09,0.02,0.07,0.37,0.59
NBA,2013 - 2014,Playoffs,Thomas Robinson,POR,11,121.5,13,31,0,0,6,7,5,23,10,18,28,6,5,5,32,1991-03-17,235.0,United States,Brewster Academy,1.0,5.0,Sacramento Kings,thomas robinson,PF,202.56,205.1,110.77,221.62,269.24,5.0,24.76,26.67,2012,2013,2013-10-01,22.5,3404,0.11,0.26,0.0,0.0,0.05,0.06,0.04,0.19,0.08,0.15,0.23,0.05,0.04,0.04,0.26,0.42
NBA,2013 - 2014,Playoffs,Trevor Booker,WAS,9,145.6,13,29,0,2,4,6,3,25,16,23,39,8,2,9,30,1987-11-25,228.0,United States,Union High School,1.0,23.0,Minnesota Timberwolves,trevor booker,PF,198.76,201.93,106.96,207.64,269.24,7.3,22.86,24.13,2010,2013,2013-10-01,25.9,3405,0.09,0.2,0.0,0.01,0.03,0.04,0.02,0.17,0.11,0.16,0.27,0.05,0.01,0.06,0.21,0.46
NBA,2013 - 2014,Playoffs,Matt Bonner,SAS,22,135.6,10,21,4,12,3,4,2,12,2,12,14,11,2,1,27,1980-04-05,235.0,United States,Concord High School,2.0,16.0,Chicago Bulls,matt bonner,PF/SF,204.47,,109.77,205.1,267.97,13.6,,,2003,2013,2013-10-01,33.5,3406,0.07,0.15,0.03,0.09,0.02,0.03,0.01,0.09,0.01,0.09,0.1,0.08,0.01,0.01,0.2,0.3
NBA,2013 - 2014,Playoffs,Mason Plumlee,BRK,10,114.2,7,16,0,0,8,18,9,24,5,18,23,2,3,7,22,1990-03-05,235.0,United States,Christ School,1.0,22.0,Brooklyn Nets,mason plumlee,C/PF,211.46,214.63,108.05,210.82,274.32,6.15,24.76,24.13,2013,2013,2013-10-01,23.6,3407,0.06,0.14,0.0,0.0,0.07,0.16,0.08,0.21,0.04,0.16,0.2,0.02,0.03,0.06,0.19,0.25
NBA,2013 - 2014,Playoffs,Rasual Butler,IND,11,70.1,6,15,5,12,2,2,1,3,0,6,6,1,1,1,19,1979-05-23,215.0,United States,Roman Catholic High School for Boys,2.0,24.0,Miami Heat,rasual butler,SF,200.02,,89.81,213.36,267.97,,,,2002,2013,2013-10-01,34.4,3408,0.09,0.21,0.07,0.17,0.03,0.03,0.01,0.04,0.0,0.09,0.09,0.01,0.01,0.01,0.27,0.26
NBA,2013 - 2014,Playoffs,Jae Crowder,DAL,7,81.3,8,18,3,7,0,0,3,13,4,8,12,2,2,1,19,1990-07-06,235.0,United States,Villa Rica High School,2.0,4.0,Cleveland Cavaliers,jae crowder,SF,194.94,199.39,109.41,206.38,252.73,9.0,24.13,26.67,2012,2013,2013-10-01,23.2,3409,0.1,0.22,0.04,0.09,0.0,0.0,0.04,0.16,0.05,0.1,0.15,0.02,0.02,0.01,0.23,0.27
NBA,2013 - 2014,Playoffs,Jeff Ayres,SAS,17,65.1,6,13,0,0,5,8,1,6,6,13,19,5,0,0,17,1987-04-29,240.0,United States,Etiwanda High School,2.0,1.0,Sacramento Kings,jeff ayres,PF,205.1,208.28,108.68,215.9,271.78,5.5,,,2009,2013,2013-10-01,26.4,3410,0.09,0.2,0.0,0.0,0.08,0.12,0.02,0.09,0.09,0.2,0.29,0.08,0.0,0.0,0.26,0.46
NBA,2013 - 2014,Playoffs,John Salmons,TOR,6,76.7,5,17,2,12,1,1,1,9,0,6,6,5,2,0,13,1979-12-12,210.0,United States,Plymouth-Whitemarsh High School,1.0,26.0,San Antonio Spurs,john salmons,SF/SG,196.85,,93.89,208.92,264.16,,,,2002,2013,2013-10-01,33.8,3411,0.07,0.22,0.03,0.16,0.01,0.01,0.01,0.12,0.0,0.08,0.08,0.07,0.03,0.0,0.17,0.19
NBA,2014 - 2015,Playoffs,LeBron James,CLE,20,844.4,227,544,25,110,122,167,82,58,37,189,226,169,33,21,601,1984-12-30,250.0,United States,St. Vincent St. Mary High School,1.0,1.0,Cleveland Cavaliers,lebron james,SF/SG,201.3,,111.13,214.0,269.88,6.7,,,2003,2014,2014-10-01,29.8,3751,0.27,0.64,0.03,0.13,0.14,0.2,0.1,0.07,0.04,0.22,0.27,0.2,0.04,0.02,0.71,0.71
NBA,2014 - 2015,Playoffs,Stephen Curry,GSW,21,825.8,200,439,98,232,96,115,82,47,20,85,105,134,39,3,594,1988-03-14,190.0,United States,Charlotte Christian School,1.0,7.0,Golden State Warriors,stephen curry,PG/SG,187.96,191.14,82.1,191.77,246.38,5.7,,,2009,2014,2014-10-01,26.5,3752,0.24,0.53,0.12,0.28,0.12,0.14,0.1,0.06,0.02,0.1,0.13,0.16,0.05,0.0,0.72,0.65
NBA,2014 - 2015,Playoffs,James Harden,HOU,17,635.8,129,294,41,107,163,178,77,49,12,85,97,128,28,7,462,1989-08-26,220.0,United States,Artesia High School,1.0,3.0,Oklahoma City Thunder,james harden,SG,193.04,196.22,100.7,210.18,262.89,10.1,,,2009,2014,2014-10-01,25.1,3753,0.2,0.46,0.06,0.17,0.26,0.28,0.12,0.08,0.02,0.13,0.15,0.2,0.04,0.01,0.73,0.73
NBA,2014 - 2015,Playoffs,Klay Thompson,GSW,21,761.0,149,334,57,146,36,45,41,64,9,72,81,54,16,19,391,1990-02-08,215.0,United States,Santa Margarita Catholic High School,1.0,11.0,Golden State Warriors,klay thompson,SG,197.48,201.3,93.26,205.74,262.89,8.0,22.22,23.5,2011,2014,2014-10-01,24.6,3754,0.2,0.44,0.07,0.19,0.05,0.06,0.05,0.08,0.01,0.09,0.11,0.07,0.02,0.02,0.51,0.43
NBA,2014 - 2015,Playoffs,Blake Griffin,LAC,14,556.9,140,274,1,7,76,106,45,43,38,140,178,86,14,14,357,1989-03-16,250.0,United States,Oklahoma Christian School,1.0,1.0,Los Angeles Clippers,blake griffin,PF,204.47,208.28,112.67,211.46,266.7,8.2,,,2009,2014,2014-10-01,25.5,3755,0.25,0.49,0.0,0.01,0.14,0.19,0.08,0.08,0.07,0.25,0.32,0.15,0.03,0.03,0.64,0.8
NBA,2014 - 2015,Playoffs,Draymond Green,GSW,21,783.6,100,240,24,91,64,87,58,89,46,166,212,109,38,25,288,1990-03-04,230.0,United States,Saginaw High School,2.0,5.0,Golden State Warriors,draymond green,PF/SF,197.48,201.93,106.87,216.54,266.7,11.3,22.86,24.13,2012,2014,2014-10-01,24.6,3756,0.13,0.31,0.03,0.12,0.08,0.11,0.07,0.11,0.06,0.21,0.27,0.14,0.05,0.03,0.37,0.58
NBA,2014 - 2015,Playoffs,Dwight Howard,HOU,17,574.2,105,182,0,0,68,165,37,60,62,176,238,20,23,39,278,1985-12-08,265.0,United States,Southwest Atlanta Christian Academy,1.0,1.0,Orlando Magic,dwight howard,PF/C,205.74,208.92,108.86,224.79,283.21,10.5,,,2004,2014,2014-10-01,28.8,3757,0.18,0.32,0.0,0.0,0.12,0.29,0.06,0.1,0.11,0.31,0.41,0.03,0.04,0.07,0.48,0.66
NBA,2014 - 2015,Playoffs,Jimmy Butler,CHI,12,506.3,94,213,28,72,59,72,21,27,18,49,67,38,29,9,275,1989-09-14,232.0,United States,Tomball High School,1.0,30.0,Chicago Bulls,jimmy butler,SF,198.12,202.56,100.79,201.93,257.81,5.4,22.86,22.86,2011,2014,2014-10-01,25.0,3758,0.19,0.42,0.06,0.14,0.12,0.14,0.04,0.05,0.04,0.1,0.13,0.08,0.06,0.02,0.54,0.54
NBA,2014 - 2015,Playoffs,Jeff Teague,ATL,16,528.6,98,239,21,65,52,60,43,34,10,41,51,107,24,7,269,1988-06-10,195.0,United States,Pike High School,1.0,19.0,Atlanta Hawks,jeff teague,PG,183.52,186.69,79.47,201.93,250.19,4.5,,,2009,2014,2014-10-01,26.3,3759,0.19,0.45,0.04,0.12,0.1,0.11,0.08,0.06,0.02,0.08,0.1,0.2,0.05,0.01,0.51,0.52
NBA,2014 - 2015,Playoffs,Chris Paul,LAC,12,444.9,95,189,27,65,48,51,26,37,7,46,53,105,22,3,265,1985-05-06,175.0,United States,West Forsyth High School,1.0,4.0,New Orleans Pelicans,chris paul,PG,182.24,185.42,80.74,193.68,236.22,,,,2005,2014,2014-10-01,29.4,3760,0.21,0.42,0.06,0.15,0.11,0.11,0.06,0.08,0.02,0.1,0.12,0.24,0.05,0.01,0.6,0.75
NBA,2014 - 2015,Playoffs,Kyrie Irving,CLE,13,464.2,81,185,27,60,58,69,20,29,10,37,47,50,17,11,247,1992-03-23,193.0,United States / Australia,St. Patrick High School,1.0,1.0,Cleveland Cavaliers,kyrie irving,PG,187.32,191.77,86.64,193.04,251.46,10.2,20.96,23.5,2011,2014,2014-10-01,22.5,3761,0.17,0.4,0.06,0.13,0.12,0.15,0.04,0.06,0.02,0.08,0.1,0.11,0.04,0.02,0.53,0.5
NBA,2014 - 2015,Playoffs,Derrick Rose,CHI,12,453.8,93,235,23,66,35,39,38,22,13,45,58,78,14,6,244,1988-10-04,200.0,United States,Simeon Career Academy ,1.0,1.0,Chicago Bulls,derrick rose,PG,186.69,189.23,88.9,203.2,250.19,4.6,,,2008,2014,2014-10-01,26.0,3762,0.2,0.52,0.05,0.15,0.08,0.09,0.08,0.05,0.03,0.1,0.13,0.17,0.03,0.01,0.54,0.47
NBA,2014 - 2015,Playoffs,Paul Millsap,ATL,16,566.4,85,209,15,49,58,78,34,52,36,103,139,55,25,14,243,1985-02-10,246.0,United States,Grambling Laboratory High School,2.0,17.0,Utah Jazz,paul millsap,PF,198.76,201.3,117.03,217.17,267.97,9.7,,,2006,2014,2014-10-01,29.6,3763,0.15,0.37,0.03,0.09,0.1,0.14,0.06,0.09,0.06,0.18,0.25,0.1,0.04,0.02,0.43,0.52
NBA,2014 - 2015,Playoffs,Bradley Beal,WAS,10,417.8,81,200,23,63,49,59,26,19,14,41,55,46,16,7,234,1993-06-28,207.0,United States,Chaminade College Preparatory School,1.0,3.0,Washington Wizards,bradley beal,SG,191.14,194.94,91.53,203.2,254.0,6.0,21.59,22.86,2012,2014,2014-10-01,21.3,3764,0.19,0.48,0.06,0.15,0.12,0.14,0.06,0.05,0.03,0.1,0.13,0.11,0.04,0.02,0.56,0.49
NBA,2014 - 2015,Playoffs,DeMarre Carroll,ATL,16,558.2,86,177,29,72,32,41,15,36,26,71,97,32,18,5,233,1986-07-27,215.0,United States,John Carroll Catholic High School,1.0,27.0,Memphis Grizzlies,demarre carroll,PF/SF,198.76,202.56,93.98,208.28,266.7,6.3,,,2009,2014,2014-10-01,28.2,3765,0.15,0.32,0.05,0.13,0.06,0.07,0.03,0.06,0.05,0.13,0.17,0.06,0.03,0.01,0.42,0.48
NBA,2014 - 2015,Playoffs,Al Horford,ATL,16,521.6,107,211,2,9,15,20,25,34,40,98,138,59,13,23,231,1986-06-03,245.0,Dominican Republic / United States,Grand Ledge High School,1.0,3.0,Atlanta Hawks,al horford,PF,203.2,207.64,111.58,215.26,271.78,9.1,,,2007,2014,2014-10-01,28.3,3766,0.21,0.4,0.0,0.02,0.03,0.04,0.05,0.07,0.08,0.19,0.26,0.11,0.02,0.04,0.44,0.62
NBA,2014 - 2015,Playoffs,J.R. Smith,CLE,18,560.0,83,206,51,142,14,20,15,54,9,76,85,22,17,10,231,1985-09-09,225.0,United States,Saint Benedict's Preparatory School,1.0,18.0,New Orleans Pelicans,jr smith,SG/SF,196.85,200.02,102.97,208.28,264.16,6.7,,,2004,2014,2014-10-01,29.1,3767,0.15,0.37,0.09,0.25,0.02,0.04,0.03,0.1,0.02,0.14,0.15,0.04,0.03,0.02,0.41,0.38
NBA,2014 - 2015,Playoffs,Josh Smith,HOU,17,395.7,85,194,27,71,32,74,38,41,26,70,96,46,9,17,229,1985-12-05,225.0,United States,Oak Hill Academy,1.0,17.0,Atlanta Hawks,josh smith,SG/SF,200.66,203.84,100.24,213.36,270.51,6.7,,,2004,2014,2014-10-01,28.8,3768,0.21,0.49,0.07,0.18,0.08,0.19,0.1,0.1,0.07,0.18,0.24,0.12,0.02,0.04,0.58,0.51
NBA,2014 - 2015,Playoffs,Trevor Ariza,HOU,17,655.2,75,176,36,96,38,42,23,51,18,91,109,44,30,2,224,1985-06-30,215.0,United States,Westchester High School,2.0,14.0,New York Knicks,trevor ariza,SG/SF,200.66,203.84,91.17,218.44,273.05,8.0,,,2004,2014,2014-10-01,29.3,3769,0.11,0.27,0.05,0.15,0.06,0.06,0.04,0.08,0.03,0.14,0.17,0.07,0.05,0.0,0.34,0.43
NBA,2014 - 2015,Playoffs,Harrison Barnes,GSW,21,681.2,88,200,22,62,25,34,22,45,45,65,110,32,17,11,223,1992-05-30,225.0,United States,Ames High School,1.0,7.0,Golden State Warriors,harrison barnes,SF/SG,200.66,203.2,103.33,211.46,257.81,9.6,22.86,21.59,2012,2014,2014-10-01,22.3,3770,0.13,0.29,0.03,0.09,0.04,0.05,0.03,0.07,0.07,0.1,0.16,0.05,0.02,0.02,0.33,0.38
NBA,2014 - 2015,Playoffs,Andre Iguodala,GSW,21,634.6,81,171,29,82,27,65,14,42,16,78,94,75,25,7,218,1984-01-28,215.0,United States,Lanphier High School,1.0,9.0,Philadelphia Sixers,andre iguodala,SG/SF,197.48,200.02,98.43,210.82,267.97,6.7,,,2004,2014,2014-10-01,30.7,3771,0.13,0.27,0.05,0.13,0.04,0.1,0.02,0.07,0.03,0.12,0.15,0.12,0.04,0.01,0.34,0.44
NBA,2014 - 2015,Playoffs,J.J. Redick,LAC,14,540.2,70,161,35,88,33,35,26,36,0,30,30,24,10,5,208,1984-06-24,200.0,United States,Cave Spring High School,1.0,11.0,Orlando Magic,jj redick,SG,193.04,194.94,86.18,191.14,247.65,7.0,,,2006,2014,2014-10-01,30.3,3772,0.13,0.3,0.06,0.16,0.06,0.06,0.05,0.07,0.0,0.06,0.06,0.04,0.02,0.01,0.39,0.3
NBA,2014 - 2015,Playoffs,Tristan Thompson,CLE,20,726.8,72,129,0,0,48,82,15,50,88,128,216,9,5,24,192,1991-03-13,238.0,Canada,Findlay College Prep,1.0,4.0,Cleveland Cavaliers,tristan thompson,PF,201.93,205.1,103.15,216.54,275.59,6.2,22.22,23.5,2011,2014,2014-10-01,23.6,3773,0.1,0.18,0.0,0.0,0.07,0.11,0.02,0.07,0.12,0.18,0.3,0.01,0.01,0.03,0.26,0.47
NBA,2014 - 2015,Playoffs,Corey Brewer,HOU,17,428.0,72,167,12,42,35,55,15,48,11,36,47,19,11,4,191,1986-03-05,186.0,United States,Portland High School,1.0,7.0,Minnesota Timberwolves,corey brewer,SF/SG,198.12,202.56,83.91,203.84,261.62,4.2,,,2007,2014,2014-10-01,28.6,3774,0.17,0.39,0.03,0.1,0.08,0.13,0.04,0.11,0.03,0.08,0.11,0.04,0.03,0.01,0.45,0.33
NBA,2014 - 2015,Playoffs,DeAndre Jordan,LAC,14,482.4,58,81,0,0,67,157,17,42,49,138,187,16,16,33,183,1988-07-21,265.0,United States,Christian Life Center,2.0,5.0,Los Angeles Clippers,deandre jordan,C,207.64,210.82,113.4,228.6,288.29,7.5,,,2008,2014,2014-10-01,26.2,3775,0.12,0.17,0.0,0.0,0.14,0.33,0.04,0.09,0.1,0.29,0.39,0.03,0.03,0.07,0.38,0.62
NBA,2014 - 2015,Playoffs,Iman Shumpert,CLE,20,695.5,59,164,33,93,30,40,13,50,23,75,98,23,25,16,181,1990-06-26,220.0,United States,Oak Park & River Forest High School,1.0,17.0,New York Knicks,iman shumpert,PG/SG,193.68,196.85,100.61,207.01,252.73,6.5,22.86,22.86,2011,2014,2014-10-01,24.3,3776,0.08,0.24,0.05,0.13,0.04,0.06,0.02,0.07,0.03,0.11,0.14,0.03,0.04,0.02,0.26,0.29
NBA,2014 - 2015,Playoffs,Jamal Crawford,LAC,14,379.4,67,186,18,74,26,30,17,34,6,24,30,27,13,3,178,1980-03-20,195.0,United States,Rainier Beach High School,1.0,8.0,Cleveland Cavaliers,jamal crawford,PG/SG,194.31,,79.38,208.28,260.35,,,,2000,2014,2014-10-01,34.5,3777,0.18,0.49,0.05,0.2,0.07,0.08,0.04,0.09,0.02,0.06,0.08,0.07,0.03,0.01,0.47,0.3
NBA,2014 - 2015,Playoffs,Terrence Jones,HOU,17,400.6,67,159,3,19,36,54,16,31,29,52,81,17,8,12,173,1992-01-09,255.0,United States,Jefferson High School,1.0,18.0,Houston Rockets,terrence jones,PF/SF,203.84,207.01,114.31,219.08,271.78,7.7,22.86,25.4,2012,2014,2014-10-01,22.7,3778,0.17,0.4,0.01,0.05,0.09,0.13,0.04,0.08,0.07,0.13,0.2,0.04,0.02,0.03,0.43,0.41
NBA,2014 - 2015,Playoffs,Kyle Korver,ATL,14,525.5,52,133,39,110,13,16,21,27,1,69,70,33,20,15,156,1981-03-17,212.0,United States,Pella High School,2.0,22.0,New Jersey Nets,kyle korver,SF,198.76,,95.71,207.01,260.35,6.7,,,2003,2014,2014-10-01,33.5,3779,0.1,0.25,0.07,0.21,0.02,0.03,0.04,0.05,0.0,0.13,0.13,0.06,0.04,0.03,0.3,0.36
NBA,2014 - 2015,Playoffs,Dennis Schroder,ATL,16,290.3,56,145,8,34,24,28,27,28,5,24,29,62,9,0,144,1993-09-15,172.0,Germany,,1.0,17.0,Atlanta Hawks,dennis schroder,PG,185.42,187.96,74.75,202.56,248.92,4.1,22.22,26.67,2013,2014,2014-10-01,21.0,3780,0.19,0.5,0.03,0.12,0.08,0.1,0.09,0.1,0.02,0.08,0.1,0.21,0.03,0.0,0.5,0.42
NBA,2014 - 2015,Playoffs,Kawhi Leonard,SAS,7,250.4,52,109,11,26,27,35,15,18,13,39,52,18,8,4,142,1991-06-29,230.0,United States,Martin Luther King High School,1.0,15.0,Indiana Pacers,kawhi leonard,SF,198.12,200.66,103.15,220.98,269.24,5.4,24.76,28.58,2011,2014,2014-10-01,23.3,3781,0.21,0.44,0.04,0.1,0.11,0.14,0.06,0.07,0.05,0.16,0.21,0.07,0.03,0.02,0.57,0.58
NBA,2014 - 2015,Playoffs,Mike Dunleavy,CHI,12,388.8,43,88,27,56,18,19,15,31,7,41,48,31,10,5,131,1980-09-15,230.0,United States,Jesuit High School,1.0,3.0,Golden State Warriors,mike dunleavy,SF,203.2,,104.33,205.74,269.24,,,,2002,2014,2014-10-01,34.0,3782,0.11,0.23,0.07,0.14,0.05,0.05,0.04,0.08,0.02,0.11,0.12,0.08,0.03,0.01,0.34,0.42
NBA,2014 - 2015,Playoffs,Monta Ellis,DAL,5,197.0,52,111,11,30,15,20,16,18,4,12,16,26,10,3,130,1985-10-26,185.0,United States,Lanier High School,2.0,10.0,Golden State Warriors,monta ellis,SG/PG,188.6,191.14,80.1,189.86,248.92,,,,2005,2014,2014-10-01,28.9,3783,0.26,0.56,0.06,0.15,0.08,0.1,0.08,0.09,0.02,0.06,0.08,0.13,0.05,0.02,0.66,0.54
NBA,2014 - 2015,Playoffs,Anthony Davis,NOP,4,171.8,47,87,0,2,32,36,13,12,9,35,44,8,5,12,126,1993-03-11,253.0,United States,Perspectives Charter Academy,1.0,1.0,New Orleans Pelicans,anthony davis,PF/C,206.38,209.55,100.61,227.33,274.32,7.9,22.86,21.59,2012,2014,2014-10-01,21.6,3784,0.27,0.51,0.0,0.01,0.19,0.21,0.08,0.07,0.05,0.2,0.26,0.05,0.03,0.07,0.73,0.8
NBA,2014 - 2015,Playoffs,Marcin Gortat,WAS,10,307.1,54,86,0,0,16,24,16,29,27,61,88,22,6,11,124,1984-02-17,240.0,Poland,,2.0,27.0,Phoenix Suns,marcin gortat,PF/C,210.82,213.36,102.15,222.25,279.4,,,,2005,2014,2014-10-01,30.6,3785,0.18,0.28,0.0,0.0,0.05,0.08,0.05,0.09,0.09,0.2,0.29,0.07,0.02,0.04,0.4,0.64
NBA,2014 - 2015,Playoffs,John Wall,WAS,7,272.6,43,110,3,17,33,39,27,13,5,28,33,83,10,10,122,1990-09-06,210.0,United States,Word of God Christian Academy,1.0,1.0,Washington Wizards,john wall,PG,189.86,193.04,88.72,206.38,257.81,5.6,20.96,24.13,2010,2014,2014-10-01,24.1,3786,0.16,0.4,0.01,0.06,0.12,0.14,0.1,0.05,0.02,0.1,0.12,0.3,0.04,0.04,0.45,0.59
NBA,2014 - 2015,Playoffs,Brook Lopez,BRK,6,233.7,43,87,0,0,33,40,6,18,20,34,54,5,4,13,119,1988-04-01,270.0,United States,San Joaquin Memorial High School,1.0,10.0,New Jersey Nets,brook lopez,C,211.46,214.63,117.03,227.33,287.02,6.3,,,2008,2014,2014-10-01,26.5,3787,0.18,0.37,0.0,0.0,0.14,0.17,0.03,0.08,0.09,0.15,0.23,0.02,0.02,0.06,0.51,0.59
NBA,2014 - 2015,Playoffs,Austin Rivers,LAC,14,250.2,46,105,13,35,12,19,12,28,6,18,24,16,10,4,117,1992-08-01,200.0,United States,Winter Park High School,1.0,10.0,New Orleans Pelicans,austin rivers,SG/PG,191.77,195.58,91.99,201.3,245.11,6.2,21.59,25.4,2012,2014,2014-10-01,22.2,3788,0.18,0.42,0.05,0.14,0.05,0.08,0.05,0.11,0.02,0.07,0.1,0.06,0.04,0.02,0.47,0.37
NBA,2014 - 2015,Playoffs,Mike Conley,MEM,8,243.2,41,96,10,33,23,28,12,10,0,9,9,40,11,0,115,1987-10-11,175.0,United States,Lawrence North High School,1.0,4.0,Memphis Grizzlies,mike conley,PG,180.34,184.78,79.38,197.48,240.03,4.2,,,2007,2014,2014-10-01,27.0,3789,0.17,0.39,0.04,0.14,0.09,0.12,0.05,0.04,0.0,0.04,0.04,0.16,0.05,0.0,0.47,0.42
NBA,2014 - 2015,Playoffs,LaMarcus Aldridge,POR,5,208.4,37,112,3,11,32,36,8,16,21,35,56,9,2,12,109,1985-07-19,265.0,United States,Seagoville High School,1.0,2.0,Chicago Bulls,lamarcus aldridge,PF/C,208.28,211.46,106.14,225.42,279.4,8.7,,,2006,2014,2014-10-01,29.2,3790,0.18,0.54,0.01,0.05,0.15,0.17,0.04,0.08,0.1,0.17,0.27,0.04,0.01,0.06,0.52,0.48
NBA,2014 - 2015,Playoffs,Damian Lillard,POR,5,201.2,39,96,5,31,25,32,12,15,2,18,20,23,2,3,108,1990-07-15,195.0,United States,Oakland High School,1.0,6.0,Portland Trail Blazers,damian lillard,PG,187.32,189.86,85.64,202.56,242.57,5.9,22.22,24.76,2012,2014,2014-10-01,24.2,3791,0.19,0.48,0.02,0.15,0.12,0.16,0.06,0.07,0.01,0.09,0.1,0.11,0.01,0.01,0.54,0.38
NBA,2014 - 2015,Playoffs,Matt Barnes,LAC,14,408.6,38,100,16,60,15,20,16,54,16,55,71,22,20,10,107,1980-03-09,226.0,United States,Del Campo High School,2.0,17.0,Memphis Grizzlies,matt barnes,SF,200.02,,102.51,205.74,245.11,,,,2002,2014,2014-10-01,34.6,3792,0.09,0.24,0.04,0.15,0.04,0.05,0.04,0.13,0.04,0.13,0.17,0.05,0.05,0.02,0.26,0.35
NBA,2014 - 2015,Playoffs,Shaun Livingston,GSW,21,374.7,42,79,0,1,21,25,21,32,13,38,51,38,8,5,105,1985-09-11,192.0,United States,Peoria Central High School ,1.0,4.0,Los Angeles Clippers,shaun livingston,PG/SG,198.76,201.93,84.37,210.82,267.97,6.7,,,2004,2014,2014-10-01,29.1,3793,0.11,0.21,0.0,0.0,0.06,0.07,0.06,0.09,0.03,0.1,0.14,0.1,0.02,0.01,0.28,0.38
NBA,2014 - 2015,Playoffs,Otto Porter,WAS,10,330.5,39,88,12,32,10,21,6,16,24,56,80,18,12,2,100,1993-06-03,198.0,United States,Scott County Central High School,1.0,3.0,Washington Wizards,otto porter,SF,201.93,204.47,89.63,217.17,267.97,6.65,22.22,23.5,2013,2014,2014-10-01,21.3,3794,0.12,0.27,0.04,0.1,0.03,0.06,0.02,0.05,0.07,0.17,0.24,0.05,0.04,0.01,0.3,0.44
NBA,2014 - 2015,Playoffs,Joe Johnson,BRK,6,249.4,34,94,12,41,19,24,5,16,5,41,46,29,7,0,99,1981-06-29,240.0,United States,Little Rock Central High School,1.0,10.0,Boston Celtics,joe johnson,SF/SG,200.02,,102.51,205.74,266.7,6.7,,,2001,2014,2014-10-01,33.3,3795,0.14,0.38,0.05,0.16,0.08,0.1,0.02,0.06,0.02,0.16,0.18,0.12,0.03,0.0,0.4,0.45
NBA,2014 - 2015,Playoffs,Jeff Green,MEM,11,298.1,36,108,4,18,22,26,16,18,9,43,52,19,5,5,98,1986-08-28,235.0,United States,Northwestern High School,1.0,5.0,Boston Celtics,jeff green,SF,200.66,207.01,103.42,216.54,261.62,3.7,,,2007,2014,2014-10-01,28.1,3796,0.12,0.36,0.01,0.06,0.07,0.09,0.05,0.06,0.03,0.14,0.17,0.06,0.02,0.02,0.33,0.29
NBA,2014 - 2015,Playoffs,Khris Middleton,MIL,6,232.0,35,92,11,34,14,15,10,14,7,15,22,12,14,3,95,1991-08-12,222.0,United States,Porter-Gaud High School,2.0,9.0,Detroit Pistons,khris middleton,SF,200.02,203.84,98.07,210.18,261.62,7.8,22.86,22.86,2012,2014,2014-10-01,23.1,3797,0.15,0.4,0.05,0.15,0.06,0.06,0.04,0.06,0.03,0.06,0.09,0.05,0.06,0.01,0.41,0.33
NBA,2014 - 2015,Playoffs,Andrew Bogut,GSW,19,439.6,42,75,0,1,5,13,26,69,41,112,153,36,11,34,89,1984-11-28,260.0,Australia,Australian Institute of Sport,1.0,1.0,Milwaukee Bucks,andrew bogut,C/PF,210.82,214.0,113.67,220.98,280.67,,,,2005,2014,2014-10-01,29.8,3798,0.1,0.17,0.0,0.0,0.01,0.03,0.06,0.16,0.09,0.25,0.35,0.08,0.03,0.08,0.2,0.59
NBA,2014 - 2015,Playoffs,Taj Gibson,CHI,12,276.4,34,72,0,0,21,30,11,25,25,41,66,12,4,12,89,1985-06-24,232.0,United States,Calvary Christian High School,1.0,26.0,Chicago Bulls,taj gibson,PF,204.47,207.64,97.25,223.52,276.86,6.6,,,2009,2014,2014-10-01,29.3,3799,0.12,0.26,0.0,0.0,0.08,0.11,0.04,0.09,0.09,0.15,0.24,0.04,0.01,0.04,0.32,0.44
NBA,2014 - 2015,Playoffs,James Jones,CLE,20,310.6,26,75,22,64,13,14,5,42,1,28,29,9,8,3,87,1980-10-04,218.0,United States,American High School,2.0,20.0,Indiana Pacers,james jones,SF,201.3,,98.88,219.71,273.05,6.7,,,2003,2014,2014-10-01,34.0,3800,0.08,0.24,0.07,0.21,0.04,0.05,0.02,0.14,0.0,0.09,0.09,0.03,0.03,0.01,0.28,0.25
NBA,2014 - 2015,Playoffs,C.J. McCollum,POR,5,166.1,32,67,11,23,10,13,6,13,1,19,20,2,6,1,85,1991-09-19,190.0,United States,Glen Oak High School,1.0,10.0,Portland Trail Blazers,cj mccollum,PG/SG,188.6,191.14,89.36,198.76,245.11,8.6,20.32,24.13,2013,2014,2014-10-01,23.0,3801,0.19,0.4,0.07,0.14,0.06,0.08,0.04,0.08,0.01,0.11,0.12,0.01,0.04,0.01,0.51,0.42
NBA,2014 - 2015,Playoffs,DeMar DeRozan,TOR,4,158.7,32,80,3,8,14,17,10,12,5,20,25,23,6,0,81,1989-08-07,220.0,United States,Compton High School,1.0,9.0,Toronto Raptors,demar derozan,SG/SF,196.85,199.39,95.8,205.74,260.35,4.9,,,2009,2014,2014-10-01,25.1,3802,0.2,0.5,0.02,0.05,0.09,0.11,0.06,0.08,0.03,0.13,0.16,0.14,0.04,0.0,0.51,0.47
NBA,2014 - 2015,Playoffs,Beno Udrih,MEM,10,175.2,31,73,4,16,10,12,4,16,4,16,20,21,5,0,76,1982-07-05,205.0,Slovenia,,1.0,28.0,San Antonio Spurs,beno udrih,PG,189.23,192.4,90.26,194.31,248.92,9.3,,,2004,2014,2014-10-01,32.2,3803,0.18,0.42,0.02,0.09,0.06,0.07,0.02,0.09,0.02,0.09,0.11,0.12,0.03,0.0,0.43,0.42
NBA,2014 - 2015,Playoffs,Ramon Sessions,WAS,10,218.0,26,70,10,25,13,19,10,14,2,22,24,23,4,1,75,1986-04-11,190.0,United States,Myrtle Beach High School,2.0,26.0,Milwaukee Bucks,ramon sessions,PG,187.96,192.4,83.91,193.68,247.65,6.2,,,2007,2014,2014-10-01,28.5,3804,0.12,0.32,0.05,0.11,0.06,0.09,0.05,0.06,0.01,0.1,0.11,0.11,0.02,0.0,0.34,0.3
NBA,2014 - 2015,Playoffs,Jarrett Jack,BRK,6,153.3,28,54,5,15,13,13,20,14,2,23,25,27,7,1,74,1983-10-28,200.0,United States,Worcester Academy,1.0,22.0,Denver Nuggets,jarrett jack,PG,189.23,191.77,89.63,201.93,254.0,,,,2005,2014,2014-10-01,30.9,3805,0.18,0.35,0.03,0.1,0.08,0.08,0.13,0.09,0.01,0.15,0.16,0.18,0.05,0.01,0.48,0.58
NBA,2014 - 2015,Playoffs,Eric Gordon,NOP,4,143.4,28,63,13,32,5,6,10,11,2,7,9,15,2,2,74,1988-12-25,215.0,United States,North Central High School,1.0,7.0,Los Angeles Clippers,eric gordon,SG,187.96,191.14,100.7,205.74,251.46,8.2,,,2008,2014,2014-10-01,25.8,3806,0.2,0.44,0.09,0.22,0.03,0.04,0.07,0.08,0.01,0.05,0.06,0.1,0.01,0.01,0.52,0.38
NBA,2014 - 2015,Playoffs,Michael Carter-Williams,MIL,6,191.0,33,78,0,5,7,12,16,14,1,26,27,29,7,6,73,1991-10-10,190.0,United States,St. Andrew's High School ,1.0,11.0,Philadelphia Sixers,michael carter williams,PG,194.94,197.48,83.64,201.3,256.54,4.4,19.05,21.59,2013,2014,2014-10-01,23.0,3807,0.17,0.41,0.0,0.03,0.04,0.06,0.08,0.07,0.01,0.14,0.14,0.15,0.04,0.03,0.38,0.4
NBA,2014 - 2015,Playoffs,Deron Williams,BRK,6,192.1,27,69,11,26,6,7,16,18,3,34,37,33,8,0,71,1984-06-26,200.0,United States,The Colony High School,1.0,3.0,Utah Jazz,deron williams,PG,187.32,189.86,91.81,198.76,248.92,,,,2005,2014,2014-10-01,30.3,3808,0.14,0.36,0.06,0.14,0.03,0.04,0.08,0.09,0.02,0.18,0.19,0.17,0.04,0.0,0.37,0.46
NBA,2014 - 2015,Playoffs,Patty Mills,SAS,7,112.2,21,42,16,28,13,13,5,15,4,15,19,8,2,0,71,1988-08-11,180.0,Australia,Australian Institute of Sport,2.0,25.0,Portland Trail Blazers,patty mills,PG,180.98,184.15,79.56,187.96,241.3,6.9,,,2009,2014,2014-10-01,26.1,3809,0.19,0.37,0.14,0.25,0.12,0.12,0.04,0.13,0.04,0.13,0.17,0.07,0.02,0.0,0.63,0.67
NBA,2014 - 2015,Playoffs,Festus Ezeli,GSW,20,183.4,27,50,0,0,16,29,12,25,24,38,62,6,1,10,70,1989-10-21,265.0,Nigeria,Jesuit High School ,1.0,30.0,Golden State Warriors,festus ezeli,C/PF,207.64,212.09,119.84,227.96,274.32,5.5,22.86,27.3,2012,2014,2014-10-01,24.9,3810,0.15,0.27,0.0,0.0,0.09,0.16,0.07,0.14,0.13,0.21,0.34,0.03,0.01,0.05,0.38,0.55
NBA,2014 - 2015,Playoffs,Isaiah Thomas,BOS,4,119.3,18,54,3,18,31,32,14,10,1,11,12,28,3,0,70,1989-02-07,185.0,United States,South Kent School,2.0,30.0,Sacramento Kings,isaiah thomas,PG,174.62,178.44,84.37,187.32,232.41,6.7,20.96,22.86,2011,2014,2014-10-01,25.6,3811,0.15,0.45,0.03,0.15,0.26,0.27,0.12,0.08,0.01,0.09,0.1,0.23,0.03,0.0,0.59,0.52
NBA,2014 - 2015,Playoffs,Joakim Noah,CHI,12,395.1,31,76,0,0,7,20,20,37,45,87,132,38,10,14,69,1985-02-25,230.0,France / United States,Lawrenceville School,1.0,9.0,Chicago Bulls,joakim noah,PF,208.28,213.36,101.15,216.54,270.51,4.8,,,2007,2014,2014-10-01,29.6,3812,0.08,0.19,0.0,0.0,0.02,0.05,0.05,0.09,0.11,0.22,0.33,0.1,0.03,0.04,0.17,0.48
NBA,2014 - 2015,Playoffs,Drew Gooden,WAS,10,177.9,23,61,12,26,10,13,14,21,13,42,55,8,2,10,68,1981-09-24,250.0,United States,El Cerrito High School,1.0,4.0,Memphis Grizzlies,drew gooden,PF,205.1,,102.97,214.63,270.51,,,,2002,2014,2014-10-01,33.0,3813,0.13,0.34,0.07,0.15,0.06,0.07,0.08,0.12,0.07,0.24,0.31,0.04,0.01,0.06,0.38,0.5
NBA,2014 - 2015,Playoffs,Tony Allen,MEM,10,278.8,28,57,1,7,9,12,13,27,14,38,52,15,24,11,66,1982-01-11,213.0,United States,Crane High School,1.0,25.0,Boston Celtics,tony allen,SG,191.77,193.68,97.07,205.74,259.08,6.7,,,2004,2014,2014-10-01,32.7,3814,0.1,0.2,0.0,0.03,0.03,0.04,0.05,0.1,0.05,0.14,0.19,0.05,0.09,0.04,0.24,0.45
NBA,2014 - 2015,Playoffs,Alan Anderson,BRK,6,141.8,25,41,10,16,6,9,8,9,2,19,21,7,4,1,66,1982-10-16,220.0,United States,De La Salle High School,,,,alan anderson,SG/SF,194.31,198.12,101.24,207.01,264.16,,,,2005,2014,2014-10-01,32.0,3815,0.18,0.29,0.07,0.11,0.04,0.06,0.06,0.06,0.01,0.13,0.15,0.05,0.03,0.01,0.47,0.52
NBA,2014 - 2015,Playoffs,Thaddeus Young,BRK,6,190.5,29,66,0,4,5,12,14,15,17,26,43,16,5,1,63,1988-06-21,221.0,United States,Mitchell High School,1.0,12.0,Philadelphia Sixers,thaddeus young,SF,197.48,201.93,95.25,212.09,269.24,4.9,,,2007,2014,2014-10-01,26.3,3816,0.15,0.35,0.0,0.02,0.03,0.06,0.07,0.08,0.09,0.14,0.23,0.08,0.03,0.01,0.33,0.38
NBA,2014 - 2015,Playoffs,Danny Green,SAS,7,203.6,21,61,12,40,4,6,5,12,7,15,22,15,7,7,58,1987-06-22,215.0,United States,St. Mary's High School,2.0,16.0,Cleveland Cavaliers,danny green,SG/SF,196.22,199.39,94.35,208.28,261.62,5.6,,,2009,2014,2014-10-01,27.3,3817,0.1,0.3,0.06,0.2,0.02,0.03,0.02,0.06,0.03,0.07,0.11,0.07,0.03,0.03,0.28,0.29
NBA,2014 - 2015,Playoffs,Kevin Love,CLE,4,106.8,17,41,9,21,14,19,6,12,6,22,28,10,1,2,57,1988-09-07,251.0,United States,Lake Oswego High School,1.0,5.0,Memphis Grizzlies,kevin love,PF,202.56,207.01,115.67,211.46,269.24,12.9,,,2008,2014,2014-10-01,26.1,3818,0.16,0.38,0.08,0.2,0.13,0.18,0.06,0.11,0.06,0.21,0.26,0.09,0.01,0.02,0.53,0.58
NBA,2014 - 2015,Playoffs,Al-Farouq Aminu,DAL,5,150.1,17,31,7,11,15,19,6,15,14,22,36,6,10,8,56,1990-09-21,220.0,United States / Nigeria,Norcross High School,1.0,8.0,Los Angeles Clippers,al farouq aminu,SF,201.3,204.47,97.98,221.62,275.59,8.2,24.13,24.13,2010,2014,2014-10-01,24.0,3819,0.11,0.21,0.05,0.07,0.1,0.13,0.04,0.1,0.09,0.15,0.24,0.04,0.07,0.05,0.37,0.6
NBA,2014 - 2015,Playoffs,O.J. Mayo,MIL,6,155.7,18,54,6,19,12,12,9,14,1,19,20,18,7,1,54,1987-11-05,210.0,United States,Huntington High School,1.0,3.0,Minnesota Timberwolves,oj mayo,SG/PG,191.14,193.68,90.72,198.12,252.73,6.3,,,2008,2014,2014-10-01,26.9,3820,0.12,0.35,0.04,0.12,0.08,0.08,0.06,0.09,0.01,0.12,0.13,0.12,0.04,0.01,0.35,0.36
NBA,2014 - 2015,Playoffs,Aaron Brooks,CHI,12,132.2,21,61,8,26,4,7,9,16,3,15,18,11,3,1,54,1985-01-14,161.0,United States,Benjamin Franklin High School,1.0,26.0,Houston Rockets,aaron brooks,PG,177.8,182.24,73.03,193.04,238.76,2.7,,,2007,2014,2014-10-01,29.7,3821,0.16,0.46,0.06,0.2,0.03,0.05,0.07,0.12,0.02,0.11,0.14,0.08,0.02,0.01,0.41,0.27
NBA,2014 - 2015,Playoffs,John Henson,MIL,6,152.5,24,41,0,1,5,14,11,14,21,27,48,4,5,10,53,1990-12-28,219.0,United States,Sickles High School,1.0,14.0,Milwaukee Bucks,john henson,PF,205.74,209.55,97.98,226.06,284.48,8.6,23.5,25.4,2012,2014,2014-10-01,23.8,3822,0.16,0.27,0.0,0.01,0.03,0.09,0.07,0.09,0.14,0.18,0.31,0.03,0.03,0.07,0.35,0.55
NBA,2014 - 2015,Playoffs,Ersan Ilyasova,MIL,6,142.2,20,61,5,23,7,10,5,10,6,17,23,3,5,3,52,1987-05-15,235.0,Turkey,,2.0,6.0,Milwaukee Bucks,ersan ilyasova,SF,202.56,205.74,94.71,216.54,278.13,,,,2005,2014,2014-10-01,27.4,3823,0.14,0.43,0.04,0.16,0.05,0.07,0.04,0.07,0.04,0.12,0.16,0.02,0.04,0.02,0.37,0.26
NBA,2014 - 2015,Playoffs,Tyson Chandler,DAL,5,160.4,19,29,0,0,13,26,5,16,27,27,54,1,3,6,51,1982-10-02,240.0,United States,Dominguez High School,1.0,2.0,Los Angeles Clippers,tyson chandler,SF/PF,212.09,,101.6,220.98,279.4,6.7,,,2001,2014,2014-10-01,32.0,3824,0.12,0.18,0.0,0.0,0.08,0.16,0.03,0.1,0.17,0.17,0.34,0.01,0.02,0.04,0.32,0.56
NBA,2014 - 2015,Playoffs,Mike Scott,ATL,11,171.6,21,55,4,26,4,4,7,16,16,30,46,5,5,0,50,1988-07-16,237.0,United States,Hargrave Military Academy ,2.0,13.0,Atlanta Hawks,mike scott,PF,201.3,205.1,109.23,210.18,264.16,10.6,21.59,22.86,2012,2014,2014-10-01,26.2,3825,0.12,0.32,0.02,0.15,0.02,0.02,0.04,0.09,0.09,0.17,0.27,0.03,0.03,0.0,0.29,0.38
NBA,2014 - 2015,Playoffs,Jared Sullinger,BOS,4,80.3,21,38,3,9,4,7,5,12,9,19,28,1,0,3,49,1992-03-04,260.0,United States,Northland High School,1.0,21.0,Boston Celtics,jared sullinger,PF,202.56,205.74,121.65,216.54,267.97,10.7,23.5,24.76,2012,2014,2014-10-01,22.6,3826,0.26,0.47,0.04,0.11,0.05,0.09,0.06,0.15,0.11,0.24,0.35,0.01,0.0,0.04,0.61,0.7
NBA,2014 - 2015,Playoffs,Avery Bradley,BOS,4,133.1,19,50,5,19,6,7,3,13,3,12,15,3,3,0,49,1990-11-26,180.0,United States,Findlay College Prep,1.0,19.0,Boston Celtics,avery bradley,SG/PG,187.96,191.14,81.83,201.3,250.19,4.0,20.96,24.13,2010,2014,2014-10-01,23.8,3827,0.14,0.38,0.04,0.14,0.05,0.05,0.02,0.1,0.02,0.09,0.11,0.02,0.02,0.0,0.37,0.26
NBA,2014 - 2015,Playoffs,Jae Crowder,BOS,4,100.4,15,29,3,10,10,13,5,14,8,12,20,8,4,3,43,1990-07-06,235.0,United States,Villa Rica High School,2.0,4.0,Cleveland Cavaliers,jae crowder,SF,194.94,199.39,109.41,206.38,252.73,9.0,24.13,26.67,2012,2014,2014-10-01,24.2,3828,0.15,0.29,0.03,0.1,0.1,0.13,0.05,0.14,0.08,0.12,0.2,0.08,0.04,0.03,0.43,0.56
NBA,2014 - 2015,Playoffs,Tony Snell,CHI,11,140.2,15,44,9,27,4,4,5,13,1,16,17,6,0,3,43,1991-11-10,213.0,United States,Martin Luther King High School,1.0,20.0,Chicago Bulls,tony snell,SF/SG,198.12,201.3,89.9,212.09,267.97,4.85,22.86,24.13,2013,2014,2014-10-01,22.9,3829,0.11,0.31,0.06,0.19,0.03,0.03,0.04,0.09,0.01,0.11,0.12,0.04,0.0,0.02,0.31,0.25
NBA,2014 - 2015,Playoffs,Evan Turner,BOS,4,117.8,16,44,2,4,8,9,9,11,2,27,29,19,3,0,42,1988-10-27,220.0,United States,St. Joseph High School,1.0,2.0,Philadelphia Sixers,evan turner,SG,197.48,200.66,96.98,203.2,262.89,8.6,22.22,24.13,2010,2014,2014-10-01,25.9,3830,0.14,0.37,0.02,0.03,0.07,0.08,0.08,0.09,0.02,0.23,0.25,0.16,0.03,0.0,0.36,0.48
NBA,2014 - 2015,Playoffs,Mike Muscala,ATL,10,101.5,20,33,2,8,0,0,4,13,8,10,18,1,1,3,42,1991-07-01,240.0,United States,Roseville High School,2.0,14.0,Dallas Mavericks,mike muscala,C/PF,208.92,212.09,104.42,215.9,274.32,6.8,21.59,22.86,2013,2014,2014-10-01,23.3,3831,0.2,0.33,0.02,0.08,0.0,0.0,0.04,0.13,0.08,0.1,0.18,0.01,0.01,0.03,0.41,0.47
NBA,2014 - 2015,Playoffs,Patrick Patterson,TOR,4,105.9,15,27,7,15,4,4,3,5,4,10,14,5,3,0,41,1989-03-14,230.0,United States,Huntington High School,1.0,14.0,Houston Rockets,patrick patterson,PF,203.2,206.38,108.68,216.54,271.78,5.3,23.5,26.04,2010,2014,2014-10-01,25.5,3832,0.14,0.25,0.07,0.14,0.04,0.04,0.03,0.05,0.04,0.09,0.13,0.05,0.03,0.0,0.39,0.46
NBA,2014 - 2015,Playoffs,David Lee,GSW,13,106.7,16,40,0,0,8,15,2,17,11,23,34,8,3,2,40,1983-04-29,245.0,United States,Chaminade College Preparatory School,1.0,30.0,New York Knicks,david lee,PF,202.56,205.74,104.1,213.36,270.51,,,,2005,2014,2014-10-01,31.4,3833,0.15,0.37,0.0,0.0,0.07,0.14,0.02,0.16,0.1,0.22,0.32,0.07,0.03,0.02,0.37,0.5
NBA,2014 - 2015,Playoffs,Jared Dudley,MIL,6,110.2,14,30,8,14,4,7,5,12,3,8,11,8,12,2,40,1985-07-10,237.0,United States,Horizon High School,1.0,22.0,Charlotte Hornets,jared dudley,SF,195.58,201.3,99.34,200.66,259.08,7.1,,,2007,2014,2014-10-01,29.2,3834,0.13,0.27,0.07,0.13,0.04,0.06,0.05,0.11,0.03,0.07,0.1,0.07,0.11,0.02,0.36,0.45
NBA,2014 - 2015,Playoffs,Tyreke Evans,NOP,4,125.3,14,43,2,11,10,17,6,10,3,17,20,20,5,1,40,1989-09-19,220.0,United States,American Christian Academy ,1.0,4.0,Sacramento Kings,tyreke evans,PG/SG,193.04,196.22,100.06,211.46,264.16,7.1,,,2009,2014,2014-10-01,25.0,3835,0.11,0.34,0.02,0.09,0.08,0.14,0.05,0.08,0.02,0.14,0.16,0.16,0.04,0.01,0.32,0.35
NBA,2014 - 2015,Playoffs,Meyers Leonard,POR,5,106.3,14,21,10,13,1,2,3,17,6,27,33,5,2,2,39,1992-02-27,255.0,United States,Robinson High School,1.0,11.0,Portland Trail Blazers,meyers leonard,C,212.72,216.54,113.31,220.98,274.32,5.7,23.5,27.94,2012,2014,2014-10-01,22.6,3836,0.13,0.2,0.09,0.12,0.01,0.02,0.03,0.16,0.06,0.25,0.31,0.05,0.02,0.02,0.37,0.66
NBA,2014 - 2015,Playoffs,Jerryd Bayless,MIL,6,120.2,12,35,2,7,13,17,4,12,4,11,15,18,2,2,39,1988-08-20,210.0,United States,St. Mary's High School,1.0,11.0,Indiana Pacers,jerryd bayless,PG/SG,187.32,190.5,92.53,191.77,246.38,4.7,,,2008,2014,2014-10-01,26.1,3837,0.1,0.29,0.02,0.06,0.11,0.14,0.03,0.1,0.03,0.09,0.12,0.15,0.02,0.02,0.32,0.38
NBA,2014 - 2015,Playoffs,Shelvin Mack,ATL,10,99.0,15,39,6,21,3,6,2,7,2,9,11,10,8,0,39,1990-04-22,203.0,United States,Bryan Station High School,2.0,4.0,Washington Wizards,shelvin mack,PG,185.42,189.23,94.8,201.93,245.11,7.1,20.96,23.5,2011,2014,2014-10-01,24.4,3838,0.15,0.39,0.06,0.21,0.03,0.06,0.02,0.07,0.02,0.09,0.11,0.1,0.08,0.0,0.39,0.39
NBA,2014 - 2015,Playoffs,Marcus Smart,BOS,4,90.0,14,29,3,13,8,15,4,12,5,6,11,5,1,1,39,1994-03-06,220.0,United States,Marcus High School,1.0,6.0,Boston Celtics,marcus smart,PG,187.96,191.14,103.06,206.38,251.46,10.55,22.86,22.22,2014,2014,2014-10-01,20.6,3839,0.16,0.32,0.03,0.14,0.09,0.17,0.04,0.13,0.06,0.07,0.12,0.06,0.01,0.01,0.43,0.35
NBA,2014 - 2015,Playoffs,Amar'e Stoudemire,DAL,5,75.1,15,35,0,0,9,13,7,16,7,9,16,3,1,3,39,1982-11-16,245.0,United States,Cypress Creek High School,1.0,9.0,Phoenix Suns,amare stoudemire,PF,204.47,,105.69,217.8,275.59,,,,2002,2014,2014-10-01,31.9,3840,0.2,0.47,0.0,0.0,0.12,0.17,0.09,0.21,0.09,0.12,0.21,0.04,0.01,0.04,0.52,0.41
NBA,2014 - 2015,Playoffs,Norris Cole,NOP,4,105.8,15,36,3,14,2,3,8,15,1,6,7,7,0,1,35,1988-10-13,175.0,United States,Dunbar High School ,1.0,28.0,Chicago Bulls,norris cole,PG,183.52,187.32,79.11,188.6,242.57,4.7,21.59,24.13,2011,2014,2014-10-01,26.0,3841,0.14,0.34,0.03,0.13,0.02,0.03,0.08,0.14,0.01,0.06,0.07,0.07,0.0,0.01,0.33,0.19
NBA,2014 - 2015,Playoffs,Tyler Zeller,BOS,4,89.7,15,29,0,0,4,5,4,5,2,16,18,2,2,1,34,1990-01-17,259.0,United States,Washington High School,1.0,17.0,Dallas Mavericks,tyler zeller,PF/C,211.46,214.63,112.22,213.36,265.43,6.4,22.86,24.76,2012,2014,2014-10-01,24.7,3842,0.17,0.32,0.0,0.0,0.04,0.06,0.04,0.06,0.02,0.18,0.2,0.02,0.02,0.01,0.38,0.42
NBA,2014 - 2015,Playoffs,Greivis Vasquez,TOR,4,101.3,11,29,5,14,3,3,4,15,0,7,7,12,2,0,30,1987-01-16,217.0,Venezuela,Montrose Christian School,1.0,28.0,Memphis Grizzlies,greivis vasquez,PG/SG,195.58,199.39,95.62,200.66,256.54,8.6,19.68,23.5,2010,2014,2014-10-01,27.7,3843,0.11,0.29,0.05,0.14,0.03,0.03,0.04,0.15,0.0,0.07,0.07,0.12,0.02,0.0,0.3,0.29
NBA,2014 - 2015,Playoffs,Terrence Ross,TOR,4,106.6,11,29,6,18,0,0,2,10,0,6,6,4,3,4,28,1991-02-05,206.0,United States,Jefferson High School,1.0,8.0,Toronto Raptors,terrence ross,SG/SF,198.12,200.66,89.18,201.3,255.27,3.2,22.22,26.04,2012,2014,2014-10-01,23.7,3844,0.1,0.27,0.06,0.17,0.0,0.0,0.02,0.09,0.0,0.06,0.06,0.04,0.03,0.04,0.26,0.24
NBA,2014 - 2015,Playoffs,Kirk Hinrich,CHI,10,125.5,9,19,6,10,2,3,1,14,0,5,5,11,3,1,26,1981-01-02,190.0,United States,West High School ,1.0,7.0,Chicago Bulls,kirk hinrich,PG/SG,189.86,,84.37,198.12,250.19,5.3,,,2003,2014,2014-10-01,33.7,3845,0.07,0.15,0.05,0.08,0.02,0.02,0.01,0.11,0.0,0.04,0.04,0.09,0.02,0.01,0.21,0.28
NBA,2014 - 2015,Playoffs,Tiago Splitter,SAS,7,123.3,9,24,0,0,6,19,7,17,13,18,31,9,4,1,24,1985-01-01,245.0,Brazil,,1.0,28.0,San Antonio Spurs,tiago splitter,C/PF,208.92,212.72,105.69,218.44,278.13,5.3,,,2004,2014,2014-10-01,29.7,3846,0.07,0.19,0.0,0.0,0.05,0.15,0.06,0.14,0.11,0.15,0.25,0.07,0.03,0.01,0.19,0.27
NBA,2014 - 2015,Playoffs,Devin Harris,DAL,4,73.6,8,23,0,11,8,9,4,10,1,7,8,4,2,0,24,1983-02-27,185.0,United States,Wauwatosa East High School,1.0,5.0,Washington Wizards,devin harris,PG,187.32,190.5,77.11,201.93,250.19,5.3,,,2004,2014,2014-10-01,31.6,3847,0.11,0.31,0.0,0.15,0.11,0.12,0.05,0.14,0.01,0.1,0.11,0.05,0.03,0.0,0.33,0.26
NBA,2014 - 2015,Playoffs,Dante Cunningham,NOP,4,75.3,9,11,0,0,3,3,0,7,4,14,18,2,3,4,21,1987-04-22,230.0,United States,Potomac High School,2.0,3.0,Portland Trail Blazers,dante cunningham,PF,200.66,203.84,103.15,210.82,270.51,4.8,,,2009,2014,2014-10-01,27.4,3848,0.12,0.15,0.0,0.0,0.04,0.04,0.0,0.09,0.05,0.19,0.24,0.03,0.04,0.05,0.28,0.61
NBA,2014 - 2015,Playoffs,Brandon Bass,BOS,4,85.9,7,20,0,0,6,10,3,4,3,5,8,10,1,3,20,1985-04-30,250.0,United States,Capitol High School,2.0,3.0,New Orleans Pelicans,brandon bass,PF,198.76,201.3,111.58,219.71,270.51,9.3,,,2004,2014,2014-10-01,29.4,3849,0.08,0.23,0.0,0.0,0.07,0.12,0.03,0.05,0.03,0.06,0.09,0.12,0.01,0.03,0.23,0.25
NBA,2015 - 2016,Playoffs,Klay Thompson,GSW,24,848.8,201,453,98,231,82,96,47,53,15,73,88,54,26,9,582,1990-02-08,215.0,United States,Santa Margarita Catholic High School,1.0,11.0,Golden State Warriors,klay thompson,SG,197.48,201.3,93.26,205.74,262.89,8.0,22.22,23.5,2011,2015,2015-10-01,25.6,4175,0.24,0.53,0.12,0.27,0.1,0.11,0.06,0.06,0.02,0.09,0.1,0.06,0.03,0.01,0.69,0.53
NBA,2015 - 2016,Playoffs,LeBron James,CLE,21,822.1,219,417,32,94,82,124,75,54,42,158,200,160,49,27,552,1984-12-30,250.0,United States,St. Vincent St. Mary High School,1.0,1.0,Cleveland Cavaliers,lebron james,SF/SG,201.3,,111.13,214.0,269.88,6.7,,,2003,2015,2015-10-01,30.8,4176,0.27,0.51,0.04,0.11,0.1,0.15,0.09,0.07,0.05,0.19,0.24,0.19,0.06,0.03,0.67,0.81
NBA,2015 - 2016,Playoffs,Kyrie Irving,CLE,21,773.7,201,423,51,116,77,88,48,46,15,47,62,98,36,13,530,1992-03-23,193.0,United States / Australia,St. Patrick High School,1.0,1.0,Cleveland Cavaliers,kyrie irving,PG,187.32,191.77,86.64,193.04,251.46,10.2,20.96,23.5,2011,2015,2015-10-01,23.5,4177,0.26,0.55,0.07,0.15,0.1,0.11,0.06,0.06,0.02,0.06,0.08,0.13,0.05,0.02,0.69,0.61
NBA,2015 - 2016,Playoffs,Kevin Durant,OKC,18,725.6,175,407,31,110,130,146,65,37,13,115,128,60,18,18,511,1988-09-29,240.0,United States,Montrose Christian School,1.0,2.0,Seattle SuperSonics,kevin durant,SF/PF,205.74,208.92,97.52,225.42,279.4,6.6,,,2007,2015,2015-10-01,27.0,4178,0.24,0.56,0.04,0.15,0.18,0.2,0.09,0.05,0.02,0.16,0.18,0.08,0.02,0.02,0.7,0.57
NBA,2015 - 2016,Playoffs,Russell Westbrook,OKC,18,674.0,159,393,34,105,116,140,78,43,41,83,124,198,46,2,468,1988-11-12,200.0,United States,Leuzinger High School,1.0,4.0,Seattle SuperSonics,russell westbrook,PG,188.6,191.77,87.09,202.56,254.0,4.8,,,2008,2015,2015-10-01,26.9,4179,0.24,0.58,0.05,0.16,0.17,0.21,0.12,0.06,0.06,0.12,0.18,0.29,0.07,0.0,0.69,0.73
NBA,2015 - 2016,Playoffs,Stephen Curry,GSW,18,614.3,148,338,80,198,76,83,75,39,14,85,99,93,26,5,452,1988-03-14,190.0,United States,Charlotte Christian School,1.0,7.0,Golden State Warriors,stephen curry,PG/SG,187.96,191.14,82.1,191.77,246.38,5.7,,,2009,2015,2015-10-01,27.5,4180,0.24,0.55,0.13,0.32,0.12,0.14,0.12,0.06,0.02,0.14,0.16,0.15,0.04,0.01,0.74,0.65
NBA,2015 - 2016,Playoffs,DeMar DeRozan,TOR,20,746.2,157,398,4,26,100,123,45,52,13,70,83,54,22,3,418,1989-08-07,220.0,United States,Compton High School,1.0,9.0,Toronto Raptors,demar derozan,SG/SF,196.85,199.39,95.8,205.74,260.35,4.9,,,2009,2015,2015-10-01,26.1,4181,0.21,0.53,0.01,0.03,0.13,0.16,0.06,0.07,0.02,0.09,0.11,0.07,0.03,0.0,0.56,0.36
NBA,2015 - 2016,Playoffs,Draymond Green,GSW,23,879.4,119,276,38,104,79,107,56,81,38,190,228,138,37,41,355,1990-03-04,230.0,United States,Saginaw High School,2.0,5.0,Golden State Warriors,draymond green,PF/SF,197.48,201.93,106.87,216.54,266.7,11.3,22.86,24.13,2012,2015,2015-10-01,25.6,4182,0.14,0.31,0.04,0.12,0.09,0.12,0.06,0.09,0.04,0.22,0.26,0.16,0.04,0.05,0.4,0.65
NBA,2015 - 2016,Playoffs,Dwyane Wade,MIA,14,472.6,119,254,12,23,50,64,38,22,12,67,79,60,11,13,300,1982-01-17,220.0,United States,Harold L. Richards High School,1.0,5.0,Miami Heat,dwyane wade,SG/SF,192.4,,96.16,210.18,259.08,6.7,,,2003,2015,2015-10-01,33.7,4183,0.25,0.54,0.03,0.05,0.11,0.14,0.08,0.05,0.03,0.14,0.17,0.13,0.02,0.03,0.63,0.58
NBA,2015 - 2016,Playoffs,Kevin Love,CLE,20,612.8,92,239,46,111,63,75,27,34,34,141,175,42,9,8,293,1988-09-07,251.0,United States,Lake Oswego High School,1.0,5.0,Memphis Grizzlies,kevin love,PF,202.56,207.01,115.67,211.46,269.24,12.9,,,2008,2015,2015-10-01,27.1,4184,0.15,0.39,0.08,0.18,0.1,0.12,0.04,0.06,0.06,0.23,0.29,0.07,0.01,0.01,0.48,0.56
NBA,2015 - 2016,Playoffs,Damian Lillard,POR,11,437.4,89,242,42,107,71,78,33,23,12,35,47,69,14,3,291,1990-07-15,195.0,United States,Oakland High School,1.0,6.0,Portland Trail Blazers,damian lillard,PG,187.32,189.86,85.64,202.56,242.57,5.9,22.22,24.76,2012,2015,2015-10-01,25.2,4185,0.2,0.55,0.1,0.24,0.16,0.18,0.08,0.05,0.03,0.08,0.11,0.16,0.03,0.01,0.67,0.53
NBA,2015 - 2016,Playoffs,J.R. Smith,CLE,21,730.2,82,188,65,151,13,21,11,55,7,60,67,29,26,5,242,1985-09-09,225.0,United States,Saint Benedict's Preparatory School,1.0,18.0,New Orleans Pelicans,jr smith,SG/SF,196.85,200.02,102.97,208.28,264.16,6.7,,,2004,2015,2015-10-01,30.1,4186,0.11,0.26,0.09,0.21,0.02,0.03,0.02,0.08,0.01,0.08,0.09,0.04,0.04,0.01,0.33,0.33
NBA,2015 - 2016,Playoffs,Kawhi Leonard,SAS,10,338.6,83,166,17,39,42,51,16,21,14,49,63,28,26,14,225,1991-06-29,230.0,United States,Martin Luther King High School,1.0,15.0,Indiana Pacers,kawhi leonard,SF,198.12,200.66,103.15,220.98,269.24,5.4,24.76,28.58,2011,2015,2015-10-01,24.3,4187,0.25,0.49,0.05,0.12,0.12,0.15,0.05,0.06,0.04,0.14,0.19,0.08,0.08,0.04,0.66,0.73
NBA,2015 - 2016,Playoffs,C.J. McCollum,POR,11,442.4,84,197,20,58,37,46,20,30,7,33,40,36,10,5,225,1991-09-19,190.0,United States,Glen Oak High School,1.0,10.0,Portland Trail Blazers,cj mccollum,PG/SG,188.6,191.14,89.36,198.76,245.11,8.6,20.32,24.13,2013,2015,2015-10-01,24.0,4188,0.19,0.45,0.05,0.13,0.08,0.1,0.05,0.07,0.02,0.07,0.09,0.08,0.02,0.01,0.51,0.38
NBA,2015 - 2016,Playoffs,LaMarcus Aldridge,SAS,10,337.2,88,169,2,2,41,46,11,18,22,61,83,10,4,14,219,1985-07-19,265.0,United States,Seagoville High School,1.0,2.0,Chicago Bulls,lamarcus aldridge,PF/C,208.28,211.46,106.14,225.42,279.4,8.7,,,2006,2015,2015-10-01,30.2,4189,0.26,0.5,0.01,0.01,0.12,0.14,0.03,0.05,0.07,0.18,0.25,0.03,0.01,0.04,0.65,0.69
NBA,2015 - 2016,Playoffs,Harrison Barnes,GSW,24,742.8,82,213,26,76,26,34,18,46,27,85,112,30,17,4,216,1992-05-30,225.0,United States,Ames High School,1.0,7.0,Golden State Warriors,harrison barnes,SF/SG,200.66,203.2,103.33,211.46,257.81,9.6,22.86,21.59,2012,2015,2015-10-01,23.3,4190,0.11,0.29,0.04,0.1,0.04,0.05,0.02,0.06,0.04,0.11,0.15,0.04,0.02,0.01,0.29,0.3
NBA,2015 - 2016,Playoffs,Andre Iguodala,GSW,24,767.5,78,164,25,65,32,57,23,37,35,70,105,90,29,10,213,1984-01-28,215.0,United States,Lanphier High School,1.0,9.0,Philadelphia Sixers,andre iguodala,SG/SF,197.48,200.02,98.43,210.82,267.97,6.7,,,2004,2015,2015-10-01,31.7,4191,0.1,0.21,0.03,0.08,0.04,0.07,0.03,0.05,0.05,0.09,0.14,0.12,0.04,0.01,0.28,0.42
NBA,2015 - 2016,Playoffs,Shaun Livingston,GSW,24,514.3,82,168,0,1,32,37,29,48,13,63,76,80,12,5,196,1985-09-11,192.0,United States,Peoria Central High School ,1.0,4.0,Los Angeles Clippers,shaun livingston,PG/SG,198.76,201.93,84.37,210.82,267.97,6.7,,,2004,2015,2015-10-01,30.1,4192,0.16,0.33,0.0,0.0,0.06,0.07,0.06,0.09,0.03,0.12,0.15,0.16,0.02,0.01,0.38,0.48
NBA,2015 - 2016,Playoffs,Paul George,IND,7,275.4,56,123,18,43,61,64,23,24,9,44,53,30,14,5,191,1990-05-02,220.0,United States,Pete Knight High School,1.0,10.0,Indiana Pacers,paul george,SF,202.56,205.1,97.25,211.46,271.78,5.0,21.59,22.86,2010,2015,2015-10-01,25.4,4193,0.2,0.45,0.07,0.16,0.22,0.23,0.08,0.09,0.03,0.16,0.19,0.11,0.05,0.02,0.69,0.72
NBA,2015 - 2016,Playoffs,Luol Deng,MIA,14,494.6,65,138,24,57,32,38,23,24,19,64,83,22,13,9,186,1985-04-16,220.0,England / South Sudan,Blair Academy,1.0,7.0,Phoenix Suns,luol deng,SF,200.66,203.2,99.79,214.63,275.59,6.7,,,2004,2015,2015-10-01,30.5,4194,0.13,0.28,0.05,0.12,0.06,0.08,0.05,0.05,0.04,0.13,0.17,0.04,0.03,0.02,0.38,0.42
NBA,2015 - 2016,Playoffs,Steven Adams,OKC,18,552.8,68,111,0,1,46,73,17,55,62,109,171,13,9,14,182,1993-07-20,265.0,New Zealand,Scots College,1.0,12.0,Oklahoma City Thunder,steven adams,C,210.18,213.36,115.44,224.79,278.13,6.65,24.13,27.94,2013,2015,2015-10-01,22.2,4195,0.12,0.2,0.0,0.0,0.08,0.13,0.03,0.1,0.11,0.2,0.31,0.02,0.02,0.03,0.33,0.55
NBA,2015 - 2016,Playoffs,DeMarre Carroll,TOR,20,596.0,62,159,26,79,27,36,18,62,23,58,81,17,18,7,177,1986-07-27,215.0,United States,John Carroll Catholic High School,1.0,27.0,Memphis Grizzlies,demarre carroll,PF/SF,198.76,202.56,93.98,208.28,266.7,6.3,,,2009,2015,2015-10-01,29.2,4196,0.1,0.27,0.04,0.13,0.05,0.06,0.03,0.1,0.04,0.1,0.14,0.03,0.03,0.01,0.3,0.3
NBA,2015 - 2016,Playoffs,Enes Kanter,OKC,18,323.2,65,118,2,14,38,45,17,40,47,64,111,5,5,11,170,1992-05-20,250.0,Switzerland / Turkey,Stoneridge Prep,1.0,3.0,Utah Jazz,enes kanter,PF/C,207.64,211.46,117.57,217.17,278.13,5.9,24.13,27.3,2011,2015,2015-10-01,23.4,4197,0.2,0.37,0.01,0.04,0.12,0.14,0.05,0.12,0.15,0.2,0.34,0.02,0.02,0.03,0.53,0.7
NBA,2015 - 2016,Playoffs,Joe Johnson,MIA,14,492.4,68,158,13,46,21,24,18,27,7,59,66,35,8,3,170,1981-06-29,240.0,United States,Little Rock Central High School,1.0,10.0,Boston Celtics,joe johnson,SF/SG,200.02,,102.51,205.74,266.7,6.7,,,2001,2015,2015-10-01,34.3,4198,0.14,0.32,0.03,0.09,0.04,0.05,0.04,0.05,0.01,0.12,0.13,0.07,0.02,0.01,0.35,0.35
NBA,2015 - 2016,Playoffs,Cory Joseph,TOR,20,452.4,69,148,8,24,24,32,22,47,11,30,41,47,18,2,170,1991-08-20,200.0,Canada,Findlay College Prep,1.0,29.0,San Antonio Spurs,cory joseph,PG,187.96,191.14,84.46,196.85,251.46,9.7,21.59,26.67,2011,2015,2015-10-01,24.1,4199,0.15,0.33,0.02,0.05,0.05,0.07,0.05,0.1,0.02,0.07,0.09,0.1,0.04,0.0,0.38,0.36
NBA,2015 - 2016,Playoffs,Paul Millsap,ATL,10,365.1,59,137,8,33,41,55,26,29,28,66,94,27,13,23,167,1985-02-10,246.0,United States,Grambling Laboratory High School,2.0,17.0,Utah Jazz,paul millsap,PF,198.76,201.3,117.03,217.17,267.97,9.7,,,2006,2015,2015-10-01,30.6,4200,0.16,0.38,0.02,0.09,0.11,0.15,0.07,0.08,0.08,0.18,0.26,0.07,0.04,0.06,0.46,0.56
NBA,2015 - 2016,Playoffs,Al-Farouq Aminu,POR,11,371.5,56,128,28,70,21,29,21,31,23,72,95,20,8,10,161,1990-09-21,220.0,United States / Nigeria,Norcross High School,1.0,8.0,Los Angeles Clippers,al farouq aminu,SF,201.3,204.47,97.98,221.62,275.59,8.2,24.13,24.13,2010,2015,2015-10-01,25.0,4201,0.15,0.34,0.08,0.19,0.06,0.08,0.06,0.08,0.06,0.19,0.26,0.05,0.02,0.03,0.43,0.52
NBA,2015 - 2016,Playoffs,Kemba Walker,CHA,7,259.8,56,153,14,43,33,35,12,10,3,18,21,28,9,4,159,1990-05-08,184.0,United States,Rice High School,1.0,9.0,Charlotte Hornets,kemba walker,PG,181.61,185.42,83.46,191.77,232.41,5.9,20.32,22.86,2011,2015,2015-10-01,25.4,4202,0.22,0.59,0.05,0.17,0.13,0.13,0.05,0.04,0.01,0.07,0.08,0.11,0.03,0.02,0.61,0.43
NBA,2015 - 2016,Playoffs,Patrick Patterson,TOR,20,583.0,55,136,21,70,22,26,18,31,29,48,77,24,7,9,153,1989-03-14,230.0,United States,Huntington High School,1.0,14.0,Houston Rockets,patrick patterson,PF,203.2,206.38,108.68,216.54,271.78,5.3,23.5,26.04,2010,2015,2015-10-01,26.5,4203,0.09,0.23,0.04,0.12,0.04,0.04,0.03,0.05,0.05,0.08,0.13,0.04,0.01,0.02,0.26,0.29
NBA,2015 - 2016,Playoffs,Dion Waiters,OKC,18,491.1,55,132,21,56,20,30,20,42,6,41,47,42,10,3,151,1991-12-10,215.0,United States,Life Center Academy,1.0,4.0,Cleveland Cavaliers,dion waiters,SG,189.23,193.04,100.24,201.3,248.92,8.5,21.59,24.13,2012,2015,2015-10-01,23.8,4204,0.11,0.27,0.04,0.11,0.04,0.06,0.04,0.09,0.01,0.08,0.1,0.09,0.02,0.01,0.31,0.31
NBA,2015 - 2016,Playoffs,Jeff Teague,ATL,10,278.6,46,121,9,36,44,52,25,30,3,16,19,61,6,2,145,1988-06-10,195.0,United States,Pike High School,1.0,19.0,Atlanta Hawks,jeff teague,PG,183.52,186.69,79.47,201.93,250.19,4.5,,,2009,2015,2015-10-01,27.3,4205,0.17,0.43,0.03,0.13,0.16,0.19,0.09,0.11,0.01,0.06,0.07,0.22,0.02,0.01,0.52,0.46
NBA,2015 - 2016,Playoffs,Isaiah Thomas,BOS,6,219.6,47,119,13,46,38,47,14,18,2,16,18,30,4,5,145,1989-02-07,185.0,United States,South Kent School,2.0,30.0,Sacramento Kings,isaiah thomas,PG,174.62,178.44,84.37,187.32,232.41,6.7,20.96,22.86,2011,2015,2015-10-01,26.6,4206,0.21,0.54,0.06,0.21,0.17,0.21,0.06,0.08,0.01,0.07,0.08,0.14,0.02,0.02,0.66,0.49
NBA,2015 - 2016,Playoffs,Tristan Thompson,CLE,21,622.1,49,93,0,0,42,73,17,55,86,102,188,15,8,18,140,1991-03-13,238.0,Canada,Findlay College Prep,1.0,4.0,Cleveland Cavaliers,tristan thompson,PF,201.93,205.1,103.15,216.54,275.59,6.2,22.22,23.5,2011,2015,2015-10-01,24.6,4207,0.08,0.15,0.0,0.0,0.07,0.12,0.03,0.09,0.14,0.16,0.3,0.02,0.01,0.03,0.23,0.44
NBA,2015 - 2016,Playoffs,Al Horford,ATL,10,327.4,54,116,11,28,15,16,17,25,13,52,65,31,12,24,134,1986-06-03,245.0,Dominican Republic / United States,Grand Ledge High School,1.0,3.0,Atlanta Hawks,al horford,PF,203.2,207.64,111.58,215.26,271.78,9.1,,,2007,2015,2015-10-01,29.3,4208,0.16,0.35,0.03,0.09,0.05,0.05,0.05,0.08,0.04,0.16,0.2,0.09,0.04,0.07,0.41,0.57
NBA,2015 - 2016,Playoffs,James Harden,HOU,5,193.2,41,100,13,42,38,45,26,13,7,19,26,38,12,1,133,1989-08-26,220.0,United States,Artesia High School,1.0,3.0,Oklahoma City Thunder,james harden,SG,193.04,196.22,100.7,210.18,262.89,10.1,,,2009,2015,2015-10-01,26.1,4209,0.21,0.52,0.07,0.22,0.2,0.23,0.13,0.07,0.04,0.1,0.13,0.2,0.06,0.01,0.69,0.62
NBA,2015 - 2016,Playoffs,Terrence Ross,TOR,20,335.3,46,119,21,64,13,20,16,28,4,28,32,11,13,5,126,1991-02-05,206.0,United States,Jefferson High School,1.0,8.0,Toronto Raptors,terrence ross,SG/SF,198.12,200.66,89.18,201.3,255.27,3.2,22.22,26.04,2012,2015,2015-10-01,24.7,4210,0.14,0.35,0.06,0.19,0.04,0.06,0.05,0.08,0.01,0.08,0.1,0.03,0.04,0.01,0.38,0.28
NBA,2015 - 2016,Playoffs,Maurice Harkless,POR,11,271.6,47,110,15,44,12,25,11,38,22,34,56,7,10,3,121,1993-05-11,220.0,United States / Puerto Rico,South Kent School,1.0,15.0,Philadelphia Sixers,maurice harkless,SF,201.3,205.1,93.71,213.36,260.35,5.3,23.5,26.04,2012,2015,2015-10-01,22.4,4211,0.17,0.41,0.06,0.16,0.04,0.09,0.04,0.14,0.08,0.13,0.21,0.03,0.04,0.01,0.45,0.41
NBA,2015 - 2016,Playoffs,Hassan Whiteside,MIA,10,291.2,47,69,0,0,26,44,13,34,26,83,109,3,8,28,120,1989-06-13,265.0,United States,The Patterson School,2.0,3.0,Sacramento Kings,hassan whiteside,C/PF,209.55,212.09,102.78,231.14,287.02,5.5,20.96,26.04,2010,2015,2015-10-01,26.3,4212,0.16,0.24,0.0,0.0,0.09,0.15,0.04,0.12,0.09,0.29,0.37,0.01,0.03,0.1,0.41,0.74
NBA,2015 - 2016,Playoffs,Dennis Schroder,ATL,10,191.2,47,104,12,35,11,13,21,24,6,13,19,36,4,1,117,1993-09-15,172.0,Germany,,1.0,17.0,Atlanta Hawks,dennis schroder,PG,185.42,187.96,74.75,202.56,248.92,4.1,22.22,26.67,2013,2015,2015-10-01,22.0,4213,0.25,0.54,0.06,0.18,0.06,0.07,0.11,0.13,0.03,0.07,0.1,0.19,0.02,0.01,0.61,0.52
NBA,2015 - 2016,Playoffs,Richard Jefferson,CLE,21,381.2,44,84,11,28,15,20,13,34,16,58,74,14,10,1,114,1980-06-21,233.0,United States,Moon Valley High School,1.0,13.0,Houston Rockets,richard jefferson,SF,201.3,,101.15,213.36,261.62,6.7,,,2001,2015,2015-10-01,35.3,4214,0.12,0.22,0.03,0.07,0.04,0.05,0.03,0.09,0.04,0.15,0.19,0.04,0.03,0.0,0.3,0.42
NBA,2015 - 2016,Playoffs,Channing Frye,CLE,17,237.3,41,69,26,46,6,7,5,37,5,36,41,5,6,9,114,1983-05-17,255.0,United States,St. Mary's High School,1.0,8.0,New York Knicks,channing frye,PF/C,207.01,209.55,110.5,219.71,280.67,,,,2005,2015,2015-10-01,32.4,4215,0.17,0.29,0.11,0.19,0.03,0.03,0.02,0.16,0.02,0.15,0.17,0.02,0.03,0.04,0.48,0.6
NBA,2015 - 2016,Playoffs,Allen Crabbe,POR,11,302.1,38,73,15,35,14,19,6,23,5,27,32,15,7,1,105,1992-04-09,212.0,United States,Frederick K. C. Price III High School,2.0,1.0,Cleveland Cavaliers,allen crabbe,SG,196.22,198.76,89.54,211.46,262.89,4.65,20.96,21.59,2013,2015,2015-10-01,23.5,4216,0.13,0.24,0.05,0.12,0.05,0.06,0.02,0.08,0.02,0.09,0.11,0.05,0.02,0.0,0.35,0.39
NBA,2015 - 2016,Playoffs,Jamal Crawford,LAC,6,199.2,39,103,4,21,22,25,9,9,2,11,13,13,10,0,104,1980-03-20,195.0,United States,Rainier Beach High School,1.0,8.0,Cleveland Cavaliers,jamal crawford,PG/SG,194.31,,79.38,208.28,260.35,,,,2000,2015,2015-10-01,35.5,4217,0.2,0.52,0.02,0.11,0.11,0.13,0.05,0.05,0.01,0.06,0.07,0.07,0.05,0.0,0.52,0.32
NBA,2015 - 2016,Playoffs,Kyle Korver,ATL,10,316.4,35,75,24,54,9,9,8,23,3,45,48,10,9,4,103,1981-03-17,212.0,United States,Pella High School,2.0,22.0,New Jersey Nets,kyle korver,SF,198.76,,95.71,207.01,260.35,6.7,,,2003,2015,2015-10-01,34.5,4218,0.11,0.24,0.08,0.17,0.03,0.03,0.03,0.07,0.01,0.14,0.15,0.03,0.03,0.01,0.33,0.39
NBA,2015 - 2016,Playoffs,Andrew Bogut,GSW,22,365.4,48,77,0,2,5,14,19,72,47,78,125,30,14,35,101,1984-11-28,260.0,Australia,Australian Institute of Sport,1.0,1.0,Milwaukee Bucks,andrew bogut,C/PF,210.82,214.0,113.67,220.98,280.67,,,,2005,2015,2015-10-01,30.8,4219,0.13,0.21,0.0,0.01,0.01,0.04,0.05,0.2,0.13,0.21,0.34,0.08,0.04,0.1,0.28,0.68
NBA,2015 - 2016,Playoffs,Andre Roberson,OKC,18,471.4,40,86,12,37,8,20,11,45,25,76,101,14,23,19,100,1991-12-04,210.0,United States,Wagner High School,1.0,26.0,Minnesota Timberwolves,andre roberson,PF/SF,198.76,200.66,93.35,210.82,265.43,7.05,22.22,24.13,2013,2015,2015-10-01,23.8,4220,0.08,0.18,0.03,0.08,0.02,0.04,0.02,0.1,0.05,0.16,0.21,0.03,0.05,0.04,0.21,0.4
NBA,2015 - 2016,Playoffs,Chris Paul,LAC,4,125.3,37,76,6,20,15,15,4,12,4,12,16,29,9,0,95,1985-05-06,175.0,United States,West Forsyth High School,1.0,4.0,New Orleans Pelicans,chris paul,PG,182.24,185.42,80.74,193.68,236.22,,,,2005,2015,2015-10-01,30.4,4221,0.3,0.61,0.05,0.16,0.12,0.12,0.03,0.1,0.03,0.1,0.13,0.23,0.07,0.0,0.76,0.85
NBA,2015 - 2016,Playoffs,George Hill,IND,7,235.2,32,57,13,27,18,22,8,16,6,13,19,15,6,1,95,1986-05-04,188.0,United States,Broad Ripple High School,1.0,26.0,San Antonio Spurs,george hill,PG,186.06,189.23,82.1,205.74,247.65,3.0,,,2008,2015,2015-10-01,29.4,4222,0.14,0.24,0.06,0.11,0.08,0.09,0.03,0.07,0.03,0.06,0.08,0.06,0.03,0.0,0.4,0.43
NBA,2015 - 2016,Playoffs,Al Jefferson,CHA,7,168.4,42,83,0,0,9,13,6,12,14,29,43,8,4,3,93,1985-01-04,289.0,United States,Prentiss High School,1.0,15.0,Boston Celtics,al jefferson,PF/SF,204.47,207.64,119.29,219.71,279.4,10.5,,,2004,2015,2015-10-01,30.7,4223,0.25,0.49,0.0,0.0,0.05,0.08,0.04,0.07,0.08,0.17,0.26,0.05,0.02,0.02,0.55,0.59
NBA,2015 - 2016,Playoffs,Festus Ezeli,GSW,23,202.9,37,69,0,0,19,44,14,34,23,38,61,8,1,7,93,1989-10-21,265.0,Nigeria,Jesuit High School ,1.0,30.0,Golden State Warriors,festus ezeli,C/PF,207.64,212.09,119.84,227.96,274.32,5.5,22.86,27.3,2012,2015,2015-10-01,25.9,4224,0.18,0.34,0.0,0.0,0.09,0.22,0.07,0.17,0.11,0.19,0.3,0.04,0.0,0.03,0.46,0.47
NBA,2015 - 2016,Playoffs,Justise Winslow,MIA,13,329.6,32,74,5,18,21,30,12,35,17,46,63,8,8,4,90,1996-03-26,225.0,United States,St. John's School,1.0,10.0,Miami Heat,justise winslow,SF,194.31,199.39,100.61,208.92,265.43,5.3,21.59,23.5,2015,2015,2015-10-01,19.5,4225,0.1,0.22,0.02,0.05,0.06,0.09,0.04,0.11,0.05,0.14,0.19,0.02,0.02,0.01,0.27,0.32
NBA,2015 - 2016,Playoffs,Danny Green,SAS,10,267.4,30,65,24,48,2,3,6,20,0,31,31,7,21,8,86,1987-06-22,215.0,United States,St. Mary's High School,2.0,16.0,Cleveland Cavaliers,danny green,SG/SF,196.22,199.39,94.35,208.28,261.62,5.6,,,2009,2015,2015-10-01,28.3,4226,0.11,0.24,0.09,0.18,0.01,0.01,0.02,0.07,0.0,0.12,0.12,0.03,0.08,0.03,0.32,0.43
NBA,2015 - 2016,Playoffs,Monta Ellis,IND,7,225.3,33,76,7,21,8,10,17,17,4,23,27,30,15,0,81,1985-10-26,185.0,United States,Lanier High School,2.0,10.0,Golden State Warriors,monta ellis,SG/PG,188.6,191.14,80.1,189.86,248.92,,,,2005,2015,2015-10-01,29.9,4227,0.15,0.34,0.03,0.09,0.04,0.04,0.08,0.08,0.02,0.1,0.12,0.13,0.07,0.0,0.36,0.41
NBA,2015 - 2016,Playoffs,J.J. Redick,LAC,6,166.4,34,79,11,31,2,3,5,11,1,11,12,5,1,1,81,1984-06-24,200.0,United States,Cave Spring High School,1.0,11.0,Orlando Magic,jj redick,SG,193.04,194.94,86.18,191.14,247.65,7.0,,,2006,2015,2015-10-01,31.3,4228,0.2,0.47,0.07,0.19,0.01,0.02,0.03,0.07,0.01,0.07,0.07,0.03,0.01,0.01,0.49,0.3
NBA,2015 - 2016,Playoffs,Evan Turner,BOS,6,214.2,31,85,3,14,14,18,17,19,8,26,34,27,8,6,79,1988-10-27,220.0,United States,St. Joseph High School,1.0,2.0,Philadelphia Sixers,evan turner,SG,197.48,200.66,96.98,203.2,262.89,8.6,22.22,24.13,2010,2015,2015-10-01,26.9,4229,0.14,0.4,0.01,0.07,0.07,0.08,0.08,0.09,0.04,0.12,0.16,0.13,0.04,0.03,0.37,0.38
NBA,2015 - 2016,Playoffs,Mason Plumlee,POR,11,306.1,28,70,0,0,21,33,25,42,37,93,130,53,7,11,77,1990-03-05,235.0,United States,Christ School,1.0,22.0,Brooklyn Nets,mason plumlee,C/PF,211.46,214.63,108.05,210.82,274.32,6.15,24.76,24.13,2013,2015,2015-10-01,25.6,4230,0.09,0.23,0.0,0.0,0.07,0.11,0.08,0.14,0.12,0.3,0.42,0.17,0.02,0.04,0.25,0.64
NBA,2015 - 2016,Playoffs,Gerald Henderson,POR,11,233.7,30,82,7,19,9,12,5,21,6,29,35,17,6,3,76,1987-12-09,215.0,United States,Episcopal Academy,1.0,12.0,Charlotte Hornets,gerald henderson,SG/SF,193.04,195.58,97.34,208.92,260.35,4.4,,,2009,2015,2015-10-01,27.8,4231,0.13,0.35,0.03,0.08,0.04,0.05,0.02,0.09,0.03,0.12,0.15,0.07,0.03,0.01,0.33,0.34
NBA,2015 - 2016,Playoffs,Raymond Felton,DAL,5,172.3,32,69,4,14,7,11,12,14,2,21,23,23,6,0,75,1984-06-26,205.0,United States,Latta High School,1.0,5.0,Charlotte Hornets,raymond felton,PG,181.61,183.52,90.45,193.68,248.92,,,,2005,2015,2015-10-01,31.3,4232,0.19,0.4,0.02,0.08,0.04,0.06,0.07,0.08,0.01,0.12,0.13,0.13,0.03,0.0,0.44,0.43
NBA,2015 - 2016,Playoffs,Myles Turner,IND,7,197.2,33,71,0,2,6,9,12,24,16,29,45,3,2,23,72,1996-03-24,250.0,United States,Trinity High School,1.0,11.0,Indiana Pacers,myles turner,C/PF,207.64,212.09,108.23,223.52,284.48,9.3,23.5,23.5,2015,2015,2015-10-01,19.5,4233,0.17,0.36,0.0,0.01,0.03,0.05,0.06,0.12,0.08,0.15,0.23,0.02,0.01,0.12,0.37,0.48
NBA,2015 - 2016,Playoffs,Marcus Smart,BOS,6,192.5,22,60,11,32,17,21,15,17,8,19,27,18,10,5,72,1994-03-06,220.0,United States,Marcus High School,1.0,6.0,Boston Celtics,marcus smart,PG,187.96,191.14,103.06,206.38,251.46,10.55,22.86,22.22,2014,2015,2015-10-01,21.6,4234,0.11,0.31,0.06,0.17,0.09,0.11,0.08,0.09,0.04,0.1,0.14,0.09,0.05,0.03,0.37,0.38
NBA,2015 - 2016,Playoffs,Marcus Morris,DET,4,144.1,22,47,7,18,20,23,5,17,2,11,13,10,2,0,71,1989-09-02,235.0,United States,APEX Academy,1.0,14.0,Houston Rockets,marcus morris,PF/SF,200.66,205.1,104.14,208.28,267.97,8.0,20.96,21.59,2011,2015,2015-10-01,26.1,4235,0.15,0.33,0.05,0.12,0.14,0.16,0.03,0.12,0.01,0.08,0.09,0.07,0.01,0.0,0.49,0.43
NBA,2015 - 2016,Playoffs,DeAndre Jordan,LAC,6,198.3,24,38,0,0,22,59,7,17,30,68,98,11,7,16,70,1988-07-21,265.0,United States,Christian Life Center,2.0,5.0,Los Angeles Clippers,deandre jordan,C,207.64,210.82,113.4,228.6,288.29,7.5,,,2008,2015,2015-10-01,27.2,4236,0.12,0.19,0.0,0.0,0.11,0.3,0.04,0.09,0.15,0.34,0.49,0.06,0.04,0.08,0.35,0.72
NBA,2015 - 2016,Playoffs,Iman Shumpert,CLE,21,366.9,25,60,13,34,7,11,13,36,10,37,47,17,10,3,70,1990-06-26,220.0,United States,Oak Park & River Forest High School,1.0,17.0,New York Knicks,iman shumpert,PG/SG,193.68,196.85,100.61,207.01,252.73,6.5,22.86,22.86,2011,2015,2015-10-01,25.3,4237,0.07,0.16,0.04,0.09,0.02,0.03,0.04,0.1,0.03,0.1,0.13,0.05,0.03,0.01,0.19,0.27
NBA,2015 - 2016,Playoffs,Norman Powell,TOR,18,206.0,27,70,7,26,7,8,5,18,4,23,27,6,13,2,68,1993-05-25,215.0,United States,Lincoln High School ,2.0,16.0,Milwaukee Bucks,norman powell,SG,190.5,193.68,97.7,210.18,260.35,6.4,23.5,22.86,2015,2015,2015-10-01,22.4,4238,0.13,0.34,0.03,0.13,0.03,0.04,0.02,0.09,0.02,0.11,0.13,0.03,0.06,0.01,0.33,0.32
NBA,2015 - 2016,Playoffs,Andre Drummond,DET,4,131.4,28,54,0,1,11,34,4,8,12,24,36,0,1,6,67,1993-08-10,279.0,United States,St. Thomas More Prep,1.0,9.0,Detroit Pistons,andre drummond,C,207.64,212.72,126.37,229.24,278.13,7.5,24.13,24.13,2012,2015,2015-10-01,22.1,4239,0.21,0.41,0.0,0.01,0.08,0.26,0.03,0.06,0.09,0.18,0.27,0.0,0.01,0.05,0.51,0.43
NBA,2015 - 2016,Playoffs,Dwight Howard,HOU,5,179.9,26,48,0,1,14,38,12,21,26,44,70,8,4,7,66,1985-12-08,265.0,United States,Southwest Atlanta Christian Academy,1.0,1.0,Orlando Magic,dwight howard,PF/C,205.74,208.92,108.86,224.79,283.21,10.5,,,2004,2015,2015-10-01,29.8,4240,0.14,0.27,0.0,0.01,0.08,0.21,0.07,0.12,0.14,0.24,0.39,0.04,0.02,0.04,0.37,0.53
NBA,2015 - 2016,Playoffs,Patty Mills,SAS,10,167.0,23,53,13,36,7,11,8,3,0,14,14,20,7,0,66,1988-08-11,180.0,Australia,Australian Institute of Sport,2.0,25.0,Portland Trail Blazers,patty mills,PG,180.98,184.15,79.56,187.96,241.3,6.9,,,2009,2015,2015-10-01,27.1,4241,0.14,0.32,0.08,0.22,0.04,0.07,0.05,0.02,0.0,0.08,0.08,0.12,0.04,0.0,0.4,0.38
NBA,2015 - 2016,Playoffs,Mike Scott,ATL,10,161.0,25,40,8,16,7,8,8,20,5,27,32,5,3,3,65,1988-07-16,237.0,United States,Hargrave Military Academy ,2.0,13.0,Atlanta Hawks,mike scott,PF,201.3,205.1,109.23,210.18,264.16,10.6,21.59,22.86,2012,2015,2015-10-01,27.2,4242,0.16,0.25,0.05,0.1,0.04,0.05,0.05,0.12,0.03,0.17,0.2,0.03,0.02,0.02,0.4,0.52
NBA,2015 - 2016,Playoffs,Austin Rivers,LAC,6,143.8,26,61,4,17,6,9,7,12,4,12,16,16,3,0,62,1992-08-01,200.0,United States,Winter Park High School,1.0,10.0,New Orleans Pelicans,austin rivers,SG/PG,191.77,195.58,91.99,201.3,245.11,6.2,21.59,25.4,2012,2015,2015-10-01,23.2,4243,0.18,0.42,0.03,0.12,0.04,0.06,0.05,0.08,0.03,0.08,0.11,0.11,0.02,0.0,0.43,0.36
NBA,2015 - 2016,Playoffs,Ed Davis,POR,11,204.8,21,40,0,2,19,33,10,33,26,49,75,14,2,7,61,1989-06-05,225.0,United States,Benedictine High School,1.0,13.0,Toronto Raptors,ed davis,PF,205.74,207.64,102.78,213.36,274.32,10.0,23.5,25.4,2010,2015,2015-10-01,26.3,4244,0.1,0.2,0.0,0.01,0.09,0.16,0.05,0.16,0.13,0.24,0.37,0.07,0.01,0.03,0.3,0.56
NBA,2015 - 2016,Playoffs,Kentavious Caldwell-Pope,DET,4,161.1,22,50,12,27,5,7,2,7,2,15,17,11,7,1,61,1993-02-18,205.0,United States,Greenville High School,1.0,8.0,Detroit Pistons,kentavious caldwell pope,SG,194.31,196.85,92.35,203.2,255.27,6.45,21.59,22.86,2013,2015,2015-10-01,22.6,4245,0.14,0.31,0.07,0.17,0.03,0.04,0.01,0.04,0.01,0.09,0.11,0.07,0.04,0.01,0.38,0.42
NBA,2015 - 2016,Playoffs,Jeff Green,LAC,6,158.7,21,46,4,10,15,25,3,12,3,16,19,4,6,2,61,1986-08-28,235.0,United States,Northwestern High School,1.0,5.0,Boston Celtics,jeff green,SF,200.66,207.01,103.42,216.54,261.62,3.7,,,2007,2015,2015-10-01,29.1,4246,0.13,0.29,0.03,0.06,0.09,0.16,0.02,0.08,0.02,0.1,0.12,0.03,0.04,0.01,0.38,0.33
NBA,2015 - 2016,Playoffs,Blake Griffin,LAC,4,126.9,20,53,1,2,19,25,9,9,7,28,35,16,3,2,60,1989-03-16,250.0,United States,Oklahoma Christian School,1.0,1.0,Los Angeles Clippers,blake griffin,PF,204.47,208.28,112.67,211.46,266.7,8.2,,,2009,2015,2015-10-01,26.5,4247,0.16,0.42,0.01,0.02,0.15,0.2,0.07,0.07,0.06,0.22,0.28,0.13,0.02,0.02,0.47,0.54
NBA,2015 - 2016,Playoffs,Cody Zeller,CHA,7,137.4,21,38,0,0,17,21,7,20,9,28,37,2,1,3,59,1992-10-05,240.0,United States,Washington High School,1.0,4.0,Charlotte Hornets,cody zeller,C/PF,210.18,214.0,104.33,210.18,269.24,4.75,21.59,26.67,2013,2015,2015-10-01,23.0,4248,0.15,0.28,0.0,0.0,0.12,0.15,0.05,0.15,0.07,0.2,0.27,0.01,0.01,0.02,0.43,0.53
NBA,2015 - 2016,Playoffs,Tobias Harris,DET,4,156.2,21,46,4,12,12,13,6,11,6,32,38,12,3,3,58,1992-07-15,235.0,United States,Half Hollow Hills West High School,1.0,19.0,Charlotte Hornets,tobias harris,SF/PF,199.39,202.56,101.06,210.82,262.89,8.4,22.22,22.86,2011,2015,2015-10-01,23.2,4249,0.13,0.29,0.03,0.08,0.08,0.08,0.04,0.07,0.04,0.2,0.24,0.08,0.02,0.02,0.37,0.53
NBA,2015 - 2016,Playoffs,David West,SAS,10,175.8,25,55,3,6,5,9,7,19,13,24,37,13,6,7,58,1980-08-29,250.0,United States,Garner Magnet High School,1.0,18.0,New Orleans Pelicans,david west,PF/SF,203.84,,102.51,224.16,274.96,8.0,,,2003,2015,2015-10-01,35.1,4250,0.14,0.31,0.02,0.03,0.03,0.05,0.04,0.11,0.07,0.14,0.21,0.07,0.03,0.04,0.33,0.45
NBA,2015 - 2016,Playoffs,Jae Crowder,BOS,6,197.4,20,72,10,41,7,11,7,17,5,34,39,13,9,3,57,1990-07-06,235.0,United States,Villa Rica High School,2.0,4.0,Cleveland Cavaliers,jae crowder,SF,194.94,199.39,109.41,206.38,252.73,9.0,24.13,26.67,2012,2015,2015-10-01,25.2,4251,0.1,0.36,0.05,0.21,0.04,0.06,0.04,0.09,0.03,0.17,0.2,0.07,0.05,0.02,0.29,0.31
NBA,2015 - 2016,Playoffs,Solomon Hill,IND,7,198.2,14,31,11,19,15,16,3,20,5,23,28,8,2,0,54,1991-03-18,225.0,United States,Fairfax High School,1.0,23.0,Indiana Pacers,solomon hill,SF,196.85,200.66,102.51,205.74,261.62,7.6,22.86,26.67,2013,2015,2015-10-01,24.5,4252,0.07,0.16,0.06,0.1,0.08,0.08,0.02,0.1,0.03,0.12,0.14,0.04,0.01,0.0,0.27,0.35
NBA,2015 - 2016,Playoffs,Michael Beasley,HOU,5,80.2,22,46,2,6,6,7,7,8,4,17,21,3,1,0,52,1989-01-09,235.0,United States,Notre Dame Preparatory,1.0,2.0,Miami Heat,michael beasley,PF/SF,200.66,203.84,108.41,214.0,271.78,7.7,,,2008,2015,2015-10-01,26.7,4253,0.27,0.57,0.02,0.07,0.07,0.09,0.09,0.1,0.05,0.21,0.26,0.04,0.01,0.0,0.65,0.55
NBA,2015 - 2016,Playoffs,Lance Stephenson,MEM,4,95.0,23,44,2,5,4,5,3,10,1,5,6,7,1,0,52,1990-09-05,230.0,United States,Abraham Lincoln High School,2.0,10.0,Indiana Pacers,lance stephenson,SG,194.31,197.48,102.97,209.55,261.62,9.3,22.86,26.04,2010,2015,2015-10-01,25.1,4254,0.24,0.46,0.02,0.05,0.04,0.05,0.03,0.11,0.01,0.05,0.06,0.07,0.01,0.0,0.55,0.43
NBA,2015 - 2016,Playoffs,Frank Kaminsky,CHA,7,190.5,14,46,5,17,17,21,2,15,3,27,30,8,6,5,50,1993-04-04,242.0,United States,Benet Academy,1.0,9.0,Charlotte Hornets,frank kaminsky,C/PF,212.72,215.26,104.87,210.82,278.13,9.4,21.59,24.13,2015,2015,2015-10-01,22.5,4255,0.07,0.24,0.03,0.09,0.09,0.11,0.01,0.08,0.02,0.14,0.16,0.04,0.03,0.03,0.26,0.32
NBA,2015 - 2016,Playoffs,Justin Anderson,DAL,5,94.9,17,37,4,13,9,14,5,12,9,11,20,7,4,3,47,1993-11-19,230.0,United States,Montrose Christian School,1.0,21.0,Dallas Mavericks,justin anderson,SF/SG,196.22,198.76,104.6,212.72,256.54,5.0,21.59,24.13,2015,2015,2015-10-01,21.9,4256,0.18,0.39,0.04,0.14,0.09,0.15,0.05,0.13,0.09,0.12,0.21,0.07,0.04,0.03,0.5,0.53
NBA,2015 - 2016,Playoffs,Rodney Stuckey,IND,7,124.7,17,43,5,10,5,9,6,9,1,14,15,14,4,1,44,1986-04-21,205.0,United States,Kentwood High School,1.0,15.0,Detroit Pistons,rodney stuckey,SG/PG,192.4,194.31,93.89,201.3,255.27,6.1,,,2007,2015,2015-10-01,29.4,4257,0.14,0.34,0.04,0.08,0.04,0.07,0.05,0.07,0.01,0.11,0.12,0.11,0.03,0.01,0.35,0.34
NBA,2015 - 2016,Playoffs,Matt Barnes,MEM,4,139.1,16,46,3,18,8,10,13,13,5,24,29,11,4,1,43,1980-03-09,226.0,United States,Del Campo High School,2.0,17.0,Memphis Grizzlies,matt barnes,SF,200.02,,102.51,205.74,245.11,,,,2002,2015,2015-10-01,35.6,4258,0.12,0.33,0.02,0.13,0.06,0.07,0.09,0.09,0.04,0.17,0.21,0.08,0.03,0.01,0.31,0.33
NBA,2015 - 2016,Playoffs,Randy Foye,OKC,16,189.9,14,41,8,26,4,4,11,18,2,18,20,13,2,3,40,1983-09-24,218.0,United States,East Side High School,1.0,7.0,Boston Celtics,randy foye,SG/PG,188.6,191.14,96.16,198.76,246.38,10.0,,,2006,2015,2015-10-01,32.0,4259,0.07,0.22,0.04,0.14,0.02,0.02,0.06,0.09,0.01,0.09,0.11,0.07,0.01,0.02,0.21,0.21
NBA,2015 - 2016,Playoffs,Gerald Green,MIA,12,109.8,16,49,4,14,4,5,2,14,2,15,17,1,4,1,40,1986-01-26,205.0,United States,Gulf Shores Academy,1.0,18.0,Boston Celtics,gerald green,SF,198.12,201.3,87.09,207.64,264.16,,,,2005,2015,2015-10-01,29.7,4260,0.15,0.45,0.04,0.13,0.04,0.05,0.02,0.13,0.02,0.14,0.15,0.01,0.04,0.01,0.36,0.24
NBA,2015 - 2016,Playoffs,Devin Harris,DAL,5,120.6,15,30,4,13,5,10,3,16,1,13,14,8,3,0,39,1983-02-27,185.0,United States,Wauwatosa East High School,1.0,5.0,Washington Wizards,devin harris,PG,187.32,190.5,77.11,201.93,250.19,5.3,,,2004,2015,2015-10-01,32.6,4261,0.12,0.25,0.03,0.11,0.04,0.08,0.02,0.13,0.01,0.11,0.12,0.07,0.02,0.0,0.32,0.34
NBA,2015 - 2016,Playoffs,Josh McRoberts,MIA,10,133.6,16,34,0,7,6,6,4,20,7,19,26,9,5,5,38,1987-02-28,240.0,United States,Carmel High School ,2.0,7.0,Portland Trail Blazers,josh mcroberts,PF,203.2,208.28,108.86,215.9,270.51,13.7,,,2007,2015,2015-10-01,28.6,4262,0.12,0.25,0.0,0.05,0.04,0.04,0.03,0.15,0.05,0.14,0.19,0.07,0.04,0.04,0.28,0.46
NBA,2015 - 2016,Playoffs,Marvin Williams,CHA,7,227.6,14,51,6,17,2,4,2,11,7,41,48,6,6,3,36,1986-06-19,237.0,United States,Bremerton High School,1.0,2.0,Atlanta Hawks,marvin williams,PF/SF,200.66,203.84,103.51,222.25,274.32,,,,2005,2015,2015-10-01,29.3,4263,0.06,0.22,0.03,0.07,0.01,0.02,0.01,0.05,0.03,0.18,0.21,0.03,0.03,0.01,0.16,0.26
NBA,2015 - 2016,Playoffs,Trevor Ariza,HOU,5,180.9,13,51,4,28,3,4,12,16,7,14,21,4,13,1,33,1985-06-30,215.0,United States,Westchester High School,2.0,14.0,New York Knicks,trevor ariza,SG/SF,200.66,203.84,91.17,218.44,273.05,8.0,,,2004,2015,2015-10-01,30.3,4264,0.07,0.28,0.02,0.15,0.02,0.02,0.07,0.09,0.04,0.08,0.12,0.02,0.07,0.01,0.18,0.12
NBA,2015 - 2016,Playoffs,Stanley Johnson,DET,4,81.5,12,23,6,10,2,2,3,10,0,16,16,0,1,0,32,1996-05-29,245.0,United States,Mater Dei High School,1.0,8.0,Detroit Pistons,stanley johnson,SF,195.58,199.39,109.68,212.09,259.08,7.5,22.86,22.86,2015,2015,2015-10-01,19.3,4265,0.15,0.28,0.07,0.12,0.02,0.02,0.04,0.12,0.0,0.2,0.2,0.0,0.01,0.0,0.39,0.43
NBA,2015 - 2016,Playoffs,Jared Sullinger,BOS,6,81.5,13,42,2,4,3,4,6,16,10,17,27,7,1,0,31,1992-03-04,260.0,United States,Northland High School,1.0,21.0,Boston Celtics,jared sullinger,PF,202.56,205.74,121.65,216.54,267.97,10.7,23.5,24.76,2012,2015,2015-10-01,23.6,4266,0.16,0.52,0.02,0.05,0.04,0.05,0.07,0.2,0.12,0.21,0.33,0.09,0.01,0.0,0.38,0.37
NBA,2015 - 2016,Playoffs,James Johnson,TOR,10,97.6,12,25,4,9,2,3,7,13,3,12,15,6,3,0,30,1987-02-20,240.0,United States,Cheyenne East High School,1.0,16.0,Chicago Bulls,james johnson,SF/PF,200.66,202.56,116.66,215.26,267.97,12.0,,,2009,2015,2015-10-01,28.6,4267,0.12,0.26,0.04,0.09,0.02,0.03,0.07,0.13,0.03,0.12,0.15,0.06,0.03,0.0,0.31,0.33
NBA,2015 - 2016,Playoffs,Amar'e Stoudemire,MIA,9,82.3,11,19,0,0,8,8,9,14,3,10,13,0,5,3,30,1982-11-16,245.0,United States,Cypress Creek High School,1.0,9.0,Phoenix Suns,amare stoudemire,PF,204.47,,105.69,217.8,275.59,,,,2002,2015,2015-10-01,32.9,4268,0.13,0.23,0.0,0.0,0.1,0.1,0.11,0.17,0.04,0.12,0.16,0.0,0.06,0.04,0.36,0.41
NBA,2015 - 2016,Playoffs,Tony Allen,MEM,4,93.5,10,33,1,7,9,13,6,11,6,5,11,3,5,2,30,1982-01-11,213.0,United States,Crane High School,1.0,25.0,Boston Celtics,tony allen,SG,191.77,193.68,97.07,205.74,259.08,6.7,,,2004,2015,2015-10-01,33.7,4269,0.11,0.35,0.01,0.07,0.1,0.14,0.06,0.12,0.06,0.05,0.12,0.03,0.05,0.02,0.32,0.2
NBA,2015 - 2016,Playoffs,JaMychal Green,MEM,4,72.2,12,22,0,1,3,6,4,12,5,10,15,3,3,5,27,1990-06-21,227.0,United States,St. Jude High School,,,,jamychal green,PF,203.2,205.74,98.61,219.08,270.51,9.8,23.5,23.5,2012,2015,2015-10-01,25.3,4270,0.17,0.3,0.0,0.01,0.04,0.08,0.06,0.17,0.07,0.14,0.21,0.04,0.04,0.07,0.37,0.5
NBA,2015 - 2016,Playoffs,Jordan Farmar,MEM,4,113.2,10,31,4,12,3,3,10,4,0,6,6,16,3,1,27,1986-11-30,180.0,United States,William Howard Taft High School,1.0,26.0,Los Angeles Lakers,jordan farmar,PG,184.78,187.96,77.56,190.5,240.03,4.4,,,2006,2015,2015-10-01,28.8,4271,0.09,0.27,0.04,0.11,0.03,0.03,0.09,0.04,0.0,0.05,0.05,0.14,0.03,0.01,0.24,0.2
NBA,2015 - 2016,Playoffs,Terry Rozier,BOS,5,98.6,9,23,4,11,2,2,2,5,3,14,17,6,1,3,24,1994-03-17,190.0,United States,Hargrave Military Academy ,1.0,16.0,Boston Celtics,terry rozier,PG/SG,184.15,188.6,86.27,203.84,250.19,5.6,20.96,21.59,2015,2015,2015-10-01,21.5,4272,0.09,0.23,0.04,0.11,0.02,0.02,0.02,0.05,0.03,0.14,0.17,0.06,0.01,0.03,0.24,0.35
NBA,2015 - 2016,Playoffs,Dwight Powell,DAL,4,63.9,9,19,0,1,6,11,1,5,9,8,17,4,1,0,24,1991-07-20,240.0,Canada,IMG Academy,2.0,15.0,Charlotte Hornets,dwight powell,PF,207.01,210.82,106.32,214.63,266.7,6.2,22.86,23.5,2014,2015,2015-10-01,24.2,4273,0.14,0.3,0.0,0.02,0.09,0.17,0.02,0.08,0.14,0.13,0.27,0.06,0.02,0.0,0.38,0.47
NBA,2015 - 2016,Playoffs,Mike Muscala,ATL,9,66.8,10,20,2,6,2,2,3,6,7,10,17,3,0,1,24,1991-07-01,240.0,United States,Roseville High School,2.0,14.0,Dallas Mavericks,mike muscala,C/PF,208.92,212.09,104.42,215.9,274.32,6.8,21.59,22.86,2013,2015,2015-10-01,24.3,4274,0.15,0.3,0.03,0.09,0.03,0.03,0.04,0.09,0.1,0.15,0.25,0.04,0.0,0.01,0.36,0.47
NBA,2015 - 2016,Playoffs,Cole Aldrich,LAC,6,76.9,10,15,0,0,3,6,2,11,8,22,30,3,6,3,23,1988-10-31,253.0,United States,Bloomington Jefferson High School,1.0,11.0,New Orleans Pelicans,cole aldrich,C,205.74,211.46,107.05,225.42,283.21,8.5,22.86,23.5,2010,2015,2015-10-01,26.9,4275,0.13,0.2,0.0,0.0,0.04,0.08,0.03,0.14,0.1,0.29,0.39,0.04,0.08,0.04,0.3,0.71
NBA,2015 - 2016,Playoffs,Kyle Anderson,SAS,10,128.8,8,25,1,3,6,7,4,11,2,22,24,7,6,3,23,1993-09-20,230.0,United States,St. Anthony High School,1.0,30.0,San Antonio Spurs,kyle anderson,SF,201.93,204.47,104.37,220.34,273.05,13.35,20.96,22.22,2014,2015,2015-10-01,22.0,4276,0.06,0.19,0.01,0.02,0.05,0.05,0.03,0.09,0.02,0.17,0.19,0.05,0.05,0.02,0.18,0.33
NBA,2015 - 2016,Playoffs,Brandon Rush,GSW,14,110.0,9,20,4,12,1,2,2,9,0,23,23,3,2,2,23,1985-07-07,220.0,United States,Mt. Zion Christian Academy,1.0,13.0,Portland Trail Blazers,brandon rush,SG/SF,195.58,199.39,95.89,211.46,265.43,,,,2005,2015,2015-10-01,30.2,4277,0.08,0.18,0.04,0.11,0.01,0.02,0.02,0.08,0.0,0.21,0.21,0.03,0.02,0.02,0.21,0.36
NBA,2015 - 2016,Playoffs,Corey Brewer,HOU,5,77.2,7,27,1,10,7,8,6,13,3,4,7,8,0,1,22,1986-03-05,186.0,United States,Portland High School,1.0,7.0,Minnesota Timberwolves,corey brewer,SF/SG,198.12,202.56,83.91,203.84,261.62,4.2,,,2007,2015,2015-10-01,29.6,4278,0.09,0.35,0.01,0.13,0.09,0.1,0.08,0.17,0.04,0.05,0.09,0.1,0.0,0.01,0.28,0.13
NBA,2015 - 2016,Playoffs,Udonis Haslem,MIA,9,84.6,8,15,0,0,5,7,7,13,11,20,31,4,0,1,21,1980-06-09,235.0,United States,Miami High School,,,,udonis haslem,PF,202.56,,113.4,210.82,271.78,,,,2002,2015,2015-10-01,35.3,4279,0.09,0.18,0.0,0.0,0.06,0.08,0.08,0.15,0.13,0.24,0.37,0.05,0.0,0.01,0.25,0.49
NBA,2015 - 2016,Playoffs,Tim Hardaway Jr.,ATL,9,87.3,7,26,2,14,4,6,3,2,0,9,9,7,0,1,20,1992-03-16,205.0,United States,Palmetto High School,1.0,24.0,New York Knicks,tim hardaway jr,SG,194.31,198.76,90.45,200.66,256.54,6.05,20.32,23.5,2013,2015,2015-10-01,23.5,4280,0.08,0.3,0.02,0.16,0.05,0.07,0.03,0.02,0.0,0.1,0.1,0.08,0.0,0.01,0.23,0.15
NBA,2015 - 2016,Playoffs,Mo Williams,CLE,13,68.1,8,28,3,13,1,2,10,8,0,6,6,3,4,0,20,1982-12-19,198.0,United States,Murrah High School,2.0,18.0,Utah Jazz,mo williams,PG/SG,184.78,,85.73,196.85,250.19,6.7,,,2003,2015,2015-10-01,32.8,4281,0.12,0.41,0.04,0.19,0.01,0.03,0.15,0.12,0.0,0.09,0.09,0.04,0.06,0.0,0.29,0.02
NBA,2015 - 2016,Playoffs,Cameron Payne,OKC,10,64.3,7,26,2,10,2,4,8,7,0,4,4,8,2,2,18,1994-08-08,190.0,United States,Lausanne Collegiate School,1.0,14.0,Oklahoma City Thunder,cameron payne,PG,184.78,186.69,82.92,201.3,247.65,6.3,21.59,20.96,2015,2015,2015-10-01,21.1,4282,0.11,0.4,0.03,0.16,0.03,0.06,0.12,0.11,0.0,0.06,0.06,0.12,0.03,0.03,0.28,0.08
NBA,2015 - 2016,Playoffs,Wesley Johnson,LAC,6,76.8,5,14,3,9,3,3,2,6,5,13,18,2,1,4,16,1987-07-11,215.0,United States,Corsicana High School,1.0,4.0,Minnesota Timberwolves,wesley johnson,SF,198.76,201.3,93.62,215.9,269.24,4.6,22.86,24.13,2010,2015,2015-10-01,28.2,4283,0.07,0.18,0.04,0.12,0.04,0.04,0.03,0.08,0.07,0.17,0.23,0.03,0.01,0.05,0.21,0.39
NBA,2015 - 2016,Playoffs,Ty Lawson,IND,7,73.6,6,18,0,3,4,6,6,8,1,6,7,10,3,0,16,1987-11-03,195.0,United States,Oak Hill Academy,1.0,18.0,Minnesota Timberwolves,ty lawson,PG,180.98,184.15,89.18,184.78,240.03,6.6,,,2009,2015,2015-10-01,27.9,4284,0.08,0.24,0.0,0.04,0.05,0.08,0.08,0.11,0.01,0.08,0.1,0.14,0.04,0.0,0.22,0.23
NBA,2015 - 2016,Playoffs,Nick Collison,OKC,9,78.5,4,6,0,0,1,2,1,17,3,8,11,5,8,0,9,1980-10-26,255.0,United States,Iowa Falls High School,1.0,12.0,Seattle SuperSonics,nick collison,PF,205.1,,115.67,217.17,274.32,17.0,,,2003,2015,2015-10-01,34.9,4285,0.05,0.08,0.0,0.0,0.01,0.03,0.01,0.22,0.04,0.1,0.14,0.06,0.1,0.0,0.11,0.35
NBA,2015 - 2016,Playoffs,Luc Mbah a Moute,LAC,5,78.4,4,6,0,0,1,1,2,9,2,8,10,1,3,0,9,1986-09-09,230.0,Cameroon,Montverde Academy,2.0,7.0,Milwaukee Bucks,luc mbah a moute,SF,197.48,201.93,100.24,219.71,262.89,7.0,,,2008,2015,2015-10-01,29.1,4286,0.05,0.08,0.0,0.0,0.01,0.01,0.03,0.11,0.03,0.1,0.13,0.01,0.04,0.0,0.11,0.23
NBA,2016 - 2017,Playoffs,LeBron James,CLE,18,744.2,217,384,44,107,113,162,72,43,19,145,164,141,35,23,591,1984-12-30,250.0,United States,St. Vincent St. Mary High School,1.0,1.0,Cleveland Cavaliers,lebron james,SF/SG,201.3,,111.13,214.0,269.88,6.7,,,2003,2016,2016-10-01,31.8,4653,0.29,0.52,0.06,0.14,0.15,0.22,0.1,0.06,0.03,0.19,0.22,0.19,0.05,0.03,0.79,0.88
NBA,2016 - 2017,Playoffs,Stephen Curry,GSW,17,600.8,151,312,72,172,103,114,58,37,23,84,107,114,34,4,477,1988-03-14,190.0,United States,Charlotte Christian School,1.0,7.0,Golden State Warriors,stephen curry,PG/SG,187.96,191.14,82.1,191.77,246.38,5.7,,,2009,2016,2016-10-01,28.6,4654,0.25,0.52,0.12,0.29,0.17,0.19,0.1,0.06,0.04,0.14,0.18,0.19,0.06,0.01,0.79,0.84
NBA,2016 - 2017,Playoffs,Kyrie Irving,CLE,18,653.3,173,370,44,118,76,84,48,38,13,38,51,95,23,8,466,1992-03-23,193.0,United States / Australia,St. Patrick High School,1.0,1.0,Cleveland Cavaliers,kyrie irving,PG,187.32,191.77,86.64,193.04,251.46,10.2,20.96,23.5,2011,2016,2016-10-01,24.5,4655,0.26,0.57,0.07,0.18,0.12,0.13,0.07,0.06,0.02,0.06,0.08,0.15,0.04,0.01,0.71,0.6
NBA,2016 - 2017,Playoffs,Kevin Durant,GSW,15,533.1,149,268,38,86,92,103,38,39,16,103,119,64,12,20,428,1988-09-29,240.0,United States,Montrose Christian School,1.0,2.0,Seattle SuperSonics,kevin durant,SF/PF,205.74,208.92,97.52,225.42,279.4,6.6,,,2007,2016,2016-10-01,28.0,4656,0.28,0.5,0.07,0.16,0.17,0.19,0.07,0.07,0.03,0.19,0.22,0.12,0.02,0.04,0.8,0.89
NBA,2016 - 2017,Playoffs,John Wall,WAS,13,506.5,127,281,21,61,78,93,55,26,7,41,48,134,21,15,353,1990-09-06,210.0,United States,Word of God Christian Academy,1.0,1.0,Washington Wizards,john wall,PG,189.86,193.04,88.72,206.38,257.81,5.6,20.96,24.13,2010,2016,2016-10-01,26.1,4657,0.25,0.55,0.04,0.12,0.15,0.18,0.11,0.05,0.01,0.08,0.09,0.26,0.04,0.03,0.7,0.68
NBA,2016 - 2017,Playoffs,Isaiah Thomas,BOS,15,520.7,111,261,36,108,91,111,50,35,5,42,47,100,13,2,349,1989-02-07,185.0,United States,South Kent School,2.0,30.0,Sacramento Kings,isaiah thomas,PG,174.62,178.44,84.37,187.32,232.41,6.7,20.96,22.86,2011,2016,2016-10-01,27.6,4658,0.21,0.5,0.07,0.21,0.17,0.21,0.1,0.07,0.01,0.08,0.09,0.19,0.02,0.0,0.67,0.54
NBA,2016 - 2017,Playoffs,Kawhi Leonard,SAS,12,429.1,106,202,25,55,95,102,26,21,19,74,93,55,20,6,332,1991-06-29,230.0,United States,Martin Luther King High School,1.0,15.0,Indiana Pacers,kawhi leonard,SF,198.12,200.66,103.15,220.98,269.24,5.4,24.76,28.58,2011,2016,2016-10-01,25.3,4659,0.25,0.47,0.06,0.13,0.22,0.24,0.06,0.05,0.04,0.17,0.22,0.13,0.05,0.01,0.77,0.88
NBA,2016 - 2017,Playoffs,Bradley Beal,WAS,13,505.4,122,259,29,101,50,61,27,38,15,29,44,35,21,8,323,1993-06-28,207.0,United States,Chaminade College Preparatory School,1.0,3.0,Washington Wizards,bradley beal,SG,191.14,194.94,91.53,203.2,254.0,6.0,21.59,22.86,2012,2016,2016-10-01,23.3,4660,0.24,0.51,0.06,0.2,0.1,0.12,0.05,0.08,0.03,0.06,0.09,0.07,0.04,0.02,0.64,0.52
NBA,2016 - 2017,Playoffs,James Harden,HOU,11,406.7,90,218,32,115,101,115,59,43,7,53,60,93,21,5,313,1989-08-26,220.0,United States,Artesia High School,1.0,3.0,Oklahoma City Thunder,james harden,SG,193.04,196.22,100.7,210.18,262.89,10.1,,,2009,2016,2016-10-01,27.1,4661,0.22,0.54,0.08,0.28,0.25,0.28,0.15,0.11,0.02,0.13,0.15,0.23,0.05,0.01,0.77,0.71
NBA,2016 - 2017,Playoffs,Kevin Love,CLE,18,577.6,95,218,50,111,63,75,31,46,36,155,191,30,21,16,303,1988-09-07,251.0,United States,Lake Oswego High School,1.0,5.0,Memphis Grizzlies,kevin love,PF,202.56,207.01,115.67,211.46,269.24,12.9,,,2008,2016,2016-10-01,28.1,4662,0.16,0.38,0.09,0.19,0.11,0.13,0.05,0.08,0.06,0.27,0.33,0.05,0.04,0.03,0.52,0.68
NBA,2016 - 2017,Playoffs,Avery Bradley,BOS,18,644.7,120,272,40,114,21,27,31,40,18,53,71,41,23,3,301,1990-11-26,180.0,United States,Findlay College Prep,1.0,19.0,Boston Celtics,avery bradley,SG/PG,187.96,191.14,81.83,201.3,250.19,4.0,20.96,24.13,2010,2016,2016-10-01,25.8,4663,0.19,0.42,0.06,0.18,0.03,0.04,0.05,0.06,0.03,0.08,0.11,0.06,0.04,0.0,0.47,0.39
NBA,2016 - 2017,Playoffs,Al Horford,BOS,18,609.9,111,190,27,52,22,29,33,33,31,87,118,97,15,14,271,1986-06-03,245.0,Dominican Republic / United States,Grand Ledge High School,1.0,3.0,Atlanta Hawks,al horford,PF,203.2,207.64,111.58,215.26,271.78,9.1,,,2007,2016,2016-10-01,30.3,4664,0.18,0.31,0.04,0.09,0.04,0.05,0.05,0.05,0.05,0.14,0.19,0.16,0.02,0.02,0.44,0.64
NBA,2016 - 2017,Playoffs,Gordon Hayward,UTA,11,410.7,83,188,28,68,71,76,24,23,7,60,67,37,10,3,265,1990-03-23,225.0,United States,Brownsburg High School,1.0,9.0,Utah Jazz,gordon hayward,SF,200.02,203.2,95.71,202.56,261.62,6.9,21.59,23.5,2010,2016,2016-10-01,26.5,4665,0.2,0.46,0.07,0.17,0.17,0.19,0.06,0.06,0.02,0.15,0.16,0.09,0.02,0.01,0.65,0.59
NBA,2016 - 2017,Playoffs,LaMarcus Aldridge,SAS,16,537.3,110,240,2,14,42,55,28,41,43,76,119,24,10,16,264,1985-07-19,265.0,United States,Seagoville High School,1.0,2.0,Chicago Bulls,lamarcus aldridge,PF/C,208.28,211.46,106.14,225.42,279.4,8.7,,,2006,2016,2016-10-01,31.2,4666,0.2,0.45,0.0,0.03,0.08,0.1,0.05,0.08,0.08,0.14,0.22,0.04,0.02,0.03,0.49,0.48
NBA,2016 - 2017,Playoffs,Klay Thompson,GSW,17,595.6,94,237,41,106,26,33,25,44,11,55,66,35,14,5,255,1990-02-08,215.0,United States,Santa Margarita Catholic High School,1.0,11.0,Golden State Warriors,klay thompson,SG,197.48,201.3,93.26,205.74,262.89,8.0,22.22,23.5,2011,2016,2016-10-01,26.6,4667,0.16,0.4,0.07,0.18,0.04,0.06,0.04,0.07,0.02,0.09,0.11,0.06,0.02,0.01,0.43,0.33
NBA,2016 - 2017,Playoffs,Jae Crowder,BOS,18,596.0,87,200,31,88,40,48,12,52,20,95,115,48,19,6,245,1990-07-06,235.0,United States,Villa Rica High School,2.0,4.0,Cleveland Cavaliers,jae crowder,SF,194.94,199.39,109.41,206.38,252.73,9.0,24.13,26.67,2012,2016,2016-10-01,26.2,4668,0.15,0.34,0.05,0.15,0.07,0.08,0.02,0.09,0.03,0.16,0.19,0.08,0.03,0.01,0.41,0.5
NBA,2016 - 2017,Playoffs,DeMar DeRozan,TOR,10,373.2,76,175,1,15,71,80,25,26,4,45,49,34,14,0,224,1989-08-07,220.0,United States,Compton High School,1.0,9.0,Toronto Raptors,demar derozan,SG/SF,196.85,199.39,95.8,205.74,260.35,4.9,,,2009,2016,2016-10-01,27.2,4669,0.2,0.47,0.0,0.04,0.19,0.21,0.07,0.07,0.01,0.12,0.13,0.09,0.04,0.0,0.6,0.5
NBA,2016 - 2017,Playoffs,Draymond Green,GSW,17,592.5,72,161,32,78,46,67,35,60,20,135,155,110,32,28,222,1990-03-04,230.0,United States,Saginaw High School,2.0,5.0,Golden State Warriors,draymond green,PF/SF,197.48,201.93,106.87,216.54,266.7,11.3,22.86,24.13,2012,2016,2016-10-01,26.6,4670,0.12,0.27,0.05,0.13,0.08,0.11,0.06,0.1,0.03,0.23,0.26,0.19,0.05,0.05,0.37,0.68
NBA,2016 - 2017,Playoffs,Russell Westbrook,OKC,5,194.5,59,152,13,49,56,70,30,16,9,49,58,54,12,2,187,1988-11-12,200.0,United States,Leuzinger High School,1.0,4.0,Seattle SuperSonics,russell westbrook,PG,188.6,191.77,87.09,202.56,254.0,4.8,,,2008,2016,2016-10-01,27.9,4671,0.3,0.78,0.07,0.25,0.29,0.36,0.15,0.08,0.05,0.25,0.3,0.28,0.06,0.01,0.96,0.91
NBA,2016 - 2017,Playoffs,Chris Paul,LAC,7,260.2,67,135,14,38,29,33,19,24,4,31,35,69,12,1,177,1985-05-06,175.0,United States,West Forsyth High School,1.0,4.0,New Orleans Pelicans,chris paul,PG,182.24,185.42,80.74,193.68,236.22,,,,2005,2016,2016-10-01,31.4,4672,0.26,0.52,0.05,0.15,0.11,0.13,0.07,0.09,0.02,0.12,0.13,0.27,0.05,0.0,0.68,0.78
NBA,2016 - 2017,Playoffs,Kelly Olynyk,BOS,18,346.4,64,125,15,47,22,30,22,47,14,43,57,34,13,14,165,1991-04-19,240.0,Canada,Kamloops High School,1.0,13.0,Dallas Mavericks,kelly olynyk,PF/C,210.18,213.36,106.14,207.64,274.32,6.65,21.59,25.4,2013,2016,2016-10-01,25.5,4673,0.18,0.36,0.04,0.14,0.06,0.09,0.06,0.14,0.04,0.12,0.16,0.1,0.04,0.04,0.48,0.55
NBA,2016 - 2017,Playoffs,Patty Mills,SAS,16,416.4,57,140,32,89,19,22,21,33,5,29,34,43,13,1,165,1988-08-11,180.0,Australia,Australian Institute of Sport,2.0,25.0,Portland Trail Blazers,patty mills,PG,180.98,184.15,79.56,187.96,241.3,6.9,,,2009,2016,2016-10-01,28.1,4674,0.14,0.34,0.08,0.21,0.05,0.05,0.05,0.08,0.01,0.07,0.08,0.1,0.03,0.0,0.4,0.36
NBA,2016 - 2017,Playoffs,Otto Porter,WAS,13,428.1,58,109,11,39,31,35,10,26,15,74,89,23,22,7,158,1993-06-03,198.0,United States,Scott County Central High School,1.0,3.0,Washington Wizards,otto porter,SF,201.93,204.47,89.63,217.17,267.97,6.65,22.22,23.5,2013,2016,2016-10-01,23.3,4675,0.14,0.25,0.03,0.09,0.07,0.08,0.02,0.06,0.04,0.17,0.21,0.05,0.05,0.02,0.37,0.56
NBA,2016 - 2017,Playoffs,Markieff Morris,WAS,13,373.2,59,145,14,38,25,31,21,46,18,65,83,22,12,17,157,1989-09-02,245.0,United States,APEX Academy,1.0,13.0,Phoenix Suns,markieff morris,PF,202.56,206.38,109.23,210.18,270.51,10.2,21.59,20.96,2011,2016,2016-10-01,27.1,4676,0.16,0.39,0.04,0.1,0.07,0.08,0.06,0.12,0.05,0.17,0.22,0.06,0.03,0.05,0.42,0.48
NBA,2016 - 2017,Playoffs,Marcus Smart,BOS,18,537.8,47,134,29,73,32,50,38,51,23,62,85,85,27,16,155,1994-03-06,220.0,United States,Marcus High School,1.0,6.0,Boston Celtics,marcus smart,PG,187.96,191.14,103.06,206.38,251.46,10.55,22.86,22.22,2014,2016,2016-10-01,22.6,4677,0.09,0.25,0.05,0.14,0.06,0.09,0.07,0.09,0.04,0.12,0.16,0.16,0.05,0.03,0.29,0.43
NBA,2016 - 2017,Playoffs,Tristan Thompson,CLE,18,561.5,54,92,0,0,40,60,21,36,69,81,150,26,9,13,148,1991-03-13,238.0,Canada,Findlay College Prep,1.0,4.0,Cleveland Cavaliers,tristan thompson,PF,201.93,205.1,103.15,216.54,275.59,6.2,22.22,23.5,2011,2016,2016-10-01,25.6,4678,0.1,0.16,0.0,0.0,0.07,0.11,0.04,0.06,0.12,0.14,0.27,0.05,0.02,0.02,0.26,0.48
NBA,2016 - 2017,Playoffs,Mike Conley,MEM,6,223.6,50,103,17,38,31,37,12,11,1,19,20,42,10,3,148,1987-10-11,175.0,United States,Lawrence North High School,1.0,4.0,Memphis Grizzlies,mike conley,PG,180.34,184.78,79.38,197.48,240.03,4.2,,,2007,2016,2016-10-01,29.0,4679,0.22,0.46,0.08,0.17,0.14,0.17,0.05,0.05,0.0,0.08,0.09,0.19,0.04,0.01,0.66,0.67
NBA,2016 - 2017,Playoffs,Dennis Schroder,ATL,6,211.5,50,110,17,40,31,37,10,19,4,10,14,46,6,0,148,1993-09-15,172.0,Germany,,1.0,17.0,Atlanta Hawks,dennis schroder,PG,185.42,187.96,74.75,202.56,248.92,4.1,22.22,26.67,2013,2016,2016-10-01,23.0,4680,0.24,0.52,0.08,0.19,0.15,0.17,0.05,0.09,0.02,0.05,0.07,0.22,0.03,0.0,0.7,0.67
NBA,2016 - 2017,Playoffs,Paul Millsap,ATL,6,219.4,50,99,3,17,43,53,23,19,9,47,56,26,10,4,146,1985-02-10,246.0,United States,Grambling Laboratory High School,2.0,17.0,Utah Jazz,paul millsap,PF,198.76,201.3,117.03,217.17,267.97,9.7,,,2006,2016,2016-10-01,31.6,4681,0.23,0.45,0.01,0.08,0.2,0.24,0.1,0.09,0.04,0.21,0.26,0.12,0.05,0.02,0.67,0.76
NBA,2016 - 2017,Playoffs,J.R. Smith,CLE,18,486.6,50,99,40,80,5,11,12,41,5,37,42,13,13,6,145,1985-09-09,225.0,United States,Saint Benedict's Preparatory School,1.0,18.0,New Orleans Pelicans,jr smith,SG/SF,196.85,200.02,102.97,208.28,264.16,6.7,,,2004,2016,2016-10-01,31.1,4682,0.1,0.2,0.08,0.16,0.01,0.02,0.02,0.08,0.01,0.08,0.09,0.03,0.03,0.01,0.3,0.33
NBA,2016 - 2017,Playoffs,Eric Gordon,HOU,11,358.2,51,121,27,70,13,18,14,20,5,38,43,22,8,6,142,1988-12-25,215.0,United States,North Central High School,1.0,7.0,Los Angeles Clippers,eric gordon,SG,187.96,191.14,100.7,205.74,251.46,8.2,,,2008,2016,2016-10-01,27.8,4683,0.14,0.34,0.08,0.2,0.04,0.05,0.04,0.06,0.01,0.11,0.12,0.06,0.02,0.02,0.4,0.37
NBA,2016 - 2017,Playoffs,Joe Johnson,UTA,11,326.4,58,133,15,45,11,15,13,21,8,35,43,27,6,1,142,1981-06-29,240.0,United States,Little Rock Central High School,1.0,10.0,Boston Celtics,joe johnson,SF/SG,200.02,,102.51,205.74,266.7,6.7,,,2001,2016,2016-10-01,35.3,4684,0.18,0.41,0.05,0.14,0.03,0.05,0.04,0.06,0.02,0.11,0.13,0.08,0.02,0.0,0.44,0.38
NBA,2016 - 2017,Playoffs,Jimmy Butler,CHI,6,238.7,46,108,6,23,38,47,15,10,9,35,44,26,10,5,136,1989-09-14,232.0,United States,Tomball High School,1.0,30.0,Chicago Bulls,jimmy butler,SF,198.12,202.56,100.79,201.93,257.81,5.4,22.86,22.86,2011,2016,2016-10-01,27.0,4685,0.19,0.45,0.03,0.1,0.16,0.2,0.06,0.04,0.04,0.15,0.18,0.11,0.04,0.02,0.57,0.56
NBA,2016 - 2017,Playoffs,George Hill,UTA,8,280.9,46,98,12,31,21,29,13,25,8,25,33,29,2,1,125,1986-05-04,188.0,United States,Broad Ripple High School,1.0,26.0,San Antonio Spurs,george hill,PG,186.06,189.23,82.1,205.74,247.65,3.0,,,2008,2016,2016-10-01,30.4,4686,0.16,0.35,0.04,0.11,0.07,0.1,0.05,0.09,0.03,0.09,0.12,0.1,0.01,0.0,0.44,0.4
NBA,2016 - 2017,Playoffs,Danny Green,SAS,16,435.8,45,111,26,76,8,14,17,30,13,44,57,23,10,15,124,1987-06-22,215.0,United States,St. Mary's High School,2.0,16.0,Cleveland Cavaliers,danny green,SG/SF,196.22,199.39,94.35,208.28,261.62,5.6,,,2009,2016,2016-10-01,29.3,4687,0.1,0.25,0.06,0.17,0.02,0.03,0.04,0.07,0.03,0.1,0.13,0.05,0.02,0.03,0.28,0.31
NBA,2016 - 2017,Playoffs,Trevor Ariza,HOU,11,412.9,41,97,23,61,13,14,9,25,8,48,56,23,14,2,118,1985-06-30,215.0,United States,Westchester High School,2.0,14.0,New York Knicks,trevor ariza,SG/SF,200.66,203.84,91.17,218.44,273.05,8.0,,,2004,2016,2016-10-01,31.3,4688,0.1,0.23,0.06,0.15,0.03,0.03,0.02,0.06,0.02,0.12,0.14,0.06,0.03,0.0,0.29,0.37
NBA,2016 - 2017,Playoffs,Andre Iguodala,GSW,16,419.4,46,101,8,42,15,26,16,29,9,56,65,51,14,7,115,1984-01-28,215.0,United States,Lanphier High School,1.0,9.0,Philadelphia Sixers,andre iguodala,SG/SF,197.48,200.02,98.43,210.82,267.97,6.7,,,2004,2016,2016-10-01,32.7,4689,0.11,0.24,0.02,0.1,0.04,0.06,0.04,0.07,0.02,0.13,0.15,0.12,0.03,0.02,0.27,0.4
NBA,2016 - 2017,Playoffs,Paul George,IND,4,171.6,34,88,18,42,26,30,13,13,5,30,35,29,7,2,112,1990-05-02,220.0,United States,Pete Knight High School,1.0,10.0,Indiana Pacers,paul george,SF,202.56,205.1,97.25,211.46,271.78,5.0,21.59,22.86,2010,2016,2016-10-01,26.4,4690,0.2,0.51,0.1,0.24,0.15,0.17,0.08,0.08,0.03,0.17,0.2,0.17,0.04,0.01,0.65,0.66
NBA,2016 - 2017,Playoffs,Damian Lillard,POR,4,150.6,39,90,9,32,24,25,13,11,4,13,17,13,5,2,111,1990-07-15,195.0,United States,Oakland High School,1.0,6.0,Portland Trail Blazers,damian lillard,PG,187.32,189.86,85.64,202.56,242.57,5.9,22.22,24.76,2012,2016,2016-10-01,26.2,4691,0.26,0.6,0.06,0.21,0.16,0.17,0.09,0.07,0.03,0.09,0.11,0.09,0.03,0.01,0.74,0.54
NBA,2016 - 2017,Playoffs,DeAndre Jordan,LAC,7,264.3,43,61,0,1,22,56,17,29,25,76,101,5,3,6,108,1988-07-21,265.0,United States,Christian Life Center,2.0,5.0,Los Angeles Clippers,deandre jordan,C,207.64,210.82,113.4,228.6,288.29,7.5,,,2008,2016,2016-10-01,28.2,4692,0.16,0.23,0.0,0.0,0.08,0.21,0.06,0.11,0.09,0.29,0.38,0.02,0.01,0.02,0.41,0.58
NBA,2016 - 2017,Playoffs,Marcin Gortat,WAS,13,408.6,47,93,0,0,11,18,17,40,52,91,143,24,5,20,105,1984-02-17,240.0,Poland,,2.0,27.0,Phoenix Suns,marcin gortat,PF/C,210.82,213.36,102.15,222.25,279.4,,,,2005,2016,2016-10-01,32.6,4693,0.12,0.23,0.0,0.0,0.03,0.04,0.04,0.1,0.13,0.22,0.35,0.06,0.01,0.05,0.26,0.57
NBA,2016 - 2017,Playoffs,Kyle Korver,CLE,18,326.2,34,80,27,69,10,10,7,22,2,28,30,13,7,5,105,1981-03-17,212.0,United States,Pella High School,2.0,22.0,New Jersey Nets,kyle korver,SF,198.76,,95.71,207.01,260.35,6.7,,,2003,2016,2016-10-01,35.5,4694,0.1,0.25,0.08,0.21,0.03,0.03,0.02,0.07,0.01,0.09,0.09,0.04,0.02,0.02,0.32,0.32
NBA,2016 - 2017,Playoffs,Norman Powell,TOR,9,227.2,35,82,15,34,20,24,15,25,5,23,28,14,10,3,105,1993-05-25,215.0,United States,Lincoln High School ,2.0,16.0,Milwaukee Bucks,norman powell,SG,190.5,193.68,97.7,210.18,260.35,6.4,23.5,22.86,2015,2016,2016-10-01,23.4,4695,0.15,0.36,0.07,0.15,0.09,0.11,0.07,0.11,0.02,0.1,0.12,0.06,0.04,0.01,0.46,0.39
NBA,2016 - 2017,Playoffs,Rudy Gobert,UTA,9,246.1,40,63,0,0,24,50,9,30,22,67,89,11,9,12,104,1992-06-26,245.0,France,,1.0,27.0,Denver Nuggets,rudy gobert,C,214.63,218.44,107.77,234.95,292.1,4.4,24.76,25.4,2013,2016,2016-10-01,24.3,4696,0.16,0.26,0.0,0.0,0.1,0.2,0.04,0.12,0.09,0.27,0.36,0.04,0.04,0.05,0.42,0.67
NBA,2016 - 2017,Playoffs,Rodney Hood,UTA,11,277.0,37,105,13,50,11,18,10,30,1,29,30,12,5,0,98,1992-10-20,205.0,United States,Meridian High School,1.0,23.0,Utah Jazz,rodney hood,SF,201.3,204.47,94.44,204.47,261.62,7.45,21.59,21.59,2014,2016,2016-10-01,23.9,4697,0.13,0.38,0.05,0.18,0.04,0.06,0.04,0.11,0.0,0.1,0.11,0.04,0.02,0.0,0.35,0.21
NBA,2016 - 2017,Playoffs,Gerald Green,BOS,13,192.4,34,72,21,45,8,9,7,21,2,18,20,9,3,1,97,1986-01-26,205.0,United States,Gulf Shores Academy,1.0,18.0,Boston Celtics,gerald green,SF,198.12,201.3,87.09,207.64,264.16,,,,2005,2016,2016-10-01,30.7,4698,0.18,0.37,0.11,0.23,0.04,0.05,0.04,0.11,0.01,0.09,0.1,0.05,0.02,0.01,0.5,0.44
NBA,2016 - 2017,Playoffs,Terry Rozier,BOS,17,277.2,33,82,14,38,16,20,10,20,12,32,44,32,11,4,96,1994-03-17,190.0,United States,Hargrave Military Academy ,1.0,16.0,Boston Celtics,terry rozier,PG/SG,184.15,188.6,86.27,203.84,250.19,5.6,20.96,21.59,2015,2016,2016-10-01,22.5,4699,0.12,0.3,0.05,0.14,0.06,0.07,0.04,0.07,0.04,0.12,0.16,0.12,0.04,0.01,0.35,0.45
NBA,2016 - 2017,Playoffs,JaVale McGee,GSW,16,148.5,41,56,0,0,13,18,8,31,22,26,48,4,2,15,95,1988-01-19,270.0,United States,Hales Franciscan,1.0,18.0,Washington Wizards,javale mcgee,C/PF,210.82,213.36,109.32,228.6,290.83,5.3,,,2008,2016,2016-10-01,28.7,4700,0.28,0.38,0.0,0.0,0.09,0.12,0.05,0.21,0.15,0.18,0.32,0.03,0.01,0.1,0.64,0.92
NBA,2016 - 2017,Playoffs,Dwyane Wade,CHI,6,190.1,32,86,6,17,20,21,10,8,6,24,30,24,5,8,90,1982-01-17,220.0,United States,Harold L. Richards High School,1.0,5.0,Miami Heat,dwyane wade,SG/SF,192.4,,96.16,210.18,259.08,6.7,,,2003,2016,2016-10-01,34.7,4701,0.17,0.45,0.03,0.09,0.11,0.11,0.05,0.04,0.03,0.13,0.16,0.13,0.03,0.04,0.47,0.5
NBA,2016 - 2017,Playoffs,C.J. McCollum,POR,4,140.3,32,80,11,22,15,16,15,10,8,16,24,4,4,2,90,1991-09-19,190.0,United States,Glen Oak High School,1.0,10.0,Portland Trail Blazers,cj mccollum,PG/SG,188.6,191.14,89.36,198.76,245.11,8.6,20.32,24.13,2013,2016,2016-10-01,25.0,4702,0.23,0.57,0.08,0.16,0.11,0.11,0.11,0.07,0.06,0.11,0.17,0.03,0.03,0.01,0.64,0.43
NBA,2016 - 2017,Playoffs,Channing Frye,CLE,12,154.1,31,60,20,39,6,7,2,11,0,22,22,13,3,4,88,1983-05-17,255.0,United States,St. Mary's High School,1.0,8.0,New York Knicks,channing frye,PF/C,207.01,209.55,110.5,219.71,280.67,,,,2005,2016,2016-10-01,33.4,4703,0.2,0.39,0.13,0.25,0.04,0.05,0.01,0.07,0.0,0.14,0.14,0.08,0.02,0.03,0.57,0.63
NBA,2016 - 2017,Playoffs,Jamal Crawford,LAC,7,195.6,35,83,6,25,12,12,9,12,2,7,9,13,4,1,88,1980-03-20,195.0,United States,Rainier Beach High School,1.0,8.0,Cleveland Cavaliers,jamal crawford,PG/SG,194.31,,79.38,208.28,260.35,,,,2000,2016,2016-10-01,36.5,4704,0.18,0.42,0.03,0.13,0.06,0.06,0.05,0.06,0.01,0.04,0.05,0.07,0.02,0.01,0.45,0.31
NBA,2016 - 2017,Playoffs,Khris Middleton,MIL,6,231.2,31,78,7,19,18,22,11,17,0,28,28,32,12,0,87,1991-08-12,222.0,United States,Porter-Gaud High School,2.0,9.0,Detroit Pistons,khris middleton,SF,200.02,203.84,98.07,210.18,261.62,7.8,22.86,22.86,2012,2016,2016-10-01,25.1,4705,0.13,0.34,0.03,0.08,0.08,0.1,0.05,0.07,0.0,0.12,0.12,0.14,0.05,0.0,0.38,0.41
NBA,2016 - 2017,Playoffs,Jaylen Brown,BOS,17,214.8,34,71,5,23,12,18,13,26,12,24,36,13,6,2,85,1996-10-24,220.0,United States,Joseph Wheeler High School,1.0,3.0,Boston Celtics,jaylen brown,SG/SF,196.22,200.02,101.06,212.72,260.35,5.05,22.22,22.86,2016,2016,2016-10-01,19.9,4706,0.16,0.33,0.02,0.11,0.06,0.08,0.06,0.12,0.06,0.11,0.17,0.06,0.03,0.01,0.4,0.42
NBA,2016 - 2017,Playoffs,Kyle Anderson,SAS,15,194.7,36,64,3,10,8,11,7,8,12,34,46,25,10,2,83,1993-09-20,230.0,United States,St. Anthony High School,1.0,30.0,San Antonio Spurs,kyle anderson,SF,201.93,204.47,104.37,220.34,273.05,13.35,20.96,22.22,2014,2016,2016-10-01,23.0,4707,0.18,0.33,0.02,0.05,0.04,0.06,0.04,0.04,0.06,0.17,0.24,0.13,0.05,0.01,0.43,0.65
NBA,2016 - 2017,Playoffs,Derrick Favors,UTA,11,224.8,36,62,0,0,11,23,4,25,15,45,60,10,8,6,83,1991-07-15,265.0,United States,South Atlanta High School ,1.0,3.0,New Jersey Nets,derrick favors,PF,205.1,208.92,111.22,223.52,279.4,6.5,22.22,23.5,2010,2016,2016-10-01,25.2,4708,0.16,0.28,0.0,0.0,0.05,0.1,0.02,0.11,0.07,0.2,0.27,0.04,0.04,0.03,0.37,0.56
NBA,2016 - 2017,Playoffs,Greg Monroe,MIL,6,141.1,27,51,0,0,25,30,11,16,17,27,44,10,8,3,79,1990-06-04,265.0,United States,Helen Cox High School,1.0,7.0,Detroit Pistons,greg monroe,PF/C,207.64,210.82,111.86,219.08,275.59,11.2,22.22,24.13,2010,2016,2016-10-01,26.3,4709,0.19,0.36,0.0,0.0,0.18,0.21,0.08,0.11,0.12,0.19,0.31,0.07,0.06,0.02,0.56,0.74
NBA,2016 - 2017,Playoffs,Cory Joseph,TOR,10,211.9,31,71,9,22,8,8,14,17,4,17,21,31,4,2,79,1991-08-20,200.0,Canada,Findlay College Prep,1.0,29.0,San Antonio Spurs,cory joseph,PG,187.96,191.14,84.46,196.85,251.46,9.7,21.59,26.67,2011,2016,2016-10-01,25.1,4710,0.15,0.34,0.04,0.1,0.04,0.04,0.07,0.08,0.02,0.08,0.1,0.15,0.02,0.01,0.37,0.39
NBA,2016 - 2017,Playoffs,Deron Williams,CLE,18,262.3,28,64,12,31,10,11,17,29,3,20,23,38,10,1,78,1984-06-26,200.0,United States,The Colony High School,1.0,3.0,Utah Jazz,deron williams,PG,187.32,189.86,91.81,198.76,248.92,,,,2005,2016,2016-10-01,32.3,4711,0.11,0.24,0.05,0.12,0.04,0.04,0.06,0.11,0.01,0.08,0.09,0.14,0.04,0.0,0.3,0.38
NBA,2016 - 2017,Playoffs,Tim Hardaway Jr.,ATL,6,200.4,27,82,11,42,12,19,10,13,3,13,16,7,3,0,77,1992-03-16,205.0,United States,Palmetto High School,1.0,24.0,New York Knicks,tim hardaway jr,SG,194.31,198.76,90.45,200.66,256.54,6.05,20.32,23.5,2013,2016,2016-10-01,24.5,4712,0.13,0.41,0.05,0.21,0.06,0.09,0.05,0.06,0.01,0.06,0.08,0.03,0.01,0.0,0.38,0.14
NBA,2016 - 2017,Playoffs,David West,GSW,17,221.2,34,59,1,2,7,9,10,26,7,39,46,36,7,13,76,1980-08-29,250.0,United States,Garner Magnet High School,1.0,18.0,New Orleans Pelicans,david west,PF/SF,203.84,,102.51,224.16,274.96,8.0,,,2003,2016,2016-10-01,36.1,4713,0.15,0.27,0.0,0.01,0.03,0.04,0.05,0.12,0.03,0.18,0.21,0.16,0.03,0.06,0.34,0.62
NBA,2016 - 2017,Playoffs,Iman Shumpert,CLE,17,274.9,25,60,10,26,14,17,6,32,6,41,47,16,10,3,74,1990-06-26,220.0,United States,Oak Park & River Forest High School,1.0,17.0,New York Knicks,iman shumpert,PG/SG,193.68,196.85,100.61,207.01,252.73,6.5,22.86,22.86,2011,2016,2016-10-01,26.3,4714,0.09,0.22,0.04,0.09,0.05,0.06,0.02,0.12,0.02,0.15,0.17,0.06,0.04,0.01,0.27,0.39
NBA,2016 - 2017,Playoffs,Shaun Livingston,GSW,14,219.9,34,59,0,0,5,7,10,24,10,19,29,20,5,2,73,1985-09-11,192.0,United States,Peoria Central High School ,1.0,4.0,Los Angeles Clippers,shaun livingston,PG/SG,198.76,201.93,84.37,210.82,267.97,6.7,,,2004,2016,2016-10-01,31.1,4715,0.15,0.27,0.0,0.0,0.02,0.03,0.05,0.11,0.05,0.09,0.13,0.09,0.02,0.01,0.33,0.4
NBA,2016 - 2017,Playoffs,Joe Ingles,UTA,11,333.4,25,62,15,41,6,9,16,28,2,39,41,36,22,5,71,1987-10-02,226.0,Australia,Australian Institute of Sport,,,,joe ingles,SF,202.56,203.84,94.89,208.92,266.7,10.1,,,2009,2016,2016-10-01,29.0,4716,0.07,0.19,0.04,0.12,0.02,0.03,0.05,0.08,0.01,0.12,0.12,0.11,0.07,0.01,0.21,0.34
NBA,2016 - 2017,Playoffs,Jeff Teague,IND,4,142.4,22,45,9,17,15,18,8,12,0,13,13,25,4,3,68,1988-06-10,195.0,United States,Pike High School,1.0,19.0,Atlanta Hawks,jeff teague,PG,183.52,186.69,79.47,201.93,250.19,4.5,,,2009,2016,2016-10-01,28.3,4717,0.15,0.32,0.06,0.12,0.11,0.13,0.06,0.08,0.0,0.09,0.09,0.18,0.03,0.02,0.48,0.55
NBA,2016 - 2017,Playoffs,Taurean Prince,ATL,6,187.1,29,52,4,14,5,5,7,9,7,25,32,8,2,1,67,1994-03-22,220.0,United States,Warren High School,1.0,12.0,Utah Jazz,taurean prince,SF,199.39,202.56,99.88,212.09,259.08,6.45,22.86,21.59,2016,2016,2016-10-01,22.5,4718,0.15,0.28,0.02,0.07,0.03,0.03,0.04,0.05,0.04,0.13,0.17,0.04,0.01,0.01,0.36,0.42
NBA,2016 - 2017,Playoffs,Lance Stephenson,IND,4,107.2,27,53,7,18,3,4,4,11,1,20,21,11,2,0,64,1990-09-05,230.0,United States,Abraham Lincoln High School,2.0,10.0,Indiana Pacers,lance stephenson,SG,194.31,197.48,102.97,209.55,261.62,9.3,22.86,26.04,2010,2016,2016-10-01,26.1,4719,0.25,0.49,0.07,0.17,0.03,0.04,0.04,0.1,0.01,0.19,0.2,0.1,0.02,0.0,0.6,0.63
NBA,2016 - 2017,Playoffs,J.J. Redick,LAC,7,205.7,19,50,9,26,17,20,13,17,0,12,12,6,2,0,64,1984-06-24,200.0,United States,Cave Spring High School,1.0,11.0,Orlando Magic,jj redick,SG,193.04,194.94,86.18,191.14,247.65,7.0,,,2006,2016,2016-10-01,32.3,4720,0.09,0.24,0.04,0.13,0.08,0.1,0.06,0.08,0.0,0.06,0.06,0.03,0.01,0.0,0.31,0.18
NBA,2016 - 2017,Playoffs,David Lee,SAS,15,245.2,25,48,0,1,11,17,6,20,20,37,57,11,4,5,61,1983-04-29,245.0,United States,Chaminade College Preparatory School,1.0,30.0,New York Knicks,david lee,PF,202.56,205.74,104.1,213.36,270.51,,,,2005,2016,2016-10-01,33.4,4721,0.1,0.2,0.0,0.0,0.04,0.07,0.02,0.08,0.08,0.15,0.23,0.04,0.02,0.02,0.25,0.41
NBA,2016 - 2017,Playoffs,Patrick McCaw,GSW,15,180.8,21,48,8,23,11,13,3,14,10,23,33,16,9,3,61,1995-10-25,185.0,United States,Montrose Christian School,2.0,8.0,Milwaukee Bucks,patrick mccaw,PG/SG,196.22,200.02,82.01,208.28,255.27,4.7,22.22,22.22,2016,2016,2016-10-01,20.9,4722,0.12,0.27,0.04,0.13,0.06,0.07,0.02,0.08,0.06,0.13,0.18,0.09,0.05,0.02,0.34,0.5
NBA,2016 - 2017,Playoffs,Blake Griffin,LAC,3,99.4,25,51,4,6,7,7,6,2,3,15,18,7,2,1,61,1989-03-16,250.0,United States,Oklahoma Christian School,1.0,1.0,Los Angeles Clippers,blake griffin,PF,204.47,208.28,112.67,211.46,266.7,8.2,,,2009,2016,2016-10-01,27.5,4723,0.25,0.51,0.04,0.06,0.07,0.07,0.06,0.02,0.03,0.15,0.18,0.07,0.02,0.01,0.61,0.57
NBA,2016 - 2017,Playoffs,Tony Snell,MIL,6,184.6,22,44,16,31,0,0,2,17,2,12,14,9,1,1,60,1991-11-10,213.0,United States,Martin Luther King High School,1.0,20.0,Chicago Bulls,tony snell,SF/SG,198.12,201.3,89.9,212.09,267.97,4.85,22.86,24.13,2013,2016,2016-10-01,24.9,4724,0.12,0.24,0.09,0.17,0.0,0.0,0.01,0.09,0.01,0.07,0.08,0.05,0.01,0.01,0.33,0.35
NBA,2016 - 2017,Playoffs,Andre Roberson,OKC,5,185.4,24,46,7,17,3,21,7,15,18,13,31,9,12,17,58,1991-12-04,210.0,United States,Wagner High School,1.0,26.0,Minnesota Timberwolves,andre roberson,PF/SF,198.76,200.66,93.35,210.82,265.43,7.05,22.22,24.13,2013,2016,2016-10-01,24.8,4725,0.13,0.25,0.04,0.09,0.02,0.11,0.04,0.08,0.1,0.07,0.17,0.05,0.06,0.09,0.31,0.43
NBA,2016 - 2017,Playoffs,Richard Jefferson,CLE,14,178.5,16,38,5,19,18,28,8,30,10,15,25,7,2,3,55,1980-06-21,233.0,United States,Moon Valley High School,1.0,13.0,Houston Rockets,richard jefferson,SF,201.3,,101.15,213.36,261.62,6.7,,,2001,2016,2016-10-01,36.3,4726,0.09,0.21,0.03,0.11,0.1,0.16,0.04,0.17,0.06,0.08,0.14,0.04,0.01,0.02,0.31,0.3
NBA,2016 - 2017,Playoffs,Malcolm Brogdon,MIL,6,183.2,22,55,10,21,0,0,12,12,3,23,26,21,3,2,54,1992-12-11,229.0,United States,Greater Atlanta Christian School,2.0,6.0,Milwaukee Bucks,malcolm brogdon,SG,192.4,196.85,101.15,209.55,248.92,5.4,22.86,26.04,2016,2016,2016-10-01,23.8,4727,0.12,0.3,0.05,0.11,0.0,0.0,0.07,0.07,0.02,0.13,0.14,0.11,0.02,0.01,0.29,0.32
NBA,2016 - 2017,Playoffs,Shelvin Mack,UTA,9,154.5,17,49,7,15,13,15,9,14,3,22,25,18,4,0,54,1990-04-22,203.0,United States,Bryan Station High School,2.0,4.0,Washington Wizards,shelvin mack,PG,185.42,189.23,94.8,201.93,245.11,7.1,20.96,23.5,2011,2016,2016-10-01,26.4,4728,0.11,0.32,0.05,0.1,0.08,0.1,0.06,0.09,0.02,0.14,0.16,0.12,0.03,0.0,0.35,0.37
NBA,2016 - 2017,Playoffs,Victor Oladipo,OKC,5,180.8,21,61,6,25,6,6,6,17,2,26,28,10,7,3,54,1992-05-04,210.0,United States,DeMatha Catholic High School,1.0,2.0,Orlando Magic,victor oladipo,SG,191.14,193.68,96.71,206.38,255.27,6.55,22.22,23.5,2013,2016,2016-10-01,24.4,4729,0.12,0.34,0.03,0.14,0.03,0.03,0.03,0.09,0.01,0.14,0.15,0.06,0.04,0.02,0.3,0.32
NBA,2016 - 2017,Playoffs,Luc Mbah a Moute,LAC,7,223.8,17,43,5,16,14,20,3,16,10,24,34,7,8,4,53,1986-09-09,230.0,Cameroon,Montverde Academy,2.0,7.0,Milwaukee Bucks,luc mbah a moute,SF,197.48,201.93,100.24,219.71,262.89,7.0,,,2008,2016,2016-10-01,30.1,4730,0.08,0.19,0.02,0.07,0.06,0.09,0.01,0.07,0.04,0.11,0.15,0.03,0.04,0.02,0.24,0.33
NBA,2016 - 2017,Playoffs,Jason Smith,WAS,13,156.9,19,39,3,10,10,14,10,30,10,20,30,4,2,8,51,1986-03-02,240.0,United States,Platte Valley High School,1.0,20.0,Miami Heat,jason smith,PF,210.18,212.09,105.69,210.18,269.24,7.5,,,2007,2016,2016-10-01,30.6,4731,0.12,0.25,0.02,0.06,0.06,0.09,0.06,0.19,0.06,0.13,0.19,0.03,0.01,0.05,0.33,0.39
NBA,2016 - 2017,Playoffs,James Ennis,MEM,6,158.7,16,38,6,19,12,14,7,20,8,17,25,7,5,2,50,1990-07-01,210.0,United States,Ventura High School,2.0,20.0,Atlanta Hawks,james ennis,SF,197.48,200.66,91.08,212.09,265.43,4.5,21.59,22.22,2013,2016,2016-10-01,26.3,4732,0.1,0.24,0.04,0.12,0.08,0.09,0.04,0.13,0.05,0.11,0.16,0.04,0.03,0.01,0.32,0.37
NBA,2016 - 2017,Playoffs,Taj Gibson,OKC,5,118.3,21,35,0,0,7,8,8,13,3,15,18,3,1,0,49,1985-06-24,232.0,United States,Calvary Christian High School,1.0,26.0,Chicago Bulls,taj gibson,PF,204.47,207.64,97.25,223.52,276.86,6.6,,,2009,2016,2016-10-01,31.3,4733,0.18,0.3,0.0,0.0,0.06,0.07,0.07,0.11,0.03,0.13,0.15,0.03,0.01,0.0,0.41,0.4
NBA,2016 - 2017,Playoffs,Dwight Howard,ATL,6,156.6,18,36,0,0,12,19,11,21,18,46,64,8,6,5,48,1985-12-08,265.0,United States,Southwest Atlanta Christian Academy,1.0,1.0,Orlando Magic,dwight howard,PF/C,205.74,208.92,108.86,224.79,283.21,10.5,,,2004,2016,2016-10-01,30.8,4734,0.11,0.23,0.0,0.0,0.08,0.12,0.07,0.13,0.11,0.29,0.41,0.05,0.04,0.03,0.31,0.61
NBA,2016 - 2017,Playoffs,Thaddeus Young,IND,4,140.0,21,39,1,4,5,10,6,11,22,14,36,10,8,1,48,1988-06-21,221.0,United States,Mitchell High School,1.0,12.0,Philadelphia Sixers,thaddeus young,SF,197.48,201.93,95.25,212.09,269.24,4.9,,,2007,2016,2016-10-01,28.3,4735,0.15,0.28,0.01,0.03,0.04,0.07,0.04,0.08,0.16,0.1,0.26,0.07,0.06,0.01,0.34,0.54
NBA,2016 - 2017,Playoffs,Al-Farouq Aminu,POR,4,112.8,17,37,7,17,7,11,9,9,5,21,26,4,3,4,48,1990-09-21,220.0,United States / Nigeria,Norcross High School,1.0,8.0,Los Angeles Clippers,al farouq aminu,SF,201.3,204.47,97.98,221.62,275.59,8.2,24.13,24.13,2010,2016,2016-10-01,26.0,4736,0.15,0.33,0.06,0.15,0.06,0.1,0.08,0.08,0.04,0.19,0.23,0.04,0.03,0.04,0.43,0.47
NBA,2016 - 2017,Playoffs,Jerami Grant,OKC,5,110.5,19,31,2,6,6,7,3,7,7,12,19,4,1,2,46,1994-03-12,220.0,United States,DeMatha Catholic High School,2.0,9.0,Philadelphia Sixers,jerami grant,SF,199.39,202.56,97.07,220.34,271.78,3.75,23.5,23.5,2014,2016,2016-10-01,22.6,4737,0.17,0.28,0.02,0.05,0.05,0.06,0.03,0.06,0.06,0.11,0.17,0.04,0.01,0.02,0.42,0.51
NBA,2016 - 2017,Playoffs,Dewayne Dedmon,SAS,12,96.6,14,23,0,0,17,32,8,16,21,26,47,3,2,3,45,1989-08-12,245.0,United States,Lancaster High School,,,,dewayne dedmon,C,208.28,212.09,108.32,223.52,276.86,8.35,22.86,27.94,2013,2016,2016-10-01,27.1,4738,0.14,0.24,0.0,0.0,0.18,0.33,0.08,0.17,0.22,0.27,0.49,0.03,0.02,0.03,0.47,0.71
NBA,2016 - 2017,Playoffs,JaMychal Green,MEM,6,117.8,17,36,7,16,3,3,4,21,3,17,20,2,0,0,44,1990-06-21,227.0,United States,St. Jude High School,,,,jamychal green,PF,203.2,205.74,98.61,219.08,270.51,9.8,23.5,23.5,2012,2016,2016-10-01,26.3,4739,0.14,0.31,0.06,0.14,0.03,0.03,0.03,0.18,0.03,0.14,0.17,0.02,0.0,0.0,0.37,0.36
NBA,2016 - 2017,Playoffs,Myles Turner,IND,4,133.1,19,44,0,6,5,8,6,15,6,21,27,3,7,5,43,1996-03-24,250.0,United States,Trinity High School,1.0,11.0,Indiana Pacers,myles turner,C/PF,207.64,212.09,108.23,223.52,284.48,9.3,23.5,23.5,2015,2016,2016-10-01,20.5,4740,0.14,0.33,0.0,0.05,0.04,0.06,0.05,0.11,0.05,0.16,0.2,0.02,0.05,0.04,0.32,0.37
NBA,2016 - 2017,Playoffs,DeMarre Carroll,TOR,10,154.6,15,37,7,22,5,9,5,13,4,23,27,5,8,5,42,1986-07-27,215.0,United States,John Carroll Catholic High School,1.0,27.0,Memphis Grizzlies,demarre carroll,PF/SF,198.76,202.56,93.98,208.28,266.7,6.3,,,2009,2016,2016-10-01,30.2,4741,0.1,0.24,0.05,0.14,0.03,0.06,0.03,0.08,0.03,0.15,0.17,0.03,0.05,0.03,0.27,0.35
NBA,2016 - 2017,Playoffs,Evan Turner,POR,4,124.1,12,33,5,15,12,16,7,7,3,20,23,15,7,2,41,1988-10-27,220.0,United States,St. Joseph High School,1.0,2.0,Philadelphia Sixers,evan turner,SG,197.48,200.66,96.98,203.2,262.89,8.6,22.22,24.13,2010,2016,2016-10-01,27.9,4742,0.1,0.27,0.04,0.12,0.1,0.13,0.06,0.06,0.02,0.16,0.19,0.12,0.06,0.02,0.33,0.46
NBA,2016 - 2017,Playoffs,Steven Adams,OKC,5,157.0,18,28,0,0,4,11,4,14,17,17,34,7,6,9,40,1993-07-20,265.0,New Zealand,Scots College,1.0,12.0,Oklahoma City Thunder,steven adams,C,210.18,213.36,115.44,224.79,278.13,6.65,24.13,27.94,2013,2016,2016-10-01,23.2,4743,0.11,0.18,0.0,0.0,0.03,0.07,0.03,0.09,0.11,0.11,0.22,0.04,0.04,0.06,0.25,0.47
NBA,2016 - 2017,Playoffs,Bobby Portis,CHI,6,120.8,17,33,6,13,0,0,6,10,5,31,36,7,3,3,40,1995-02-10,250.0,United States,Hall High School,1.0,22.0,Chicago Bulls,bobby portis,PF,207.01,209.55,111.67,218.44,275.59,8.9,24.13,23.5,2015,2016,2016-10-01,21.6,4744,0.14,0.27,0.05,0.11,0.0,0.0,0.05,0.08,0.04,0.26,0.3,0.06,0.02,0.02,0.33,0.55
NBA,2016 - 2017,Playoffs,Andrew Harrison,MEM,6,118.8,13,29,5,13,8,9,3,14,4,7,11,13,3,1,39,1994-10-28,210.0,United States,Fort Bend Travis High School,2.0,14.0,Phoenix Suns,andrew harrison,PG,194.31,196.85,96.71,205.74,254.0,5.9,20.96,23.5,2015,2016,2016-10-01,21.9,4745,0.11,0.24,0.04,0.11,0.07,0.08,0.03,0.12,0.03,0.06,0.09,0.11,0.03,0.01,0.33,0.4
NBA,2016 - 2017,Playoffs,Raymond Felton,LAC,7,126.9,15,32,4,9,5,5,3,10,2,8,10,10,6,0,39,1984-06-26,205.0,United States,Latta High School,1.0,5.0,Charlotte Hornets,raymond felton,PG,181.61,183.52,90.45,193.68,248.92,,,,2005,2016,2016-10-01,32.3,4746,0.12,0.25,0.03,0.07,0.04,0.04,0.02,0.08,0.02,0.06,0.08,0.08,0.05,0.0,0.31,0.37
NBA,2016 - 2017,Playoffs,Thon Maker,MIL,6,116.4,12,31,2,10,9,11,8,18,8,11,19,12,5,11,35,1997-02-25,221.0,South Sudan / Australia,Athlete Institute Prep,1.0,10.0,Milwaukee Bucks,thon maker,PF,212.72,215.26,97.98,220.98,280.67,6.05,22.22,24.13,2016,2016,2016-10-01,19.6,4747,0.1,0.27,0.02,0.09,0.08,0.09,0.07,0.15,0.07,0.09,0.16,0.1,0.04,0.09,0.3,0.44
NBA,2016 - 2017,Playoffs,Isaiah Canaan,CHI,3,95.3,13,26,5,14,4,6,5,6,0,4,4,4,3,0,35,1991-05-21,200.0,United States,Biloxi High School,2.0,4.0,Houston Rockets,isaiah canaan,PG,180.34,182.88,85.46,194.31,240.03,5.9,20.96,24.13,2013,2016,2016-10-01,25.4,4748,0.14,0.27,0.05,0.15,0.04,0.06,0.05,0.06,0.0,0.04,0.04,0.04,0.03,0.0,0.37,0.28
NBA,2016 - 2017,Playoffs,Patrick Patterson,TOR,10,184.8,10,36,8,26,6,6,6,4,1,19,20,20,7,2,34,1989-03-14,230.0,United States,Huntington High School,1.0,14.0,Houston Rockets,patrick patterson,PF,203.2,206.38,108.68,216.54,271.78,5.3,23.5,26.04,2010,2016,2016-10-01,27.6,4749,0.05,0.19,0.04,0.14,0.03,0.03,0.03,0.02,0.01,0.1,0.11,0.11,0.04,0.01,0.18,0.28
NBA,2016 - 2017,Playoffs,Tyler Zeller,BOS,11,78.2,13,25,0,0,6,8,4,7,8,11,19,8,0,2,32,1990-01-17,259.0,United States,Washington High School,1.0,17.0,Dallas Mavericks,tyler zeller,PF/C,211.46,214.63,112.22,213.36,265.43,6.4,22.86,24.76,2012,2016,2016-10-01,26.7,4750,0.17,0.32,0.0,0.0,0.08,0.1,0.05,0.09,0.1,0.14,0.24,0.1,0.0,0.03,0.41,0.56
NBA,2016 - 2017,Playoffs,Dante Exum,UTA,7,83.7,11,27,4,12,6,6,3,10,2,4,6,9,5,0,32,1995-07-13,190.0,Australia,Australian Institute of Sport,1.0,5.0,Utah Jazz,dante exum,SG,194.31,198.12,89.04,207.01,261.62,6.4,21.59,24.13,2014,2016,2016-10-01,21.2,4751,0.13,0.32,0.05,0.14,0.07,0.07,0.04,0.12,0.02,0.05,0.07,0.11,0.06,0.0,0.38,0.39
NBA,2016 - 2017,Playoffs,Maurice Harkless,POR,4,99.1,10,34,2,12,7,8,1,14,7,6,13,3,4,4,29,1993-05-11,220.0,United States / Puerto Rico,South Kent School,1.0,15.0,Philadelphia Sixers,maurice harkless,SF,201.3,205.1,93.71,213.36,260.35,5.3,23.5,26.04,2012,2016,2016-10-01,23.4,4752,0.1,0.34,0.02,0.12,0.07,0.08,0.01,0.14,0.07,0.06,0.13,0.03,0.04,0.04,0.29,0.27
NBA,2016 - 2017,Playoffs,Delon Wright,TOR,9,91.7,9,17,2,6,5,7,5,4,4,9,13,13,4,1,25,1992-04-26,183.0,United States,Leuzinger High School,1.0,20.0,Toronto Raptors,delon wright,PG,193.68,196.85,82.28,201.93,257.81,6.6,20.32,21.59,2015,2016,2016-10-01,24.4,4753,0.1,0.19,0.02,0.07,0.05,0.08,0.05,0.04,0.04,0.1,0.14,0.14,0.04,0.01,0.27,0.43
NBA,2016 - 2017,Playoffs,Doug McDermott,OKC,5,66.3,9,18,7,13,0,0,1,2,0,5,5,1,1,1,25,1992-01-03,225.0,United States,Ames High School,1.0,11.0,Denver Nuggets,doug mcdermott,SF,198.76,202.56,98.88,206.38,261.62,7.1,22.22,24.76,2014,2016,2016-10-01,24.7,4754,0.14,0.27,0.11,0.2,0.0,0.0,0.02,0.03,0.0,0.08,0.08,0.02,0.02,0.02,0.38,0.37
NBA,2016 - 2017,Playoffs,Ersan Ilyasova,ATL,6,90.4,8,23,1,5,7,9,5,7,14,17,31,2,1,0,24,1987-05-15,235.0,Turkey,,2.0,6.0,Milwaukee Bucks,ersan ilyasova,SF,202.56,205.74,94.71,216.54,278.13,,,,2005,2016,2016-10-01,29.4,4755,0.09,0.25,0.01,0.06,0.08,0.1,0.06,0.08,0.15,0.19,0.34,0.02,0.01,0.0,0.27,0.4
NBA,2016 - 2017,Playoffs,Austin Rivers,LAC,3,90.2,9,26,4,13,2,2,5,6,1,7,8,2,1,1,24,1992-08-01,200.0,United States,Winter Park High School,1.0,10.0,New Orleans Pelicans,austin rivers,SG/PG,191.77,195.58,91.99,201.3,245.11,6.2,21.59,25.4,2012,2016,2016-10-01,24.2,4756,0.1,0.29,0.04,0.14,0.02,0.02,0.06,0.07,0.01,0.08,0.09,0.02,0.01,0.01,0.27,0.15
NBA,2016 - 2017,Playoffs,Wayne Selden,MEM,6,106.1,9,26,2,11,3,4,2,8,3,6,9,7,1,1,23,1994-09-30,230.0,United States,Tilton School,,,,wayne selden,SG,193.68,197.48,105.41,209.55,256.54,7.3,22.86,23.5,2016,2016,2016-10-01,22.0,4757,0.08,0.25,0.02,0.1,0.03,0.04,0.02,0.08,0.03,0.06,0.08,0.07,0.01,0.01,0.22,0.19
NBA,2016 - 2017,Playoffs,Monta Ellis,IND,4,75.5,8,20,2,8,4,5,4,5,1,7,8,5,2,1,22,1985-10-26,185.0,United States,Lanier High School,2.0,10.0,Golden State Warriors,monta ellis,SG/PG,188.6,191.14,80.1,189.86,248.92,,,,2005,2016,2016-10-01,30.9,4758,0.11,0.26,0.03,0.11,0.05,0.07,0.05,0.07,0.01,0.09,0.11,0.07,0.03,0.01,0.29,0.29
NBA,2016 - 2017,Playoffs,Allen Crabbe,POR,4,92.0,9,24,3,13,1,3,1,9,0,13,13,2,1,0,22,1992-04-09,212.0,United States,Frederick K. C. Price III High School,2.0,1.0,Cleveland Cavaliers,allen crabbe,SG,196.22,198.76,89.54,211.46,262.89,4.65,20.96,21.59,2013,2016,2016-10-01,24.5,4759,0.1,0.26,0.03,0.14,0.01,0.03,0.01,0.1,0.0,0.14,0.14,0.02,0.01,0.0,0.24,0.22
NBA,2016 - 2017,Playoffs,Noah Vonleh,POR,4,100.2,8,18,0,0,2,5,6,11,9,20,29,8,1,4,18,1995-08-24,250.0,United States,New Hampton School,1.0,9.0,Charlotte Hornets,noah vonleh,PF,203.2,207.01,112.08,224.16,274.32,7.3,24.76,29.84,2014,2016,2016-10-01,21.1,4760,0.08,0.18,0.0,0.0,0.02,0.05,0.06,0.11,0.09,0.2,0.29,0.08,0.01,0.04,0.18,0.41
NBA,2016 - 2017,Playoffs,Mike Muscala,ATL,6,80.8,5,18,0,4,7,8,1,12,6,10,16,2,1,3,17,1991-07-01,240.0,United States,Roseville High School,2.0,14.0,Dallas Mavericks,mike muscala,C/PF,208.92,212.09,104.42,215.9,274.32,6.8,21.59,22.86,2013,2016,2016-10-01,25.3,4761,0.06,0.22,0.0,0.05,0.09,0.1,0.01,0.15,0.07,0.12,0.2,0.02,0.01,0.04,0.21,0.3
NBA,2016 - 2017,Playoffs,Matt Barnes,GSW,12,60.9,4,15,1,8,0,0,3,9,0,9,9,7,2,0,9,1980-03-09,226.0,United States,Del Campo High School,2.0,17.0,Memphis Grizzlies,matt barnes,SF,200.02,,102.51,205.74,245.11,,,,2002,2016,2016-10-01,36.6,4762,0.07,0.25,0.02,0.13,0.0,0.0,0.05,0.15,0.0,0.15,0.15,0.11,0.03,0.0,0.15,0.21
NBA,2017 - 2018,Playoffs,LeBron James,CLE,22,921.7,275,510,39,114,159,213,94,52,31,169,200,198,30,23,748,1984-12-30,250.0,United States,St. Vincent St. Mary High School,1.0,1.0,Cleveland Cavaliers,lebron james,SF/SG,201.3,,111.13,214.0,269.88,6.7,,,2003,2017,2017-10-01,32.8,5163,0.3,0.55,0.04,0.12,0.17,0.23,0.1,0.06,0.03,0.18,0.22,0.21,0.03,0.02,0.81,0.88
NBA,2017 - 2018,Playoffs,Kevin Durant,GSW,21,807.4,212,435,47,138,137,152,50,43,13,150,163,99,15,25,608,1988-09-29,240.0,United States,Montrose Christian School,1.0,2.0,Seattle SuperSonics,kevin durant,SF/PF,205.74,208.92,97.52,225.42,279.4,6.6,,,2007,2017,2017-10-01,29.0,5164,0.26,0.54,0.06,0.17,0.17,0.19,0.06,0.05,0.02,0.19,0.2,0.12,0.02,0.03,0.75,0.76
NBA,2017 - 2018,Playoffs,James Harden,HOU,17,620.6,158,385,52,174,118,133,65,46,14,75,89,116,38,11,486,1989-08-26,220.0,United States,Artesia High School,1.0,3.0,Oklahoma City Thunder,james harden,SG,193.04,196.22,100.7,210.18,262.89,10.1,,,2009,2017,2017-10-01,28.1,5165,0.25,0.62,0.08,0.28,0.19,0.21,0.1,0.07,0.02,0.12,0.14,0.19,0.06,0.02,0.78,0.7
NBA,2017 - 2018,Playoffs,Klay Thompson,GSW,21,793.8,159,342,67,157,27,31,31,48,11,75,86,38,16,6,412,1990-02-08,215.0,United States,Santa Margarita Catholic High School,1.0,11.0,Golden State Warriors,klay thompson,SG,197.48,201.3,93.26,205.74,262.89,8.0,22.22,23.5,2011,2017,2017-10-01,27.6,5166,0.2,0.43,0.08,0.2,0.03,0.04,0.04,0.06,0.01,0.09,0.11,0.05,0.02,0.01,0.52,0.43
NBA,2017 - 2018,Playoffs,Stephen Curry,GSW,15,554.9,137,304,64,162,45,47,43,38,9,82,91,81,26,11,383,1988-03-14,190.0,United States,Charlotte Christian School,1.0,7.0,Golden State Warriors,stephen curry,PG/SG,187.96,191.14,82.1,191.77,246.38,5.7,,,2009,2017,2017-10-01,29.5,5167,0.25,0.55,0.12,0.29,0.08,0.08,0.08,0.07,0.02,0.15,0.16,0.15,0.05,0.02,0.69,0.69
NBA,2017 - 2018,Playoffs,Jaylen Brown,BOS,18,583.0,124,266,44,112,32,50,23,58,16,71,87,26,14,10,324,1996-10-24,220.0,United States,Joseph Wheeler High School,1.0,3.0,Boston Celtics,jaylen brown,SG/SF,196.22,200.02,101.06,212.72,260.35,5.05,22.22,22.86,2016,2017,2017-10-01,20.9,5168,0.21,0.46,0.08,0.19,0.05,0.09,0.04,0.1,0.03,0.12,0.15,0.04,0.02,0.02,0.56,0.46
NBA,2017 - 2018,Playoffs,Chris Paul,HOU,15,516.9,118,257,37,99,44,53,28,47,9,80,89,87,30,4,317,1985-05-06,175.0,United States,West Forsyth High School,1.0,4.0,New Orleans Pelicans,chris paul,PG,182.24,185.42,80.74,193.68,236.22,,,,2005,2017,2017-10-01,32.4,5169,0.23,0.5,0.07,0.19,0.09,0.1,0.05,0.09,0.02,0.15,0.17,0.17,0.06,0.01,0.61,0.69
NBA,2017 - 2018,Playoffs,Terry Rozier,BOS,19,695.6,108,266,51,147,46,56,22,38,8,92,100,109,24,6,313,1994-03-17,190.0,United States,Hargrave Military Academy ,1.0,16.0,Boston Celtics,terry rozier,PG/SG,184.15,188.6,86.27,203.84,250.19,5.6,20.96,21.59,2015,2017,2017-10-01,23.5,5170,0.16,0.38,0.07,0.21,0.07,0.08,0.03,0.05,0.01,0.13,0.14,0.16,0.03,0.01,0.45,0.53
NBA,2017 - 2018,Playoffs,Kevin Love,CLE,21,660.5,109,278,36,106,59,64,41,58,49,166,215,34,15,8,313,1988-09-07,251.0,United States,Lake Oswego High School,1.0,5.0,Memphis Grizzlies,kevin love,PF,202.56,207.01,115.67,211.46,269.24,12.9,,,2008,2017,2017-10-01,29.1,5171,0.17,0.42,0.05,0.16,0.09,0.1,0.06,0.09,0.07,0.25,0.33,0.05,0.02,0.01,0.47,0.56
NBA,2017 - 2018,Playoffs,Al Horford,BOS,19,678.9,111,204,15,43,62,75,32,39,32,125,157,63,19,22,299,1986-06-03,245.0,Dominican Republic / United States,Grand Ledge High School,1.0,3.0,Atlanta Hawks,al horford,PF,203.2,207.64,111.58,215.26,271.78,9.1,,,2007,2017,2017-10-01,31.3,5172,0.16,0.3,0.02,0.06,0.09,0.11,0.05,0.06,0.05,0.18,0.23,0.09,0.03,0.03,0.44,0.61
NBA,2017 - 2018,Playoffs,Anthony Davis,NOP,9,358.1,106,204,6,22,53,64,23,30,24,97,121,15,18,21,271,1993-03-11,253.0,United States,Perspectives Charter Academy,1.0,1.0,New Orleans Pelicans,anthony davis,PF/C,206.38,209.55,100.61,227.33,274.32,7.9,22.86,21.59,2012,2017,2017-10-01,24.6,5173,0.3,0.57,0.02,0.06,0.15,0.18,0.06,0.08,0.07,0.27,0.34,0.04,0.05,0.06,0.76,0.89
NBA,2017 - 2018,Playoffs,Donovan Mitchell,UTA,11,411.3,102,243,25,80,39,43,32,35,9,56,65,46,16,4,268,1996-09-07,215.0,United States,Brewster Academy,1.0,13.0,Denver Nuggets,donovan mitchell,SG,186.06,190.5,95.89,208.28,246.38,5.9,21.59,24.13,2017,2017,2017-10-01,21.1,5174,0.25,0.59,0.06,0.19,0.09,0.1,0.08,0.09,0.02,0.14,0.16,0.11,0.04,0.01,0.65,0.54
NBA,2017 - 2018,Playoffs,Eric Gordon,HOU,17,549.0,84,221,43,130,51,61,24,29,9,36,45,28,10,8,262,1988-12-25,215.0,United States,North Central High School,1.0,7.0,Los Angeles Clippers,eric gordon,SG,187.96,191.14,100.7,205.74,251.46,8.2,,,2008,2017,2017-10-01,28.8,5175,0.15,0.4,0.08,0.24,0.09,0.11,0.04,0.05,0.02,0.07,0.08,0.05,0.02,0.01,0.48,0.33
NBA,2017 - 2018,Playoffs,Marcus Morris,BOS,19,562.0,82,223,30,72,42,59,19,60,20,83,103,21,7,5,236,1989-09-02,235.0,United States,APEX Academy,1.0,14.0,Houston Rockets,marcus morris,PF/SF,200.66,205.1,104.14,208.28,267.97,8.0,20.96,21.59,2011,2017,2017-10-01,28.1,5176,0.15,0.4,0.05,0.13,0.07,0.1,0.03,0.11,0.04,0.15,0.18,0.04,0.01,0.01,0.42,0.35
NBA,2017 - 2018,Playoffs,DeMar DeRozan,TOR,10,354.4,87,199,10,35,43,53,23,24,6,30,36,40,5,6,227,1989-08-07,220.0,United States,Compton High School,1.0,9.0,Toronto Raptors,demar derozan,SG/SF,196.85,199.39,95.8,205.74,260.35,4.9,,,2009,2017,2017-10-01,28.2,5177,0.25,0.56,0.03,0.1,0.12,0.15,0.06,0.07,0.02,0.08,0.1,0.11,0.01,0.02,0.64,0.48
NBA,2017 - 2018,Playoffs,Draymond Green,GSW,21,818.5,83,192,21,79,39,49,63,75,42,180,222,171,41,31,226,1990-03-04,230.0,United States,Saginaw High School,2.0,5.0,Golden State Warriors,draymond green,PF/SF,197.48,201.93,106.87,216.54,266.7,11.3,22.86,24.13,2012,2017,2017-10-01,27.6,5178,0.1,0.23,0.03,0.1,0.05,0.06,0.08,0.09,0.05,0.22,0.27,0.21,0.05,0.04,0.28,0.63
NBA,2017 - 2018,Playoffs,Jrue Holiday,NOP,9,348.5,88,170,16,50,21,30,23,22,9,42,51,57,10,5,213,1990-06-12,205.0,United States,Campbell Hall School,1.0,17.0,Philadelphia Sixers,jrue holiday,PG/SG,191.14,193.68,90.26,200.66,255.27,6.3,,,2009,2017,2017-10-01,27.3,5179,0.25,0.49,0.05,0.14,0.06,0.09,0.07,0.06,0.03,0.12,0.15,0.16,0.03,0.01,0.61,0.62
NBA,2017 - 2018,Playoffs,J.R. Smith,CLE,22,705.6,65,187,44,120,17,22,19,54,10,50,60,25,21,4,191,1985-09-09,225.0,United States,Saint Benedict's Preparatory School,1.0,18.0,New Orleans Pelicans,jr smith,SG/SF,196.85,200.02,102.97,208.28,264.16,6.7,,,2004,2017,2017-10-01,32.1,5180,0.09,0.27,0.06,0.17,0.02,0.03,0.03,0.08,0.01,0.07,0.09,0.04,0.03,0.01,0.27,0.22
NBA,2017 - 2018,Playoffs,Kyle Korver,CLE,22,505.4,59,141,45,109,19,22,14,44,6,46,52,19,9,9,182,1981-03-17,212.0,United States,Pella High School,2.0,22.0,New Jersey Nets,kyle korver,SF,198.76,,95.71,207.01,260.35,6.7,,,2003,2017,2017-10-01,36.5,5181,0.12,0.28,0.09,0.22,0.04,0.04,0.03,0.09,0.01,0.09,0.1,0.04,0.02,0.02,0.36,0.35
NBA,2017 - 2018,Playoffs,J.J. Redick,PHI,10,342.4,60,135,26,75,36,42,11,21,3,12,15,26,8,1,182,1984-06-24,200.0,United States,Cave Spring High School,1.0,11.0,Orlando Magic,jj redick,SG,193.04,194.94,86.18,191.14,247.65,7.0,,,2006,2017,2017-10-01,33.3,5182,0.18,0.39,0.08,0.22,0.11,0.12,0.03,0.06,0.01,0.04,0.04,0.08,0.02,0.0,0.53,0.42
NBA,2017 - 2018,Playoffs,Russell Westbrook,OKC,6,235.5,64,161,15,42,33,40,31,21,11,61,72,45,9,0,176,1988-11-12,200.0,United States,Leuzinger High School,1.0,4.0,Seattle SuperSonics,russell westbrook,PG,188.6,191.77,87.09,202.56,254.0,4.8,,,2008,2017,2017-10-01,28.9,5183,0.27,0.68,0.06,0.18,0.14,0.17,0.13,0.09,0.05,0.26,0.31,0.19,0.04,0.0,0.75,0.72
NBA,2017 - 2018,Playoffs,George Hill,CLE,19,556.9,59,131,16,51,41,53,22,52,13,28,41,42,10,8,175,1986-05-04,188.0,United States,Broad Ripple High School,1.0,26.0,San Antonio Spurs,george hill,PG,186.06,189.23,82.1,205.74,247.65,3.0,,,2008,2017,2017-10-01,31.4,5184,0.11,0.24,0.03,0.09,0.07,0.1,0.04,0.09,0.02,0.05,0.07,0.08,0.02,0.01,0.31,0.29
NBA,2017 - 2018,Playoffs,Khris Middleton,MIL,7,275.4,67,112,25,41,14,19,16,30,1,35,36,22,6,5,173,1991-08-12,222.0,United States,Porter-Gaud High School,2.0,9.0,Detroit Pistons,khris middleton,SF,200.02,203.84,98.07,210.18,261.62,7.8,22.86,22.86,2012,2017,2017-10-01,26.1,5185,0.24,0.41,0.09,0.15,0.05,0.07,0.06,0.11,0.0,0.13,0.13,0.08,0.02,0.02,0.63,0.63
NBA,2017 - 2018,Playoffs,Jeff Green,CLE,22,523.4,58,142,21,70,33,46,17,36,7,46,53,32,7,15,170,1986-08-28,235.0,United States,Northwestern High School,1.0,5.0,Boston Celtics,jeff green,SF,200.66,207.01,103.42,216.54,261.62,3.7,,,2007,2017,2017-10-01,31.1,5186,0.11,0.27,0.04,0.13,0.06,0.09,0.03,0.07,0.01,0.09,0.1,0.06,0.01,0.03,0.32,0.3
NBA,2017 - 2018,Playoffs,Joe Ingles,UTA,11,382.5,57,121,35,77,11,17,26,29,5,43,48,37,6,2,160,1987-10-02,226.0,Australia,Australian Institute of Sport,,,,joe ingles,SF,202.56,203.84,94.89,208.92,266.7,10.1,,,2009,2017,2017-10-01,30.0,5187,0.15,0.32,0.09,0.2,0.03,0.04,0.07,0.08,0.01,0.11,0.13,0.1,0.02,0.01,0.42,0.43
NBA,2017 - 2018,Playoffs,Victor Oladipo,IND,7,260.8,53,127,23,57,30,41,24,11,3,55,58,42,17,3,159,1992-05-04,210.0,United States,DeMatha Catholic High School,1.0,2.0,Orlando Magic,victor oladipo,SG,191.14,193.68,96.71,206.38,255.27,6.55,22.22,23.5,2013,2017,2017-10-01,25.4,5188,0.2,0.49,0.09,0.22,0.12,0.16,0.09,0.04,0.01,0.21,0.22,0.16,0.07,0.01,0.61,0.65
NBA,2017 - 2018,Playoffs,John Wall,WAS,6,234.4,56,127,4,21,40,47,27,16,3,31,34,69,14,8,156,1990-09-06,210.0,United States,Word of God Christian Academy,1.0,1.0,Washington Wizards,john wall,PG,189.86,193.04,88.72,206.38,257.81,5.6,20.96,24.13,2010,2017,2017-10-01,27.1,5189,0.24,0.54,0.02,0.09,0.17,0.2,0.12,0.07,0.01,0.13,0.15,0.29,0.06,0.03,0.67,0.75
NBA,2017 - 2018,Playoffs,Trevor Ariza,HOU,17,581.8,50,139,26,91,23,31,10,44,9,56,65,22,19,2,149,1985-06-30,215.0,United States,Westchester High School,2.0,14.0,New York Knicks,trevor ariza,SG/SF,200.66,203.84,91.17,218.44,273.05,8.0,,,2004,2017,2017-10-01,32.3,5190,0.09,0.24,0.04,0.16,0.04,0.05,0.02,0.08,0.02,0.1,0.11,0.04,0.03,0.0,0.26,0.26
NBA,2017 - 2018,Playoffs,Paul George,OKC,6,251.2,49,120,19,52,31,36,24,17,4,32,36,16,8,4,148,1990-05-02,220.0,United States,Pete Knight High School,1.0,10.0,Indiana Pacers,paul george,SF,202.56,205.1,97.25,211.46,271.78,5.0,21.59,22.86,2010,2017,2017-10-01,27.4,5191,0.2,0.48,0.08,0.21,0.12,0.14,0.1,0.07,0.02,0.13,0.14,0.06,0.03,0.02,0.59,0.44
NBA,2017 - 2018,Playoffs,Marcus Smart,BOS,15,449.2,48,143,15,68,36,49,36,44,14,42,56,80,26,10,147,1994-03-06,220.0,United States,Marcus High School,1.0,6.0,Boston Celtics,marcus smart,PG,187.96,191.14,103.06,206.38,251.46,10.55,22.86,22.22,2014,2017,2017-10-01,23.6,5192,0.11,0.32,0.03,0.15,0.08,0.11,0.08,0.1,0.03,0.09,0.12,0.18,0.06,0.02,0.33,0.39
NBA,2017 - 2018,Playoffs,Rudy Gobert,UTA,11,383.2,55,84,0,0,35,58,21,34,43,75,118,11,10,25,145,1992-06-26,245.0,France,,1.0,27.0,Denver Nuggets,rudy gobert,C,214.63,218.44,107.77,234.95,292.1,4.4,24.76,25.4,2013,2017,2017-10-01,25.3,5193,0.14,0.22,0.0,0.0,0.09,0.15,0.05,0.09,0.11,0.2,0.31,0.03,0.03,0.07,0.38,0.63
NBA,2017 - 2018,Playoffs,Shaun Livingston,GSW,21,362.1,59,110,0,1,22,25,16,33,11,36,47,31,7,1,140,1985-09-11,192.0,United States,Peoria Central High School ,1.0,4.0,Los Angeles Clippers,shaun livingston,PG/SG,198.76,201.93,84.37,210.82,267.97,6.7,,,2004,2017,2017-10-01,32.1,5194,0.16,0.3,0.0,0.0,0.06,0.07,0.04,0.09,0.03,0.1,0.13,0.09,0.02,0.0,0.39,0.44
NBA,2017 - 2018,Playoffs,Bradley Beal,WAS,6,215.6,49,108,21,45,20,23,15,19,2,18,20,17,7,2,139,1993-06-28,207.0,United States,Chaminade College Preparatory School,1.0,3.0,Washington Wizards,bradley beal,SG,191.14,194.94,91.53,203.2,254.0,6.0,21.59,22.86,2012,2017,2017-10-01,24.3,5195,0.23,0.5,0.1,0.21,0.09,0.11,0.07,0.09,0.01,0.08,0.09,0.08,0.03,0.01,0.64,0.49
NBA,2017 - 2018,Playoffs,Andre Iguodala,GSW,15,401.4,42,85,14,37,24,34,14,29,11,57,68,41,21,7,122,1984-01-28,215.0,United States,Lanphier High School,1.0,9.0,Philadelphia Sixers,andre iguodala,SG/SF,197.48,200.02,98.43,210.82,267.97,6.7,,,2004,2017,2017-10-01,33.7,5196,0.1,0.21,0.03,0.09,0.06,0.08,0.03,0.07,0.03,0.14,0.17,0.1,0.05,0.02,0.3,0.48
NBA,2017 - 2018,Playoffs,Tristan Thompson,CLE,19,415.6,49,83,0,1,20,27,11,26,44,68,112,11,2,8,118,1991-03-13,238.0,Canada,Findlay College Prep,1.0,4.0,Cleveland Cavaliers,tristan thompson,PF,201.93,205.1,103.15,216.54,275.59,6.2,22.22,23.5,2011,2017,2017-10-01,26.6,5197,0.12,0.2,0.0,0.0,0.05,0.06,0.03,0.06,0.11,0.16,0.27,0.03,0.0,0.02,0.28,0.48
NBA,2017 - 2018,Playoffs,LaMarcus Aldridge,SAS,5,176.5,37,80,3,5,41,42,9,9,13,33,46,12,3,2,118,1985-07-19,265.0,United States,Seagoville High School,1.0,2.0,Chicago Bulls,lamarcus aldridge,PF/C,208.28,211.46,106.14,225.42,279.4,8.7,,,2006,2017,2017-10-01,32.2,5198,0.21,0.45,0.02,0.03,0.23,0.24,0.05,0.05,0.07,0.19,0.26,0.07,0.02,0.01,0.67,0.73
NBA,2017 - 2018,Playoffs,Jae Crowder,UTA,11,323.2,35,108,22,66,18,28,14,25,4,52,56,19,15,2,110,1990-07-06,235.0,United States,Villa Rica High School,2.0,4.0,Cleveland Cavaliers,jae crowder,SF,194.94,199.39,109.41,206.38,252.73,9.0,24.13,26.67,2012,2017,2017-10-01,27.2,5199,0.11,0.33,0.07,0.2,0.06,0.09,0.04,0.08,0.01,0.16,0.17,0.06,0.05,0.01,0.34,0.34
NBA,2017 - 2018,Playoffs,Gerald Green,HOU,17,271.9,37,94,27,72,6,7,10,27,6,44,50,1,4,7,107,1986-01-26,205.0,United States,Gulf Shores Academy,1.0,18.0,Boston Celtics,gerald green,SF,198.12,201.3,87.09,207.64,264.16,,,,2005,2017,2017-10-01,31.7,5200,0.14,0.35,0.1,0.26,0.02,0.03,0.04,0.1,0.02,0.16,0.18,0.0,0.01,0.03,0.39,0.35
NBA,2017 - 2018,Playoffs,Derrick Favors,UTA,11,286.4,42,68,2,5,16,33,10,17,20,37,57,13,8,11,102,1991-07-15,265.0,United States,South Atlanta High School ,1.0,3.0,New Jersey Nets,derrick favors,PF,205.1,208.92,111.22,223.52,279.4,6.5,22.22,23.5,2010,2017,2017-10-01,26.2,5201,0.15,0.24,0.01,0.02,0.06,0.12,0.03,0.06,0.07,0.13,0.2,0.05,0.03,0.04,0.36,0.5
NBA,2017 - 2018,Playoffs,E'Twaun Moore,NOP,9,284.2,41,88,9,25,11,16,11,20,6,17,23,15,6,1,102,1989-02-25,191.0,United States,East Chicago Central High School,2.0,25.0,Boston Celtics,etwaun moore,SG,189.23,193.04,86.82,207.01,252.73,7.6,22.86,25.4,2011,2017,2017-10-01,28.6,5202,0.14,0.31,0.03,0.09,0.04,0.06,0.04,0.07,0.02,0.06,0.08,0.05,0.02,0.0,0.36,0.28
NBA,2017 - 2018,Playoffs,C.J. McCollum,POR,4,155.5,40,77,11,26,10,13,9,11,0,8,8,14,5,1,101,1991-09-19,190.0,United States,Glen Oak High School,1.0,10.0,Portland Trail Blazers,cj mccollum,PG/SG,188.6,191.14,89.36,198.76,245.11,8.6,20.32,24.13,2013,2017,2017-10-01,26.0,5203,0.26,0.5,0.07,0.17,0.06,0.08,0.06,0.07,0.0,0.05,0.05,0.09,0.03,0.01,0.65,0.51
NBA,2017 - 2018,Playoffs,Eric Bledsoe,MIL,7,224.9,37,84,7,22,14,20,15,19,3,22,25,26,7,6,95,1989-12-09,205.0,United States,Parker High School,1.0,18.0,Oklahoma City Thunder,eric bledsoe,PG,183.52,186.69,86.91,201.93,248.92,5.6,21.59,24.76,2010,2017,2017-10-01,27.8,5204,0.16,0.37,0.03,0.1,0.06,0.09,0.07,0.08,0.01,0.1,0.11,0.12,0.03,0.03,0.42,0.4
NBA,2017 - 2018,Playoffs,Ersan Ilyasova,PHI,10,233.1,36,84,9,31,12,21,10,25,26,50,76,13,7,4,93,1987-05-15,235.0,Turkey,,2.0,6.0,Milwaukee Bucks,ersan ilyasova,SF,202.56,205.74,94.71,216.54,278.13,,,,2005,2017,2017-10-01,30.4,5205,0.15,0.36,0.04,0.13,0.05,0.09,0.04,0.11,0.11,0.21,0.33,0.06,0.03,0.02,0.4,0.55
NBA,2017 - 2018,Playoffs,Rodney Hood,CLE,17,259.6,39,92,4,24,9,12,13,30,7,24,31,18,5,4,91,1992-10-20,205.0,United States,Meridian High School,1.0,23.0,Utah Jazz,rodney hood,SF,201.3,204.47,94.44,204.47,261.62,7.45,21.59,21.59,2014,2017,2017-10-01,24.9,5206,0.15,0.35,0.02,0.09,0.03,0.05,0.05,0.12,0.03,0.09,0.12,0.07,0.02,0.02,0.35,0.31
NBA,2017 - 2018,Playoffs,Jordan Clarkson,CLE,19,285.5,37,123,11,46,5,6,13,21,9,23,32,13,8,3,90,1992-06-07,194.0,United States,Wagner High School,2.0,16.0,Washington Wizards,jordan clarkson,PG,191.14,195.58,84.5,203.2,248.92,4.3,20.96,22.86,2014,2017,2017-10-01,25.3,5207,0.13,0.43,0.04,0.16,0.02,0.02,0.05,0.07,0.03,0.08,0.11,0.05,0.03,0.01,0.32,0.17
NBA,2017 - 2018,Playoffs,Myles Turner,IND,7,195.9,33,54,6,13,15,19,11,25,6,30,36,4,2,4,87,1996-03-24,250.0,United States,Trinity High School,1.0,11.0,Indiana Pacers,myles turner,C/PF,207.64,212.09,108.23,223.52,284.48,9.3,23.5,23.5,2015,2017,2017-10-01,21.5,5208,0.17,0.28,0.03,0.07,0.08,0.1,0.06,0.13,0.03,0.15,0.18,0.02,0.01,0.02,0.44,0.48
NBA,2017 - 2018,Playoffs,Kevon Looney,GSW,21,387.1,39,72,0,2,8,21,8,50,42,47,89,19,14,8,86,1996-02-06,220.0,United States,Alexander Hamilton High School,1.0,30.0,Golden State Warriors,kevon looney,PF,203.2,206.38,100.88,222.25,279.4,11.9,24.13,23.5,2015,2017,2017-10-01,21.7,5209,0.1,0.19,0.0,0.01,0.02,0.05,0.02,0.13,0.11,0.12,0.23,0.05,0.04,0.02,0.22,0.42
NBA,2017 - 2018,Playoffs,Delon Wright,TOR,10,214.9,31,68,9,21,15,16,9,10,3,19,22,23,15,9,86,1992-04-26,183.0,United States,Leuzinger High School,1.0,20.0,Toronto Raptors,delon wright,PG,193.68,196.85,82.28,201.93,257.81,6.6,20.32,21.59,2015,2017,2017-10-01,25.4,5210,0.14,0.32,0.04,0.1,0.07,0.07,0.04,0.05,0.01,0.09,0.1,0.11,0.07,0.04,0.4,0.5
NBA,2017 - 2018,Playoffs,JaVale McGee,GSW,13,158.2,39,58,0,1,6,9,5,20,16,26,42,4,3,11,84,1988-01-19,270.0,United States,Hales Franciscan,1.0,18.0,Washington Wizards,javale mcgee,C/PF,210.82,213.36,109.32,228.6,290.83,5.3,,,2008,2017,2017-10-01,29.7,5211,0.25,0.37,0.0,0.01,0.04,0.06,0.03,0.13,0.1,0.16,0.27,0.03,0.02,0.07,0.53,0.75
NBA,2017 - 2018,Playoffs,Dwyane Wade,MIA,5,127.4,31,70,0,4,21,26,11,11,3,18,21,18,7,1,83,1982-01-17,220.0,United States,Harold L. Richards High School,1.0,5.0,Miami Heat,dwyane wade,SG/SF,192.4,,96.16,210.18,259.08,6.7,,,2003,2017,2017-10-01,35.7,5212,0.24,0.55,0.0,0.03,0.16,0.2,0.09,0.09,0.02,0.14,0.16,0.14,0.05,0.01,0.65,0.57
NBA,2017 - 2018,Playoffs,Alec Burks,UTA,9,120.4,30,64,9,20,13,15,8,9,2,22,24,17,4,1,82,1991-07-20,214.0,United States,Grandview High School,1.0,12.0,Utah Jazz,alec burks,SG,195.58,198.12,87.36,208.28,262.89,5.1,22.86,20.96,2011,2017,2017-10-01,26.2,5213,0.25,0.53,0.07,0.17,0.11,0.12,0.07,0.07,0.02,0.18,0.2,0.14,0.03,0.01,0.68,0.7
NBA,2017 - 2018,Playoffs,Robert Covington,PHI,10,281.1,27,83,15,48,12,16,11,30,12,41,53,25,11,9,81,1990-12-14,225.0,United States,Proviso West High School,,,,robert covington,SF/PF,198.76,201.93,94.62,217.8,269.24,4.7,22.86,21.59,2013,2017,2017-10-01,26.8,5214,0.1,0.3,0.05,0.17,0.04,0.06,0.04,0.11,0.04,0.15,0.19,0.09,0.04,0.03,0.29,0.38
NBA,2017 - 2018,Playoffs,Quinn Cook,GSW,17,174.8,30,67,7,31,14,17,5,13,2,21,23,11,4,2,81,1993-03-23,179.0,United States,Oak Hill Academy,,,,quinn cook,PG,183.52,187.96,81.19,193.04,245.11,6.7,19.05,22.22,2015,2017,2017-10-01,24.5,5215,0.17,0.38,0.04,0.18,0.08,0.1,0.03,0.07,0.01,0.12,0.13,0.06,0.02,0.01,0.46,0.42
NBA,2017 - 2018,Playoffs,Thaddeus Young,IND,7,236.8,36,60,2,7,5,13,7,22,22,32,54,10,12,6,79,1988-06-21,221.0,United States,Mitchell High School,1.0,12.0,Philadelphia Sixers,thaddeus young,SF,197.48,201.93,95.25,212.09,269.24,4.9,,,2007,2017,2017-10-01,29.3,5216,0.15,0.25,0.01,0.03,0.02,0.05,0.03,0.09,0.09,0.14,0.23,0.04,0.05,0.03,0.33,0.52
NBA,2017 - 2018,Playoffs,Darren Collison,IND,7,213.9,31,68,8,23,9,12,9,7,1,20,21,33,7,0,79,1987-08-23,175.0,United States,Etiwanda High School,1.0,21.0,New Orleans Pelicans,darren collison,PG,183.52,186.69,75.39,190.5,245.11,5.7,,,2009,2017,2017-10-01,30.1,5217,0.14,0.32,0.04,0.11,0.04,0.06,0.04,0.03,0.0,0.09,0.1,0.15,0.03,0.0,0.37,0.41
NBA,2017 - 2018,Playoffs,Jimmy Butler,MIN,5,170.4,28,63,8,17,15,18,5,9,3,27,30,20,4,1,79,1989-09-14,232.0,United States,Tomball High School,1.0,30.0,Chicago Bulls,jimmy butler,SF,198.12,202.56,100.79,201.93,257.81,5.4,22.86,22.86,2011,2017,2017-10-01,28.0,5218,0.16,0.37,0.05,0.1,0.09,0.11,0.03,0.05,0.02,0.16,0.18,0.12,0.02,0.01,0.46,0.53
NBA,2017 - 2018,Playoffs,Damian Lillard,POR,4,162.5,25,71,9,30,15,17,16,8,3,15,18,19,5,0,74,1990-07-15,195.0,United States,Oakland High School,1.0,6.0,Portland Trail Blazers,damian lillard,PG,187.32,189.86,85.64,202.56,242.57,5.9,22.22,24.76,2012,2017,2017-10-01,27.2,5219,0.15,0.44,0.06,0.18,0.09,0.1,0.1,0.05,0.02,0.09,0.11,0.12,0.03,0.0,0.46,0.32
NBA,2017 - 2018,Playoffs,Lance Stephenson,IND,7,149.4,30,65,8,26,5,9,9,20,3,16,19,20,2,1,73,1990-09-05,230.0,United States,Abraham Lincoln High School,2.0,10.0,Indiana Pacers,lance stephenson,SG,194.31,197.48,102.97,209.55,261.62,9.3,22.86,26.04,2010,2017,2017-10-01,27.1,5220,0.2,0.44,0.05,0.17,0.03,0.06,0.06,0.13,0.02,0.11,0.13,0.13,0.01,0.01,0.49,0.44
NBA,2017 - 2018,Playoffs,Carmelo Anthony,OKC,6,193.7,27,72,6,28,11,15,6,14,3,31,34,2,10,4,71,1984-05-29,240.0,United States,Oak Hill Academy,1.0,3.0,Denver Nuggets,carmelo anthony,SF,198.76,,105.69,213.36,267.97,8.0,,,2003,2017,2017-10-01,33.3,5221,0.14,0.37,0.03,0.14,0.06,0.08,0.03,0.07,0.02,0.16,0.18,0.01,0.05,0.02,0.37,0.35
NBA,2017 - 2018,Playoffs,Derrick Rose,MIN,5,118.8,29,57,7,10,6,7,8,9,1,8,9,13,2,0,71,1988-10-04,200.0,United States,Simeon Career Academy ,1.0,1.0,Chicago Bulls,derrick rose,PG,186.69,189.23,88.9,203.2,250.19,4.6,,,2008,2017,2017-10-01,29.0,5222,0.24,0.48,0.06,0.08,0.05,0.06,0.07,0.08,0.01,0.07,0.08,0.11,0.02,0.0,0.6,0.49
NBA,2017 - 2018,Playoffs,Al-Farouq Aminu,POR,4,130.9,27,52,13,30,2,2,6,8,12,24,36,5,4,2,69,1990-09-21,220.0,United States / Nigeria,Norcross High School,1.0,8.0,Los Angeles Clippers,al farouq aminu,SF,201.3,204.47,97.98,221.62,275.59,8.2,24.13,24.13,2010,2017,2017-10-01,27.0,5223,0.21,0.4,0.1,0.23,0.02,0.02,0.05,0.06,0.09,0.18,0.28,0.04,0.03,0.02,0.53,0.66
NBA,2017 - 2018,Playoffs,Patty Mills,SAS,5,164.9,25,57,13,35,4,5,9,15,2,8,10,13,3,1,67,1988-08-11,180.0,Australia,Australian Institute of Sport,2.0,25.0,Portland Trail Blazers,patty mills,PG,180.98,184.15,79.56,187.96,241.3,6.9,,,2009,2017,2017-10-01,29.1,5224,0.15,0.35,0.08,0.21,0.02,0.03,0.05,0.09,0.01,0.05,0.06,0.08,0.02,0.01,0.41,0.32
NBA,2017 - 2018,Playoffs,Pascal Siakam,TOR,10,178.5,25,41,3,4,13,20,7,27,9,27,36,8,1,6,66,1994-04-02,230.0,Cameroon,God's Academy,1.0,27.0,Toronto Raptors,pascal siakam,PF,203.84,207.01,102.78,221.62,273.05,5.2,23.5,25.4,2016,2017,2017-10-01,23.5,5225,0.14,0.23,0.02,0.02,0.07,0.11,0.04,0.15,0.05,0.15,0.2,0.04,0.01,0.03,0.37,0.48
NBA,2017 - 2018,Playoffs,Mike Scott,WAS,6,126.1,26,41,7,11,6,6,5,10,6,15,21,4,2,1,65,1988-07-16,237.0,United States,Hargrave Military Academy ,2.0,13.0,Atlanta Hawks,mike scott,PF,201.3,205.1,109.23,210.18,264.16,10.6,21.59,22.86,2012,2017,2017-10-01,29.2,5226,0.21,0.33,0.06,0.09,0.05,0.05,0.04,0.08,0.05,0.12,0.17,0.03,0.02,0.01,0.52,0.59
NBA,2017 - 2018,Playoffs,Jeff Teague,MIN,5,153.1,23,51,7,18,12,17,14,19,3,15,18,29,3,2,65,1988-06-10,195.0,United States,Pike High School,1.0,19.0,Atlanta Hawks,jeff teague,PG,183.52,186.69,79.47,201.93,250.19,4.5,,,2009,2017,2017-10-01,29.3,5227,0.15,0.33,0.05,0.12,0.08,0.11,0.09,0.12,0.02,0.1,0.12,0.19,0.02,0.01,0.42,0.46
NBA,2017 - 2018,Playoffs,Kelly Olynyk,MIA,5,146.2,21,44,8,19,14,20,8,19,7,16,23,19,7,6,64,1991-04-19,240.0,Canada,Kamloops High School,1.0,13.0,Dallas Mavericks,kelly olynyk,PF/C,210.18,213.36,106.14,207.64,274.32,6.65,21.59,25.4,2013,2017,2017-10-01,26.5,5228,0.14,0.3,0.05,0.13,0.1,0.14,0.05,0.13,0.05,0.11,0.16,0.13,0.05,0.04,0.44,0.57
NBA,2017 - 2018,Playoffs,Steven Adams,OKC,6,200.3,27,46,0,0,9,13,4,15,19,26,45,9,4,4,63,1993-07-20,265.0,New Zealand,Scots College,1.0,12.0,Oklahoma City Thunder,steven adams,C,210.18,213.36,115.44,224.79,278.13,6.65,24.13,27.94,2013,2017,2017-10-01,24.2,5229,0.13,0.23,0.0,0.0,0.04,0.06,0.02,0.07,0.09,0.13,0.22,0.04,0.02,0.02,0.31,0.47
NBA,2017 - 2018,Playoffs,James Johnson,MIA,5,160.5,23,42,7,13,9,14,10,17,3,27,30,24,6,6,62,1987-02-20,240.0,United States,Cheyenne East High School,1.0,16.0,Chicago Bulls,james johnson,SF/PF,200.66,202.56,116.66,215.26,267.97,12.0,,,2009,2017,2017-10-01,30.6,5230,0.14,0.26,0.04,0.08,0.06,0.09,0.06,0.11,0.02,0.17,0.19,0.15,0.04,0.04,0.39,0.6
NBA,2017 - 2018,Playoffs,Rudy Gay,SAS,5,159.6,26,65,4,18,5,9,6,16,9,19,28,11,8,1,61,1986-08-17,240.0,United States,Archbishop Spalding High School,1.0,8.0,Houston Rockets,rudy gay,SF/PF,200.66,203.2,100.7,220.98,273.05,5.7,,,2006,2017,2017-10-01,31.1,5231,0.16,0.41,0.03,0.11,0.03,0.06,0.04,0.1,0.06,0.12,0.18,0.07,0.05,0.01,0.38,0.37
NBA,2017 - 2018,Playoffs,Malcolm Brogdon,MIL,7,186.3,24,55,5,19,8,10,12,14,3,21,24,17,1,0,61,1992-12-11,229.0,United States,Greater Atlanta Christian School,2.0,6.0,Milwaukee Bucks,malcolm brogdon,SG,192.4,196.85,101.15,209.55,248.92,5.4,22.86,26.04,2016,2017,2017-10-01,24.8,5232,0.13,0.3,0.03,0.1,0.04,0.05,0.06,0.08,0.02,0.11,0.13,0.09,0.01,0.0,0.33,0.32
NBA,2017 - 2018,Playoffs,David West,GSW,18,174.6,27,45,1,2,4,4,10,23,11,26,37,32,6,10,59,1980-08-29,250.0,United States,Garner Magnet High School,1.0,18.0,New Orleans Pelicans,david west,PF/SF,203.84,,102.51,224.16,274.96,8.0,,,2003,2017,2017-10-01,37.1,5233,0.15,0.26,0.01,0.01,0.02,0.02,0.06,0.13,0.06,0.15,0.21,0.18,0.03,0.06,0.34,0.65
NBA,2017 - 2018,Playoffs,Markieff Morris,WAS,6,181.3,24,49,2,12,9,10,6,22,14,31,45,10,4,5,59,1989-09-02,245.0,United States,APEX Academy,1.0,13.0,Phoenix Suns,markieff morris,PF,202.56,206.38,109.23,210.18,270.51,10.2,21.59,20.96,2011,2017,2017-10-01,28.1,5234,0.13,0.27,0.01,0.07,0.05,0.06,0.03,0.12,0.08,0.17,0.25,0.06,0.02,0.03,0.33,0.51
NBA,2017 - 2018,Playoffs,Jamal Crawford,MIN,5,123.0,21,47,7,17,10,13,5,6,1,12,13,12,5,0,59,1980-03-20,195.0,United States,Rainier Beach High School,1.0,8.0,Cleveland Cavaliers,jamal crawford,PG/SG,194.31,,79.38,208.28,260.35,,,,2000,2017,2017-10-01,37.5,5235,0.17,0.38,0.06,0.14,0.08,0.11,0.04,0.05,0.01,0.1,0.11,0.1,0.04,0.0,0.48,0.45
NBA,2017 - 2018,Playoffs,T.J. McConnell,PHI,10,155.0,25,36,2,3,3,5,6,13,6,20,26,23,6,0,55,1992-03-25,190.0,United States,Chartiers Valley High School,,,,tj mcconnell,PG,184.15,187.96,85.18,187.96,245.11,7.3,19.05,17.78,2015,2017,2017-10-01,25.5,5236,0.16,0.23,0.01,0.02,0.02,0.03,0.04,0.08,0.04,0.13,0.17,0.15,0.04,0.0,0.35,0.59
NBA,2017 - 2018,Playoffs,Greg Monroe,BOS,11,104.5,19,38,0,0,15,22,14,9,14,21,35,5,2,2,53,1990-06-04,265.0,United States,Helen Cox High School,1.0,7.0,Detroit Pistons,greg monroe,PF/C,207.64,210.82,111.86,219.08,275.59,11.2,22.22,24.13,2010,2017,2017-10-01,27.3,5237,0.18,0.36,0.0,0.0,0.14,0.21,0.13,0.09,0.13,0.2,0.33,0.05,0.02,0.02,0.51,0.55
NBA,2017 - 2018,Playoffs,Marcin Gortat,WAS,6,159.8,24,43,0,0,4,7,6,15,13,25,38,6,0,2,52,1984-02-17,240.0,Poland,,2.0,27.0,Phoenix Suns,marcin gortat,PF/C,210.82,213.36,102.15,222.25,279.4,,,,2005,2017,2017-10-01,33.6,5238,0.15,0.27,0.0,0.0,0.03,0.04,0.04,0.09,0.08,0.16,0.24,0.04,0.0,0.01,0.33,0.45
NBA,2017 - 2018,Playoffs,Nick Young,GSW,20,205.3,16,53,14,47,6,8,2,18,1,11,12,4,1,0,52,1985-06-01,210.0,United States,Cleveland High School,1.0,16.0,Washington Wizards,nick young,SG/SF,195.58,200.02,93.44,213.36,255.27,6.8,,,2007,2017,2017-10-01,32.3,5239,0.08,0.26,0.07,0.23,0.03,0.04,0.01,0.09,0.0,0.05,0.06,0.02,0.0,0.0,0.25,0.13
NBA,2017 - 2018,Playoffs,Dante Exum,UTA,10,113.7,20,41,2,7,9,12,15,15,4,10,14,10,1,1,51,1995-07-13,190.0,Australia,Australian Institute of Sport,1.0,5.0,Utah Jazz,dante exum,SG,194.31,198.12,89.04,207.01,261.62,6.4,21.59,24.13,2014,2017,2017-10-01,22.2,5240,0.18,0.36,0.02,0.06,0.08,0.11,0.13,0.13,0.04,0.09,0.12,0.09,0.01,0.01,0.45,0.34
NBA,2017 - 2018,Playoffs,Otto Porter,WAS,5,158.1,20,41,5,12,5,8,3,6,1,24,25,8,6,5,50,1993-06-03,198.0,United States,Scott County Central High School,1.0,3.0,Washington Wizards,otto porter,SF,201.93,204.47,89.63,217.17,267.97,6.65,22.22,23.5,2013,2017,2017-10-01,24.3,5241,0.13,0.26,0.03,0.08,0.03,0.05,0.02,0.04,0.01,0.15,0.16,0.05,0.04,0.03,0.32,0.43
NBA,2017 - 2018,Playoffs,Justise Winslow,MIA,5,124.8,15,42,7,19,12,17,8,17,7,26,33,13,4,4,49,1996-03-26,225.0,United States,St. John's School,1.0,10.0,Miami Heat,justise winslow,SF,194.31,199.39,100.61,208.92,265.43,5.3,21.59,23.5,2015,2017,2017-10-01,21.5,5242,0.12,0.34,0.06,0.15,0.1,0.14,0.06,0.14,0.06,0.21,0.26,0.1,0.03,0.03,0.39,0.49
NBA,2017 - 2018,Playoffs,Jakob Poeltl,TOR,9,139.9,17,31,0,1,15,19,8,25,15,21,36,6,3,4,49,1995-10-15,240.0,Austria,,1.0,9.0,Toronto Raptors,jakob poeltl,C,214.0,215.9,108.41,220.34,283.21,5.8,23.5,26.04,2016,2017,2017-10-01,22.0,5243,0.12,0.22,0.0,0.01,0.11,0.14,0.06,0.18,0.11,0.15,0.26,0.04,0.02,0.03,0.35,0.51
NBA,2017 - 2018,Playoffs,Darius Miller,NOP,9,162.3,14,34,9,24,6,6,6,10,2,18,20,11,5,0,43,1990-03-21,225.0,United States,Mason County High School,2.0,16.0,New Orleans Pelicans,darius miller,SF/SG,198.12,201.93,105.87,205.74,256.54,7.5,21.59,22.22,2012,2017,2017-10-01,27.5,5244,0.09,0.21,0.06,0.15,0.04,0.04,0.04,0.06,0.01,0.11,0.12,0.07,0.03,0.0,0.26,0.32
NBA,2017 - 2018,Playoffs,Jerami Grant,OKC,6,132.7,18,35,2,8,5,11,6,15,8,12,20,6,4,3,43,1994-03-12,220.0,United States,DeMatha Catholic High School,2.0,9.0,Philadelphia Sixers,jerami grant,SF,199.39,202.56,97.07,220.34,271.78,3.75,23.5,23.5,2014,2017,2017-10-01,23.6,5245,0.14,0.26,0.02,0.06,0.04,0.08,0.05,0.11,0.06,0.09,0.15,0.05,0.03,0.02,0.32,0.36
NBA,2017 - 2018,Playoffs,Jordan Bell,GSW,17,173.4,17,32,0,1,7,14,6,18,15,32,47,15,6,9,41,1995-01-07,224.0,United States,Long Beach Polytechnic High School,2.0,8.0,Chicago Bulls,jordan bell,PF,200.66,204.47,101.42,212.72,265.43,5.4,23.5,24.13,2017,2017,2017-10-01,22.7,5246,0.1,0.18,0.0,0.01,0.04,0.08,0.03,0.1,0.09,0.18,0.27,0.09,0.03,0.05,0.24,0.53
NBA,2017 - 2018,Playoffs,Shane Larkin,BOS,11,154.0,16,35,4,13,5,5,6,15,1,10,11,20,5,0,41,1992-10-02,175.0,United States / Turkey,Dr. Phillips High School,1.0,18.0,Atlanta Hawks,shane larkin,PG,178.44,181.61,77.47,179.7,227.33,3.8,19.05,22.22,2013,2017,2017-10-01,25.0,5247,0.1,0.23,0.03,0.08,0.03,0.03,0.04,0.1,0.01,0.06,0.07,0.13,0.03,0.0,0.27,0.33
NBA,2017 - 2018,Playoffs,Wayne Ellington,MIA,5,100.7,12,35,12,30,3,3,3,9,1,7,8,3,2,2,39,1987-11-29,200.0,United States,Episcopal Academy,1.0,28.0,Minnesota Timberwolves,wayne ellington,SG,193.68,196.22,91.81,199.39,254.0,5.5,,,2009,2017,2017-10-01,29.8,5248,0.12,0.35,0.12,0.3,0.03,0.03,0.03,0.09,0.01,0.07,0.08,0.03,0.02,0.02,0.39,0.28
NBA,2017 - 2018,Playoffs,Corey Brewer,OKC,6,151.3,13,25,5,11,6,6,2,17,4,9,13,5,7,5,37,1986-03-05,186.0,United States,Portland High School,1.0,7.0,Minnesota Timberwolves,corey brewer,SF/SG,198.12,202.56,83.91,203.84,261.62,4.2,,,2007,2017,2017-10-01,31.6,5249,0.09,0.17,0.03,0.07,0.04,0.04,0.01,0.11,0.03,0.06,0.09,0.03,0.05,0.03,0.24,0.35
NBA,2017 - 2018,Playoffs,Cory Joseph,IND,7,143.2,12,33,3,11,6,6,4,10,2,15,17,21,9,2,33,1991-08-20,200.0,Canada,Findlay College Prep,1.0,29.0,San Antonio Spurs,cory joseph,PG,187.96,191.14,84.46,196.85,251.46,9.7,21.59,26.67,2011,2017,2017-10-01,26.1,5250,0.08,0.23,0.02,0.08,0.04,0.04,0.03,0.07,0.01,0.1,0.12,0.15,0.06,0.01,0.23,0.39
NBA,2017 - 2018,Playoffs,Thon Maker,MIL,6,129.7,11,28,6,20,5,7,4,17,6,17,23,5,2,11,33,1997-02-25,221.0,South Sudan / Australia,Athlete Institute Prep,1.0,10.0,Milwaukee Bucks,thon maker,PF,212.72,215.26,97.98,220.98,280.67,6.05,22.22,24.13,2016,2017,2017-10-01,20.6,5251,0.08,0.22,0.05,0.15,0.04,0.05,0.03,0.13,0.05,0.13,0.18,0.04,0.02,0.08,0.25,0.39
NBA,2017 - 2018,Playoffs,Solomon Hill,NOP,9,114.0,9,25,6,16,9,10,6,17,6,11,17,7,1,1,33,1991-03-18,225.0,United States,Fairfax High School,1.0,23.0,Indiana Pacers,solomon hill,SF,196.85,200.66,102.51,205.74,261.62,7.6,22.86,26.67,2013,2017,2017-10-01,26.5,5252,0.08,0.22,0.05,0.14,0.08,0.09,0.05,0.15,0.05,0.1,0.15,0.06,0.01,0.01,0.29,0.32
NBA,2017 - 2018,Playoffs,Semi Ojeleye,BOS,17,229.9,10,33,6,22,6,7,2,21,4,24,28,2,3,0,32,1994-12-05,241.0,United States,Ottawa High School,2.0,7.0,Boston Celtics,semi ojeleye,SF/SG,196.22,200.02,109.5,207.64,259.08,5.5,22.22,24.13,2017,2017,2017-10-01,22.8,5253,0.04,0.14,0.03,0.1,0.03,0.03,0.01,0.09,0.02,0.1,0.12,0.01,0.01,0.0,0.14,0.17
NBA,2017 - 2018,Playoffs,Taj Gibson,MIN,5,123.0,14,22,0,0,3,3,4,8,7,13,20,2,1,2,31,1985-06-24,232.0,United States,Calvary Christian High School,1.0,26.0,Chicago Bulls,taj gibson,PF,204.47,207.64,97.25,223.52,276.86,6.6,,,2009,2017,2017-10-01,32.3,5254,0.11,0.18,0.0,0.0,0.02,0.02,0.03,0.07,0.06,0.11,0.16,0.02,0.01,0.02,0.25,0.36
NBA,2017 - 2018,Playoffs,Raymond Felton,OKC,6,78.6,12,31,7,14,0,2,5,7,2,11,13,9,4,2,31,1984-06-26,205.0,United States,Latta High School,1.0,5.0,Charlotte Hornets,raymond felton,PG,181.61,183.52,90.45,193.68,248.92,,,,2005,2017,2017-10-01,33.3,5255,0.15,0.39,0.09,0.18,0.0,0.03,0.06,0.09,0.03,0.14,0.17,0.11,0.05,0.03,0.39,0.42
NBA,2017 - 2018,Playoffs,Ty Lawson,WAS,5,96.3,9,26,5,8,6,6,3,6,2,11,13,15,3,0,29,1987-11-03,195.0,United States,Oak Hill Academy,1.0,18.0,Minnesota Timberwolves,ty lawson,PG,180.98,184.15,89.18,184.78,240.03,6.6,,,2009,2017,2017-10-01,29.9,5256,0.09,0.27,0.05,0.08,0.06,0.06,0.03,0.06,0.02,0.11,0.13,0.16,0.03,0.0,0.3,0.41
NBA,2017 - 2018,Playoffs,Zach Collins,POR,4,69.7,11,30,3,14,3,4,2,10,3,9,12,6,3,2,28,1997-11-19,235.0,United States,Bishop Gorman High School,1.0,10.0,Sacramento Kings,zach collins,PF/C,208.92,213.36,105.32,215.9,281.94,8.9,22.22,23.5,2017,2017,2017-10-01,19.9,5257,0.16,0.43,0.04,0.2,0.04,0.06,0.03,0.14,0.04,0.13,0.17,0.09,0.04,0.03,0.4,0.41
NBA,2017 - 2018,Playoffs,Evan Turner,POR,3,86.6,12,33,2,7,2,2,6,8,5,7,12,10,3,1,28,1988-10-27,220.0,United States,St. Joseph High School,1.0,2.0,Philadelphia Sixers,evan turner,SG,197.48,200.66,96.98,203.2,262.89,8.6,22.22,24.13,2010,2017,2017-10-01,28.9,5258,0.14,0.38,0.02,0.08,0.02,0.02,0.07,0.09,0.06,0.08,0.14,0.12,0.03,0.01,0.32,0.31
NBA,2017 - 2018,Playoffs,Kyle Anderson,SAS,5,73.5,12,20,0,4,3,4,3,10,5,8,13,3,6,1,27,1993-09-20,230.0,United States,St. Anthony High School,1.0,30.0,San Antonio Spurs,kyle anderson,SF,201.93,204.47,104.37,220.34,273.05,13.35,20.96,22.22,2014,2017,2017-10-01,24.0,5259,0.16,0.27,0.0,0.05,0.04,0.05,0.04,0.14,0.07,0.11,0.18,0.04,0.08,0.01,0.37,0.52
NBA,2017 - 2018,Playoffs,Hassan Whiteside,MIA,5,77.0,9,20,0,0,8,13,12,16,10,20,30,1,0,6,26,1989-06-13,265.0,United States,The Patterson School,2.0,3.0,Sacramento Kings,hassan whiteside,C/PF,209.55,212.09,102.78,231.14,287.02,5.5,20.96,26.04,2010,2017,2017-10-01,28.3,5260,0.12,0.26,0.0,0.0,0.1,0.17,0.16,0.21,0.13,0.26,0.39,0.01,0.0,0.08,0.34,0.45
NBA,2017 - 2018,Playoffs,Luc Mbah a Moute,HOU,9,149.2,9,36,3,15,4,7,6,8,3,19,22,3,6,4,25,1986-09-09,230.0,Cameroon,Montverde Academy,2.0,7.0,Milwaukee Bucks,luc mbah a moute,SF,197.48,201.93,100.24,219.71,262.89,7.0,,,2008,2017,2017-10-01,31.1,5261,0.06,0.24,0.02,0.1,0.03,0.05,0.04,0.05,0.02,0.13,0.15,0.02,0.04,0.03,0.17,0.17
NBA,2017 - 2018,Playoffs,Danny Green,SAS,5,102.8,8,30,5,20,0,0,2,8,4,7,11,1,1,4,21,1987-06-22,215.0,United States,St. Mary's High School,2.0,16.0,Cleveland Cavaliers,danny green,SG/SF,196.22,199.39,94.35,208.28,261.62,5.6,,,2009,2017,2017-10-01,30.3,5262,0.08,0.29,0.05,0.19,0.0,0.0,0.02,0.08,0.04,0.07,0.11,0.01,0.01,0.04,0.2,0.14
NBA,2017 - 2018,Playoffs,Tony Snell,MIL,7,133.8,7,24,5,21,0,0,3,10,1,12,13,4,3,4,19,1991-11-10,213.0,United States,Martin Luther King High School,1.0,20.0,Chicago Bulls,tony snell,SF/SG,198.12,201.3,89.9,212.09,267.97,4.85,22.86,24.13,2013,2017,2017-10-01,25.9,5263,0.05,0.18,0.04,0.16,0.0,0.0,0.02,0.07,0.01,0.09,0.1,0.03,0.02,0.03,0.14,0.17
NBA,2017 - 2018,Playoffs,Trevor Booker,IND,7,63.7,6,10,0,1,6,7,1,12,5,13,18,0,1,1,18,1987-11-25,228.0,United States,Union High School,1.0,23.0,Minnesota Timberwolves,trevor booker,PF,198.76,201.93,106.96,207.64,269.24,7.3,22.86,24.13,2010,2017,2017-10-01,29.9,5264,0.09,0.16,0.0,0.02,0.09,0.11,0.02,0.19,0.08,0.2,0.28,0.0,0.02,0.02,0.28,0.49
NBA,2017 - 2018,Playoffs,Gorgui Dieng,MIN,5,70.2,6,18,2,5,3,4,1,6,3,15,18,4,2,4,17,1990-01-18,252.0,Senegal,Covenant Christian Academy,1.0,21.0,Utah Jazz,gorgui dieng,C,207.64,210.18,104.14,222.25,283.21,5.35,22.86,25.4,2013,2017,2017-10-01,27.7,5265,0.09,0.26,0.03,0.07,0.04,0.06,0.01,0.09,0.04,0.21,0.26,0.06,0.03,0.06,0.24,0.45
NBA,2017 - 2018,Playoffs,Ed Davis,POR,4,70.9,5,10,0,0,1,4,4,7,5,27,32,0,0,1,11,1989-06-05,225.0,United States,Benedictine High School,1.0,13.0,Toronto Raptors,ed davis,PF,205.74,207.64,102.78,213.36,274.32,10.0,23.5,25.4,2010,2017,2017-10-01,28.3,5266,0.07,0.14,0.0,0.0,0.01,0.06,0.06,0.1,0.07,0.38,0.45,0.0,0.0,0.01,0.16,0.44
NBA,2017 - 2018,Playoffs,Tyler Zeller,MIL,7,65.8,4,5,0,0,3,4,1,11,2,12,14,3,4,3,11,1990-01-17,259.0,United States,Washington High School,1.0,17.0,Dallas Mavericks,tyler zeller,PF/C,211.46,214.63,112.22,213.36,265.43,6.4,22.86,24.76,2012,2017,2017-10-01,27.7,5267,0.06,0.08,0.0,0.0,0.05,0.06,0.02,0.17,0.03,0.18,0.21,0.05,0.06,0.05,0.17,0.49
NBA,2018 - 2019,Playoffs,Kawhi Leonard,TOR,24,939.5,243,496,55,145,191,216,74,56,54,164,218,94,40,17,732,1991-06-29,230.0,United States,Martin Luther King High School,1.0,15.0,Indiana Pacers,kawhi leonard,SF,198.12,200.66,103.15,220.98,269.24,5.4,24.76,28.58,2011,2018,2018-10-01,27.3,5681,0.26,0.53,0.06,0.15,0.2,0.23,0.08,0.06,0.06,0.17,0.23,0.1,0.04,0.02,0.78,0.79
NBA,2018 - 2019,Playoffs,Stephen Curry,GSW,22,845.6,190,431,92,244,148,157,66,68,17,115,132,126,24,4,620,1988-03-14,190.0,United States,Charlotte Christian School,1.0,7.0,Golden State Warriors,stephen curry,PG/SG,187.96,191.14,82.1,191.77,246.38,5.7,,,2009,2018,2018-10-01,30.5,5682,0.22,0.51,0.11,0.29,0.18,0.19,0.08,0.08,0.02,0.14,0.16,0.15,0.03,0.0,0.73,0.69
NBA,2018 - 2019,Playoffs,Pascal Siakam,TOR,24,891.3,180,383,29,104,66,87,33,67,39,131,170,66,25,17,455,1994-04-02,230.0,Cameroon,God's Academy,1.0,27.0,Toronto Raptors,pascal siakam,PF,203.84,207.01,102.78,221.62,273.05,5.2,23.5,25.4,2016,2018,2018-10-01,24.5,5683,0.2,0.43,0.03,0.12,0.07,0.1,0.04,0.08,0.04,0.15,0.19,0.07,0.03,0.02,0.51,0.52
NBA,2018 - 2019,Playoffs,Klay Thompson,GSW,21,818.0,164,360,70,158,37,41,38,59,12,74,86,44,28,15,435,1990-02-08,215.0,United States,Santa Margarita Catholic High School,1.0,11.0,Golden State Warriors,klay thompson,SG,197.48,201.3,93.26,205.74,262.89,8.0,22.22,23.5,2011,2018,2018-10-01,28.6,5684,0.2,0.44,0.09,0.19,0.05,0.05,0.05,0.07,0.01,0.09,0.11,0.05,0.03,0.02,0.53,0.45
NBA,2018 - 2019,Playoffs,Damian Lillard,POR,16,650.1,138,330,59,158,95,114,60,40,8,68,76,106,27,5,430,1990-07-15,195.0,United States,Oakland High School,1.0,6.0,Portland Trail Blazers,damian lillard,PG,187.32,189.86,85.64,202.56,242.57,5.9,22.22,24.76,2012,2018,2018-10-01,28.2,5685,0.21,0.51,0.09,0.24,0.15,0.18,0.09,0.06,0.01,0.1,0.12,0.16,0.04,0.01,0.66,0.57
NBA,2018 - 2019,Playoffs,C.J. McCollum,POR,16,635.5,154,350,46,117,41,56,30,34,14,66,80,59,13,10,395,1991-09-19,190.0,United States,Glen Oak High School,1.0,10.0,Portland Trail Blazers,cj mccollum,PG/SG,188.6,191.14,89.36,198.76,245.11,8.6,20.32,24.13,2013,2018,2018-10-01,27.0,5686,0.24,0.55,0.07,0.18,0.06,0.09,0.05,0.05,0.02,0.1,0.13,0.09,0.02,0.02,0.62,0.49
NBA,2018 - 2019,Playoffs,Kevin Durant,GSW,12,441.7,125,243,35,80,102,113,43,38,1,58,59,54,13,12,387,1988-09-29,240.0,United States,Montrose Christian School,1.0,2.0,Seattle SuperSonics,kevin durant,SF/PF,205.74,208.92,97.52,225.42,279.4,6.6,,,2007,2018,2018-10-01,30.0,5687,0.28,0.55,0.08,0.18,0.23,0.26,0.1,0.09,0.0,0.13,0.13,0.12,0.03,0.03,0.88,0.79
NBA,2018 - 2019,Playoffs,James Harden,HOU,11,424.2,109,264,48,137,82,98,51,41,9,67,76,73,24,10,348,1989-08-26,220.0,United States,Artesia High School,1.0,3.0,Oklahoma City Thunder,james harden,SG,193.04,196.22,100.7,210.18,262.89,10.1,,,2009,2018,2018-10-01,29.1,5688,0.26,0.62,0.11,0.32,0.19,0.23,0.12,0.1,0.02,0.16,0.18,0.17,0.06,0.02,0.82,0.73
NBA,2018 - 2019,Playoffs,Draymond Green,GSW,22,850.5,114,229,13,57,51,71,83,85,41,182,223,187,32,33,292,1990-03-04,230.0,United States,Saginaw High School,2.0,5.0,Golden State Warriors,draymond green,PF/SF,197.48,201.93,106.87,216.54,266.7,11.3,22.86,24.13,2012,2018,2018-10-01,28.6,5689,0.13,0.27,0.02,0.07,0.06,0.08,0.1,0.1,0.05,0.21,0.26,0.22,0.04,0.04,0.34,0.64
NBA,2018 - 2019,Playoffs,Khris Middleton,MIL,15,515.2,84,201,40,92,46,52,29,44,9,86,95,66,9,0,254,1991-08-12,222.0,United States,Porter-Gaud High School,2.0,9.0,Detroit Pistons,khris middleton,SF,200.02,203.84,98.07,210.18,261.62,7.8,22.86,22.86,2012,2018,2018-10-01,27.1,5690,0.16,0.39,0.08,0.18,0.09,0.1,0.06,0.09,0.02,0.17,0.18,0.13,0.02,0.0,0.49,0.52
NBA,2018 - 2019,Playoffs,Jimmy Butler,PHI,12,421.0,79,175,12,45,63,72,22,20,22,51,73,62,17,7,233,1989-09-14,232.0,United States,Tomball High School,1.0,30.0,Chicago Bulls,jimmy butler,SF,198.12,202.56,100.79,201.93,257.81,5.4,22.86,22.86,2011,2018,2018-10-01,29.0,5691,0.19,0.42,0.03,0.11,0.15,0.17,0.05,0.05,0.05,0.12,0.17,0.15,0.04,0.02,0.55,0.63
NBA,2018 - 2019,Playoffs,Andre Iguodala,GSW,21,629.3,82,166,28,80,14,37,21,43,27,64,91,83,24,23,206,1984-01-28,215.0,United States,Lanphier High School,1.0,9.0,Philadelphia Sixers,andre iguodala,SG/SF,197.48,200.02,98.43,210.82,267.97,6.7,,,2004,2018,2018-10-01,34.7,5692,0.13,0.26,0.04,0.13,0.02,0.06,0.03,0.07,0.04,0.1,0.14,0.13,0.04,0.04,0.33,0.48
NBA,2018 - 2019,Playoffs,Paul Millsap,DEN,14,468.9,73,157,12,38,47,61,18,48,24,70,94,11,12,15,205,1985-02-10,246.0,United States,Grambling Laboratory High School,2.0,17.0,Utah Jazz,paul millsap,PF,198.76,201.3,117.03,217.17,267.97,9.7,,,2006,2018,2018-10-01,33.6,5693,0.16,0.33,0.03,0.08,0.1,0.13,0.04,0.1,0.05,0.15,0.2,0.02,0.03,0.03,0.44,0.48
NBA,2018 - 2019,Playoffs,Eric Bledsoe,MIL,15,422.9,76,185,17,72,36,51,33,28,20,36,56,64,16,6,205,1989-12-09,205.0,United States,Parker High School,1.0,18.0,Oklahoma City Thunder,eric bledsoe,PG,183.52,186.69,86.91,201.93,248.92,5.6,21.59,24.76,2010,2018,2018-10-01,28.8,5694,0.18,0.44,0.04,0.17,0.09,0.12,0.08,0.07,0.05,0.09,0.13,0.15,0.04,0.01,0.48,0.44
NBA,2018 - 2019,Playoffs,Gary Harris,DEN,14,517.4,73,158,20,57,33,38,11,38,9,49,58,32,12,8,199,1994-09-14,210.0,United States,Hamilton Southeastern High School,1.0,19.0,Chicago Bulls,gary harris,SG,189.23,194.31,92.9,200.02,243.84,4.55,21.59,24.13,2014,2018,2018-10-01,24.0,5695,0.14,0.31,0.04,0.11,0.06,0.07,0.02,0.07,0.02,0.09,0.11,0.06,0.02,0.02,0.38,0.39
NBA,2018 - 2019,Playoffs,Eric Gordon,HOU,11,409.6,67,150,38,95,24,28,27,22,5,22,27,14,7,11,196,1988-12-25,215.0,United States,North Central High School,1.0,7.0,Los Angeles Clippers,eric gordon,SG,187.96,191.14,100.7,205.74,251.46,8.2,,,2008,2018,2018-10-01,29.8,5696,0.16,0.37,0.09,0.23,0.06,0.07,0.07,0.05,0.01,0.05,0.07,0.03,0.02,0.03,0.48,0.34
NBA,2018 - 2019,Playoffs,Kyrie Irving,BOS,9,330.2,69,179,18,58,36,40,28,26,5,35,40,63,12,4,192,1992-03-23,193.0,United States / Australia,St. Patrick High School,1.0,1.0,Cleveland Cavaliers,kyrie irving,PG,187.32,191.77,86.64,193.04,251.46,10.2,20.96,23.5,2011,2018,2018-10-01,26.5,5697,0.21,0.54,0.05,0.18,0.11,0.12,0.08,0.08,0.02,0.11,0.12,0.19,0.04,0.01,0.58,0.52
NBA,2018 - 2019,Playoffs,Chris Paul,HOU,11,397.4,66,148,17,63,38,45,37,36,14,56,70,60,24,7,187,1985-05-06,175.0,United States,West Forsyth High School,1.0,4.0,New Orleans Pelicans,chris paul,PG,182.24,185.42,80.74,193.68,236.22,,,,2005,2018,2018-10-01,33.4,5698,0.17,0.37,0.04,0.16,0.1,0.11,0.09,0.09,0.04,0.14,0.18,0.15,0.06,0.02,0.47,0.58
NBA,2018 - 2019,Playoffs,Tobias Harris,PHI,12,443.1,71,167,22,63,22,26,19,30,12,97,109,48,13,6,186,1992-07-15,235.0,United States,Half Hollow Hills West High School,1.0,19.0,Charlotte Hornets,tobias harris,SF/PF,199.39,202.56,101.06,210.82,262.89,8.4,22.22,22.86,2011,2018,2018-10-01,26.2,5699,0.16,0.38,0.05,0.14,0.05,0.06,0.04,0.07,0.03,0.22,0.25,0.11,0.03,0.01,0.42,0.55
NBA,2018 - 2019,Playoffs,Enes Kanter,POR,16,460.6,75,146,1,4,31,41,26,36,53,102,155,19,11,9,182,1992-05-20,250.0,Switzerland / Turkey,Stoneridge Prep,1.0,3.0,Utah Jazz,enes kanter,PF/C,207.64,211.46,117.57,217.17,278.13,5.9,24.13,27.3,2011,2018,2018-10-01,26.4,5700,0.16,0.32,0.0,0.01,0.07,0.09,0.06,0.08,0.12,0.22,0.34,0.04,0.02,0.02,0.4,0.58
NBA,2018 - 2019,Playoffs,George Hill,MIL,15,394.5,63,118,20,48,27,33,6,34,15,38,53,42,13,4,173,1986-05-04,188.0,United States,Broad Ripple High School,1.0,26.0,San Antonio Spurs,george hill,PG,186.06,189.23,82.1,205.74,247.65,3.0,,,2008,2018,2018-10-01,32.4,5701,0.16,0.3,0.05,0.12,0.07,0.08,0.02,0.09,0.04,0.1,0.13,0.11,0.03,0.01,0.44,0.55
NBA,2018 - 2019,Playoffs,Brook Lopez,MIL,15,438.0,61,134,22,75,24,29,10,46,12,70,82,21,6,28,168,1988-04-01,270.0,United States,San Joaquin Memorial High School,1.0,10.0,New Jersey Nets,brook lopez,C,211.46,214.63,117.03,227.33,287.02,6.3,,,2008,2018,2018-10-01,30.5,5702,0.14,0.31,0.05,0.17,0.05,0.07,0.02,0.11,0.03,0.16,0.19,0.05,0.01,0.06,0.38,0.48
NBA,2018 - 2019,Playoffs,Danny Green,TOR,24,683.8,53,155,39,119,21,23,26,60,17,70,87,26,31,11,166,1987-06-22,215.0,United States,St. Mary's High School,2.0,16.0,Cleveland Cavaliers,danny green,SG/SF,196.22,199.39,94.35,208.28,261.62,5.6,,,2009,2018,2018-10-01,31.3,5703,0.08,0.23,0.06,0.17,0.03,0.03,0.04,0.09,0.02,0.1,0.13,0.04,0.05,0.02,0.24,0.29
NBA,2018 - 2019,Playoffs,J.J. Redick,PHI,12,375.5,54,124,36,87,17,20,22,32,1,16,17,19,1,3,161,1984-06-24,200.0,United States,Cave Spring High School,1.0,11.0,Orlando Magic,jj redick,SG,193.04,194.94,86.18,191.14,247.65,7.0,,,2006,2018,2018-10-01,34.3,5704,0.14,0.33,0.1,0.23,0.05,0.05,0.06,0.09,0.0,0.04,0.05,0.05,0.0,0.01,0.43,0.29
NBA,2018 - 2019,Playoffs,Rodney Hood,POR,16,373.1,52,111,18,51,36,44,7,28,9,27,36,14,6,3,158,1992-10-20,205.0,United States,Meridian High School,1.0,23.0,Utah Jazz,rodney hood,SF,201.3,204.47,94.44,204.47,261.62,7.45,21.59,21.59,2014,2018,2018-10-01,25.9,5705,0.14,0.3,0.05,0.14,0.1,0.12,0.02,0.08,0.02,0.07,0.1,0.04,0.02,0.01,0.42,0.39
NBA,2018 - 2019,Playoffs,DeMar DeRozan,SAS,7,250.6,58,119,0,1,38,44,12,16,10,37,47,32,8,1,154,1989-08-07,220.0,United States,Compton High School,1.0,9.0,Toronto Raptors,demar derozan,SG/SF,196.85,199.39,95.8,205.74,260.35,4.9,,,2009,2018,2018-10-01,29.1,5706,0.23,0.47,0.0,0.0,0.15,0.18,0.05,0.06,0.04,0.15,0.19,0.13,0.03,0.0,0.61,0.64
NBA,2018 - 2019,Playoffs,Norman Powell,TOR,23,366.3,56,126,24,62,14,19,12,31,5,46,51,26,9,0,150,1993-05-25,215.0,United States,Lincoln High School ,2.0,16.0,Milwaukee Bucks,norman powell,SG,190.5,193.68,97.7,210.18,260.35,6.4,23.5,22.86,2015,2018,2018-10-01,25.4,5707,0.15,0.34,0.07,0.17,0.04,0.05,0.03,0.08,0.01,0.13,0.14,0.07,0.02,0.0,0.41,0.41
NBA,2018 - 2019,Playoffs,Kevon Looney,GSW,21,431.5,64,93,0,0,21,29,13,50,41,53,94,20,12,11,149,1996-02-06,220.0,United States,Alexander Hamilton High School,1.0,30.0,Golden State Warriors,kevon looney,PF,203.2,206.38,100.88,222.25,279.4,11.9,24.13,23.5,2015,2018,2018-10-01,22.7,5708,0.15,0.22,0.0,0.0,0.05,0.07,0.03,0.12,0.1,0.12,0.22,0.05,0.03,0.03,0.35,0.56
NBA,2018 - 2019,Playoffs,Paul George,OKC,5,203.9,44,101,15,47,40,49,20,21,6,37,43,18,7,1,143,1990-05-02,220.0,United States,Pete Knight High School,1.0,10.0,Indiana Pacers,paul george,SF,202.56,205.1,97.25,211.46,271.78,5.0,21.59,22.86,2010,2018,2018-10-01,28.4,5709,0.22,0.5,0.07,0.23,0.2,0.24,0.1,0.1,0.03,0.18,0.21,0.09,0.03,0.0,0.7,0.61
NBA,2018 - 2019,Playoffs,LaMarcus Aldridge,SAS,7,244.0,55,121,3,11,27,33,7,21,19,48,67,19,5,7,140,1985-07-19,265.0,United States,Seagoville High School,1.0,2.0,Chicago Bulls,lamarcus aldridge,PF/C,208.28,211.46,106.14,225.42,279.4,8.7,,,2006,2018,2018-10-01,33.2,5710,0.23,0.5,0.01,0.05,0.11,0.14,0.03,0.09,0.08,0.2,0.27,0.08,0.02,0.03,0.57,0.64
NBA,2018 - 2019,Playoffs,Maurice Harkless,POR,16,387.7,52,109,7,28,23,36,17,56,29,49,78,23,18,16,134,1993-05-11,220.0,United States / Puerto Rico,South Kent School,1.0,15.0,Philadelphia Sixers,maurice harkless,SF,201.3,205.1,93.71,213.36,260.35,5.3,23.5,26.04,2012,2018,2018-10-01,25.4,5711,0.13,0.28,0.02,0.07,0.06,0.09,0.04,0.14,0.07,0.13,0.2,0.06,0.05,0.04,0.35,0.48
NBA,2018 - 2019,Playoffs,Will Barton,DEN,14,327.9,47,135,15,55,18,26,13,19,15,52,67,24,4,9,127,1991-01-06,190.0,United States,Brewster Academy,2.0,10.0,Portland Trail Blazers,will barton,SG/SF,195.58,198.12,79.11,207.64,260.35,4.1,22.86,24.13,2012,2018,2018-10-01,27.7,5712,0.14,0.41,0.05,0.17,0.05,0.08,0.04,0.06,0.05,0.16,0.2,0.07,0.01,0.03,0.39,0.36
NBA,2018 - 2019,Playoffs,Al Horford,BOS,9,310.1,46,110,18,44,15,18,19,21,13,68,81,40,4,7,125,1986-06-03,245.0,Dominican Republic / United States,Grand Ledge High School,1.0,3.0,Atlanta Hawks,al horford,PF,203.2,207.64,111.58,215.26,271.78,9.1,,,2007,2018,2018-10-01,32.3,5713,0.15,0.35,0.06,0.14,0.05,0.06,0.06,0.07,0.04,0.22,0.26,0.13,0.01,0.02,0.4,0.55
NBA,2018 - 2019,Playoffs,Jaylen Brown,BOS,9,273.6,44,87,14,40,23,30,15,30,6,46,52,10,6,2,125,1996-10-24,220.0,United States,Joseph Wheeler High School,1.0,3.0,Boston Celtics,jaylen brown,SG/SF,196.22,200.02,101.06,212.72,260.35,5.05,22.22,22.86,2016,2018,2018-10-01,21.9,5714,0.16,0.32,0.05,0.15,0.08,0.11,0.05,0.11,0.02,0.17,0.19,0.04,0.02,0.01,0.46,0.48
NBA,2018 - 2019,Playoffs,Marcus Morris,BOS,9,254.3,41,79,18,40,23,31,7,22,12,61,73,11,1,5,123,1989-09-02,235.0,United States,APEX Academy,1.0,14.0,Houston Rockets,marcus morris,PF/SF,200.66,205.1,104.14,208.28,267.97,8.0,20.96,21.59,2011,2018,2018-10-01,29.1,5715,0.16,0.31,0.07,0.16,0.09,0.12,0.03,0.09,0.05,0.24,0.29,0.04,0.0,0.02,0.48,0.62
NBA,2018 - 2019,Playoffs,Al-Farouq Aminu,POR,16,399.2,38,109,15,51,27,36,16,34,29,71,100,21,9,10,118,1990-09-21,220.0,United States / Nigeria,Norcross High School,1.0,8.0,Los Angeles Clippers,al farouq aminu,SF,201.3,204.47,97.98,221.62,275.59,8.2,24.13,24.13,2010,2018,2018-10-01,28.0,5716,0.1,0.27,0.04,0.13,0.07,0.09,0.04,0.09,0.07,0.18,0.25,0.05,0.02,0.03,0.3,0.42
NBA,2018 - 2019,Playoffs,Russell Westbrook,OKC,5,197.2,40,111,11,34,23,26,23,19,7,37,44,53,5,3,114,1988-11-12,200.0,United States,Leuzinger High School,1.0,4.0,Seattle SuperSonics,russell westbrook,PG,188.6,191.77,87.09,202.56,254.0,4.8,,,2008,2018,2018-10-01,29.9,5717,0.2,0.56,0.06,0.17,0.12,0.13,0.12,0.1,0.04,0.19,0.22,0.27,0.03,0.02,0.58,0.63
NBA,2018 - 2019,Playoffs,Malik Beasley,DEN,14,280.8,36,93,19,47,22,31,7,20,11,37,48,14,3,1,113,1996-11-26,195.0,United States,Saint Francis High School,1.0,19.0,Denver Nuggets,malik beasley,SG,191.77,194.31,86.09,200.66,255.27,6.9,21.59,22.86,2016,2018,2018-10-01,21.8,5718,0.13,0.33,0.07,0.17,0.08,0.11,0.02,0.07,0.04,0.13,0.17,0.05,0.01,0.0,0.4,0.38
NBA,2018 - 2019,Playoffs,Montrezl Harrell,LAC,6,157.7,46,63,0,1,18,26,8,19,12,21,33,13,3,4,110,1994-01-26,240.0,United States,Hargrave Military Academy ,2.0,2.0,Houston Rockets,montrezl harrell,PF,200.66,201.93,114.94,224.16,276.86,11.9,22.86,24.76,2015,2018,2018-10-01,24.7,5719,0.29,0.4,0.0,0.01,0.11,0.16,0.05,0.12,0.08,0.13,0.21,0.08,0.02,0.03,0.7,0.83
NBA,2018 - 2019,Playoffs,Zach Collins,POR,16,274.7,41,81,7,21,20,25,20,54,16,41,57,14,7,22,109,1997-11-19,235.0,United States,Bishop Gorman High School,1.0,10.0,Sacramento Kings,zach collins,PF/C,208.92,213.36,105.32,215.9,281.94,8.9,22.22,23.5,2017,2018,2018-10-01,20.9,5720,0.15,0.29,0.03,0.08,0.07,0.09,0.07,0.2,0.06,0.15,0.21,0.05,0.03,0.08,0.4,0.54
NBA,2018 - 2019,Playoffs,Donovan Mitchell,UTA,5,193.1,36,112,11,43,24,33,21,15,7,18,25,16,8,1,107,1996-09-07,215.0,United States,Brewster Academy,1.0,13.0,Denver Nuggets,donovan mitchell,SG,186.06,190.5,95.89,208.28,246.38,5.9,21.59,24.13,2017,2018,2018-10-01,22.1,5721,0.19,0.58,0.06,0.22,0.12,0.17,0.11,0.08,0.04,0.09,0.13,0.08,0.04,0.01,0.55,0.26
NBA,2018 - 2019,Playoffs,Derrick White,SAS,7,190.7,41,75,5,17,19,26,15,17,1,20,21,21,5,5,106,1994-07-02,195.0,United States,Legend High School,1.0,29.0,San Antonio Spurs,derrick white,PG,191.14,194.31,86.09,201.93,257.81,6.2,20.96,21.59,2017,2018,2018-10-01,24.2,5722,0.21,0.39,0.03,0.09,0.1,0.14,0.08,0.09,0.01,0.1,0.11,0.11,0.03,0.03,0.56,0.54
NBA,2018 - 2019,Playoffs,Caris LeVert,BRK,5,144.3,36,73,12,26,21,29,10,8,6,17,23,15,5,2,105,1994-08-25,204.0,United States,Pickerington High School Central,1.0,20.0,Indiana Pacers,caris levert,SG,197.48,200.66,86.64,208.28,256.54,7.55,21.59,23.5,2016,2018,2018-10-01,24.1,5723,0.25,0.51,0.08,0.18,0.15,0.2,0.07,0.06,0.04,0.12,0.16,0.1,0.03,0.01,0.73,0.65
NBA,2018 - 2019,Playoffs,Ersan Ilyasova,MIL,15,272.4,35,81,12,40,20,25,6,40,19,51,70,21,10,6,102,1987-05-15,235.0,Turkey,,2.0,6.0,Milwaukee Bucks,ersan ilyasova,SF,202.56,205.74,94.71,216.54,278.13,,,,2005,2018,2018-10-01,31.4,5724,0.13,0.3,0.04,0.15,0.07,0.09,0.02,0.15,0.07,0.19,0.26,0.08,0.04,0.02,0.37,0.56
NBA,2018 - 2019,Playoffs,Pat Connaughton,MIL,15,324.2,37,77,15,42,4,8,8,14,10,83,93,21,6,13,93,1993-01-06,209.0,United States,St. John's Prep,2.0,11.0,Brooklyn Nets,pat connaughton,SG,193.04,196.22,97.52,203.2,243.84,10.2,21.59,23.5,2015,2018,2018-10-01,25.7,5725,0.11,0.24,0.05,0.13,0.01,0.02,0.02,0.04,0.03,0.26,0.29,0.06,0.02,0.04,0.29,0.54
NBA,2018 - 2019,Playoffs,Malcolm Brogdon,MIL,7,198.2,35,78,14,37,7,11,10,16,6,28,34,24,5,1,91,1992-12-11,229.0,United States,Greater Atlanta Christian School,2.0,6.0,Milwaukee Bucks,malcolm brogdon,SG,192.4,196.85,101.15,209.55,248.92,5.4,22.86,26.04,2016,2018,2018-10-01,25.8,5726,0.18,0.39,0.07,0.19,0.04,0.06,0.05,0.08,0.03,0.14,0.17,0.12,0.03,0.01,0.46,0.51
NBA,2018 - 2019,Playoffs,Seth Curry,POR,16,326.1,30,82,21,52,9,11,7,27,5,20,25,13,12,4,90,1990-08-23,185.0,United States,Charlotte Christian School,,,,seth curry,SG,185.42,190.5,81.28,193.04,247.65,9.6,20.32,20.96,2013,2018,2018-10-01,28.1,5727,0.09,0.25,0.06,0.16,0.03,0.03,0.02,0.08,0.02,0.06,0.08,0.04,0.04,0.01,0.28,0.27
NBA,2018 - 2019,Playoffs,Shaun Livingston,GSW,22,321.6,34,75,0,2,21,25,8,35,11,20,31,31,10,4,89,1985-09-11,192.0,United States,Peoria Central High School ,1.0,4.0,Los Angeles Clippers,shaun livingston,PG/SG,198.76,201.93,84.37,210.82,267.97,6.7,,,2004,2018,2018-10-01,33.1,5728,0.11,0.23,0.0,0.01,0.07,0.08,0.02,0.11,0.03,0.06,0.1,0.1,0.03,0.01,0.28,0.37
NBA,2018 - 2019,Playoffs,Gordon Hayward,BOS,9,266.6,29,70,9,24,19,19,15,16,3,33,36,22,6,3,86,1990-03-23,225.0,United States,Brownsburg High School,1.0,9.0,Utah Jazz,gordon hayward,SF,200.02,203.2,95.71,202.56,261.62,6.9,21.59,23.5,2010,2018,2018-10-01,28.5,5729,0.11,0.26,0.03,0.09,0.07,0.07,0.06,0.06,0.01,0.12,0.14,0.08,0.02,0.01,0.32,0.36
NBA,2018 - 2019,Playoffs,Meyers Leonard,POR,11,170.1,34,65,14,33,3,9,4,27,6,34,40,12,2,1,85,1992-02-27,255.0,United States,Robinson High School,1.0,11.0,Portland Trail Blazers,meyers leonard,C,212.72,216.54,113.31,220.98,274.32,5.7,23.5,27.94,2012,2018,2018-10-01,26.6,5730,0.2,0.38,0.08,0.19,0.02,0.05,0.02,0.16,0.04,0.2,0.24,0.07,0.01,0.01,0.5,0.6
NBA,2018 - 2019,Playoffs,James Ennis,PHI,11,231.8,31,64,9,32,12,19,10,31,16,26,42,12,4,3,83,1990-07-01,210.0,United States,Ventura High School,2.0,20.0,Atlanta Hawks,james ennis,SF,197.48,200.66,91.08,212.09,265.43,4.5,21.59,22.22,2013,2018,2018-10-01,28.3,5731,0.13,0.28,0.04,0.14,0.05,0.08,0.04,0.13,0.07,0.11,0.18,0.05,0.02,0.01,0.36,0.4
NBA,2018 - 2019,Playoffs,Shai Gilgeous-Alexander,LAC,6,172.5,28,60,9,18,17,20,5,17,4,12,16,19,6,5,82,1998-07-12,181.0,Canada,Hamilton Heights Christian Academy,1.0,11.0,Charlotte Hornets,shai gilgeous alexander,PG,194.31,198.12,81.65,212.09,264.16,3.0,22.86,22.86,2018,2018,2018-10-01,20.2,5732,0.16,0.35,0.05,0.1,0.1,0.12,0.03,0.1,0.02,0.07,0.09,0.11,0.03,0.03,0.48,0.5
NBA,2018 - 2019,Playoffs,Rudy Gay,SAS,7,178.5,28,70,8,19,14,17,10,13,13,37,50,12,3,5,78,1986-08-17,240.0,United States,Archbishop Spalding High School,1.0,8.0,Houston Rockets,rudy gay,SF/PF,200.66,203.2,100.7,220.98,273.05,5.7,,,2006,2018,2018-10-01,32.1,5733,0.16,0.39,0.04,0.11,0.08,0.1,0.06,0.07,0.07,0.21,0.28,0.07,0.02,0.03,0.44,0.53
NBA,2018 - 2019,Playoffs,Aaron Gordon,ORL,5,163.8,29,62,8,20,10,19,13,16,11,25,36,18,6,1,76,1995-09-16,220.0,United States,Archbishop Mitty High School,1.0,4.0,Orlando Magic,aaron gordon,PF,201.93,205.1,99.84,212.72,266.7,5.05,22.22,26.67,2014,2018,2018-10-01,23.0,5734,0.18,0.38,0.05,0.12,0.06,0.12,0.08,0.1,0.07,0.15,0.22,0.11,0.04,0.01,0.46,0.5
NBA,2018 - 2019,Playoffs,Monte Morris,DEN,14,224.4,33,86,0,13,9,13,6,15,3,16,19,36,5,1,75,1995-06-27,175.0,United States,Flint Beecher High School,2.0,21.0,Denver Nuggets,monte morris,PG,186.06,189.23,79.47,193.04,245.11,6.9,20.96,22.22,2017,2018,2018-10-01,23.3,5735,0.15,0.38,0.0,0.06,0.04,0.06,0.03,0.07,0.01,0.07,0.08,0.16,0.02,0.0,0.33,0.31
NBA,2018 - 2019,Playoffs,Austin Rivers,HOU,10,215.4,27,62,16,35,4,6,8,31,2,19,21,10,5,1,74,1992-08-01,200.0,United States,Winter Park High School,1.0,10.0,New Orleans Pelicans,austin rivers,SG/PG,191.77,195.58,91.99,201.3,245.11,6.2,21.59,25.4,2012,2018,2018-10-01,26.2,5736,0.13,0.29,0.07,0.16,0.02,0.03,0.04,0.14,0.01,0.09,0.1,0.05,0.02,0.0,0.34,0.3
NBA,2018 - 2019,Playoffs,Spencer Dinwiddie,BRK,5,131.5,27,62,9,24,10,14,8,10,4,9,13,8,2,0,73,1993-04-06,210.0,United States,William Howard Taft High School,2.0,8.0,Detroit Pistons,spencer dinwiddie,PG,194.31,198.12,92.94,203.84,261.62,5.35,20.96,22.86,2014,2018,2018-10-01,25.5,5737,0.21,0.47,0.07,0.18,0.08,0.11,0.06,0.08,0.03,0.07,0.1,0.06,0.02,0.0,0.56,0.39
NBA,2018 - 2019,Playoffs,Quinn Cook,GSW,17,193.0,28,70,11,34,4,4,6,13,2,16,18,12,3,1,71,1993-03-23,179.0,United States,Oak Hill Academy,,,,quinn cook,PG,183.52,187.96,81.19,193.04,245.11,6.7,19.05,22.22,2015,2018,2018-10-01,25.5,5738,0.15,0.36,0.06,0.18,0.02,0.02,0.03,0.07,0.01,0.08,0.09,0.06,0.02,0.01,0.37,0.31
NBA,2018 - 2019,Playoffs,Dennis Schroder,OKC,5,150.7,25,55,6,20,13,18,6,11,2,14,16,17,4,0,69,1993-09-15,172.0,Germany,,1.0,17.0,Atlanta Hawks,dennis schroder,PG,185.42,187.96,74.75,202.56,248.92,4.1,22.22,26.67,2013,2018,2018-10-01,25.0,5739,0.17,0.36,0.04,0.13,0.09,0.12,0.04,0.07,0.01,0.09,0.11,0.11,0.03,0.0,0.46,0.45
NBA,2018 - 2019,Playoffs,JaMychal Green,LAC,6,140.8,23,43,12,23,8,10,11,22,6,26,32,5,4,0,66,1990-06-21,227.0,United States,St. Jude High School,,,,jamychal green,PF,203.2,205.74,98.61,219.08,270.51,9.8,23.5,23.5,2012,2018,2018-10-01,28.3,5740,0.16,0.31,0.09,0.16,0.06,0.07,0.08,0.16,0.04,0.18,0.23,0.04,0.03,0.0,0.47,0.53
NBA,2018 - 2019,Playoffs,Terrence Ross,ORL,5,146.0,20,54,12,35,14,17,10,10,1,17,18,7,6,2,66,1991-02-05,206.0,United States,Jefferson High School,1.0,8.0,Toronto Raptors,terrence ross,SG/SF,198.12,200.66,89.18,201.3,255.27,3.2,22.22,26.04,2012,2018,2018-10-01,27.7,5741,0.14,0.37,0.08,0.24,0.1,0.12,0.07,0.07,0.01,0.12,0.12,0.05,0.04,0.01,0.45,0.35
NBA,2018 - 2019,Playoffs,Mason Plumlee,DEN,14,217.9,24,47,0,1,16,28,8,39,26,36,62,21,7,10,64,1990-03-05,235.0,United States,Christ School,1.0,22.0,Brooklyn Nets,mason plumlee,C/PF,211.46,214.63,108.05,210.82,274.32,6.15,24.76,24.13,2013,2018,2018-10-01,28.6,5742,0.11,0.22,0.0,0.0,0.07,0.13,0.04,0.18,0.12,0.17,0.28,0.1,0.03,0.05,0.29,0.54
NBA,2018 - 2019,Playoffs,D.J. Augustin,ORL,5,140.8,20,41,10,21,14,16,7,7,1,7,8,19,2,1,64,1987-11-10,183.0,United States,Hightower High School,1.0,9.0,Charlotte Hornets,dj augustin,PG,177.8,181.61,77.79,191.77,240.03,8.1,,,2008,2018,2018-10-01,30.9,5743,0.14,0.29,0.07,0.15,0.1,0.11,0.05,0.05,0.01,0.05,0.06,0.13,0.01,0.01,0.45,0.45
NBA,2018 - 2019,Playoffs,DeMarcus Cousins,GSW,8,133.2,21,53,3,12,16,25,19,24,9,30,39,19,5,6,61,1990-08-13,270.0,United States,LeFlore Magnet High School,1.0,5.0,Sacramento Kings,demarcus cousins,C,207.01,210.18,132.36,227.96,287.02,16.4,23.5,25.4,2010,2018,2018-10-01,28.1,5744,0.16,0.4,0.02,0.09,0.12,0.19,0.14,0.18,0.07,0.23,0.29,0.14,0.04,0.05,0.46,0.53
NBA,2018 - 2019,Playoffs,Tyreke Evans,IND,4,83.9,21,48,11,20,8,14,6,8,0,17,17,3,2,1,61,1989-09-19,220.0,United States,American Christian Academy ,1.0,4.0,Sacramento Kings,tyreke evans,PG/SG,193.04,196.22,100.06,211.46,264.16,7.1,,,2009,2018,2018-10-01,29.0,5745,0.25,0.57,0.13,0.24,0.1,0.17,0.07,0.1,0.0,0.2,0.2,0.04,0.02,0.01,0.73,0.54
NBA,2018 - 2019,Playoffs,Luke Kennard,DET,4,132.7,23,47,9,15,5,6,3,6,0,16,16,7,3,1,60,1996-06-24,206.0,United States,Franklin High School,1.0,12.0,Detroit Pistons,luke kennard,SG/SF,194.31,196.85,88.99,196.22,250.19,6.6,20.32,22.22,2017,2018,2018-10-01,22.3,5746,0.17,0.35,0.07,0.11,0.04,0.05,0.02,0.05,0.0,0.12,0.12,0.05,0.02,0.01,0.45,0.44
NBA,2018 - 2019,Playoffs,Derrick Favors,UTA,5,103.1,23,36,0,3,13,19,5,12,15,22,37,4,4,9,59,1991-07-15,265.0,United States,South Atlanta High School ,1.0,3.0,New Jersey Nets,derrick favors,PF,205.1,208.92,111.22,223.52,279.4,6.5,22.22,23.5,2010,2018,2018-10-01,27.2,5747,0.22,0.35,0.0,0.03,0.13,0.18,0.05,0.12,0.15,0.21,0.36,0.04,0.04,0.09,0.57,0.87
NBA,2018 - 2019,Playoffs,Steven Adams,OKC,5,159.2,28,42,0,1,3,8,9,13,12,24,36,7,5,5,59,1993-07-20,265.0,New Zealand,Scots College,1.0,12.0,Oklahoma City Thunder,steven adams,C,210.18,213.36,115.44,224.79,278.13,6.65,24.13,27.94,2013,2018,2018-10-01,25.2,5748,0.18,0.26,0.0,0.01,0.02,0.05,0.06,0.08,0.08,0.15,0.23,0.04,0.03,0.03,0.37,0.53
NBA,2018 - 2019,Playoffs,Jerami Grant,OKC,5,176.0,20,40,9,20,9,13,4,13,6,22,28,4,3,10,58,1994-03-12,220.0,United States,DeMatha Catholic High School,2.0,9.0,Philadelphia Sixers,jerami grant,SF,199.39,202.56,97.07,220.34,271.78,3.75,23.5,23.5,2014,2018,2018-10-01,24.6,5749,0.11,0.23,0.05,0.11,0.05,0.07,0.02,0.07,0.03,0.12,0.16,0.02,0.02,0.06,0.33,0.43
NBA,2018 - 2019,Playoffs,Terry Rozier,BOS,9,161.7,19,59,8,34,12,16,10,15,4,35,39,17,4,2,58,1994-03-17,190.0,United States,Hargrave Military Academy ,1.0,16.0,Boston Celtics,terry rozier,PG/SG,184.15,188.6,86.27,203.84,250.19,5.6,20.96,21.59,2015,2018,2018-10-01,24.5,5750,0.12,0.36,0.05,0.21,0.07,0.1,0.06,0.09,0.02,0.22,0.24,0.11,0.02,0.01,0.36,0.41
NBA,2018 - 2019,Playoffs,Andre Drummond,DET,4,127.3,24,54,0,1,9,21,11,17,20,32,52,9,6,5,57,1993-08-10,279.0,United States,St. Thomas More Prep,1.0,9.0,Detroit Pistons,andre drummond,C,207.64,212.72,126.37,229.24,278.13,7.5,24.13,24.13,2012,2018,2018-10-01,25.1,5751,0.19,0.42,0.0,0.01,0.07,0.16,0.09,0.13,0.16,0.25,0.41,0.07,0.05,0.04,0.45,0.61
NBA,2018 - 2019,Playoffs,Jae Crowder,UTA,5,130.0,17,46,9,30,14,19,1,7,4,25,29,4,5,0,57,1990-07-06,235.0,United States,Villa Rica High School,2.0,4.0,Cleveland Cavaliers,jae crowder,SF,194.94,199.39,109.41,206.38,252.73,9.0,24.13,26.67,2012,2018,2018-10-01,28.2,5752,0.13,0.35,0.07,0.23,0.11,0.15,0.01,0.05,0.03,0.19,0.22,0.03,0.04,0.0,0.44,0.46
NBA,2018 - 2019,Playoffs,Rudy Gobert,UTA,5,152.0,19,32,0,0,18,23,9,16,23,28,51,7,3,13,56,1992-06-26,245.0,France,,1.0,27.0,Denver Nuggets,rudy gobert,C,214.63,218.44,107.77,234.95,292.1,4.4,24.76,25.4,2013,2018,2018-10-01,26.3,5753,0.12,0.21,0.0,0.0,0.12,0.15,0.06,0.11,0.15,0.18,0.34,0.05,0.02,0.09,0.37,0.69
NBA,2018 - 2019,Playoffs,Nikola Vucevic,ORL,5,147.4,21,58,3,13,11,14,13,12,9,31,40,15,2,5,56,1990-10-24,260.0,Switzerland / Montenegro,Stoneridge Prep,1.0,16.0,Philadelphia Sixers,nikola vucevic,PF/C,208.92,212.72,117.84,224.79,285.75,6.1,23.5,26.04,2011,2018,2018-10-01,27.9,5754,0.14,0.39,0.02,0.09,0.07,0.09,0.09,0.08,0.06,0.21,0.27,0.1,0.01,0.03,0.38,0.43
NBA,2018 - 2019,Playoffs,Mike Scott,PHI,10,193.0,21,47,12,34,2,2,7,22,4,30,34,5,3,0,56,1988-07-16,237.0,United States,Hargrave Military Academy ,2.0,13.0,Atlanta Hawks,mike scott,PF,201.3,205.1,109.23,210.18,264.16,10.6,21.59,22.86,2012,2018,2018-10-01,30.2,5755,0.11,0.24,0.06,0.18,0.01,0.01,0.04,0.11,0.02,0.16,0.18,0.03,0.02,0.0,0.29,0.35
NBA,2018 - 2019,Playoffs,Jarrett Allen,BRK,5,110.2,19,32,0,0,17,20,8,13,15,19,34,11,3,3,55,1998-04-21,237.0,United States,St. Stephen's Episcopal School,1.0,22.0,Brooklyn Nets,jarrett allen,C,205.74,208.92,105.96,226.7,278.13,7.4,24.13,26.67,2017,2018,2018-10-01,20.4,5756,0.17,0.29,0.0,0.0,0.15,0.18,0.07,0.12,0.14,0.17,0.31,0.1,0.03,0.03,0.5,0.75
NBA,2018 - 2019,Playoffs,Rondae Hollis-Jefferson,BRK,4,62.5,16,33,1,1,20,25,3,7,3,9,12,6,1,5,53,1995-01-03,217.0,United States,Chester High School,1.0,23.0,Portland Trail Blazers,rondae hollis jefferson,SF,196.85,200.66,95.62,218.44,264.16,5.0,22.22,24.76,2015,2018,2018-10-01,23.7,5757,0.26,0.53,0.02,0.02,0.32,0.4,0.05,0.11,0.05,0.14,0.19,0.1,0.02,0.08,0.85,0.84
NBA,2018 - 2019,Playoffs,Andrew Bogut,GSW,19,178.5,24,37,0,0,4,5,10,38,23,51,74,21,5,6,52,1984-11-28,260.0,Australia,Australian Institute of Sport,1.0,1.0,Milwaukee Bucks,andrew bogut,C/PF,210.82,214.0,113.67,220.98,280.67,,,,2005,2018,2018-10-01,33.8,5758,0.13,0.21,0.0,0.0,0.02,0.03,0.06,0.21,0.13,0.29,0.41,0.12,0.03,0.03,0.29,0.73
NBA,2018 - 2019,Playoffs,Jakob Poeltl,SAS,7,176.9,23,36,0,1,5,9,3,26,25,29,54,12,2,5,51,1995-10-15,240.0,Austria,,1.0,9.0,Toronto Raptors,jakob poeltl,C,214.0,215.9,108.41,220.34,283.21,5.8,23.5,26.04,2016,2018,2018-10-01,23.0,5759,0.13,0.2,0.0,0.01,0.03,0.05,0.02,0.15,0.14,0.16,0.31,0.07,0.01,0.03,0.29,0.6
NBA,2018 - 2019,Playoffs,Darren Collison,IND,4,116.8,19,45,4,11,6,6,10,11,4,8,12,16,2,0,48,1987-08-23,175.0,United States,Etiwanda High School,1.0,21.0,New Orleans Pelicans,darren collison,PG,183.52,186.69,75.39,190.5,245.11,5.7,,,2009,2018,2018-10-01,31.1,5760,0.16,0.39,0.03,0.09,0.05,0.05,0.09,0.09,0.03,0.07,0.1,0.14,0.02,0.0,0.41,0.35
NBA,2018 - 2019,Playoffs,Landry Shamet,LAC,6,173.9,13,38,10,31,10,10,7,15,1,11,12,10,6,0,46,1997-03-13,190.0,United States,Park Hill High School,1.0,26.0,Philadelphia Sixers,landry shamet,PG,193.04,196.22,85.55,200.02,254.0,4.85,20.32,22.86,2018,2018,2018-10-01,21.6,5761,0.07,0.22,0.06,0.18,0.06,0.06,0.04,0.09,0.01,0.06,0.07,0.06,0.03,0.0,0.26,0.23
NBA,2018 - 2019,Playoffs,Joe Harris,BRK,5,149.3,16,43,4,21,8,8,9,12,6,15,21,3,3,0,44,1991-09-06,218.0,United States,Chelan High School,2.0,3.0,Cleveland Cavaliers,joe harris,SG,194.94,198.76,97.52,198.12,254.0,6.2,21.59,24.76,2014,2018,2018-10-01,27.1,5762,0.11,0.29,0.03,0.14,0.05,0.05,0.06,0.08,0.04,0.1,0.14,0.02,0.02,0.0,0.29,0.23
NBA,2018 - 2019,Playoffs,Evan Turner,POR,16,245.2,15,46,1,1,12,15,13,22,13,60,73,35,3,3,43,1988-10-27,220.0,United States,St. Joseph High School,1.0,2.0,Philadelphia Sixers,evan turner,SG,197.48,200.66,96.98,203.2,262.89,8.6,22.22,24.13,2010,2018,2018-10-01,29.9,5763,0.06,0.19,0.0,0.0,0.05,0.06,0.05,0.09,0.05,0.24,0.3,0.14,0.01,0.01,0.18,0.45
NBA,2018 - 2019,Playoffs,Thaddeus Young,IND,4,130.4,18,42,2,8,4,7,5,10,9,19,28,15,11,3,42,1988-06-21,221.0,United States,Mitchell High School,1.0,12.0,Philadelphia Sixers,thaddeus young,SF,197.48,201.93,95.25,212.09,269.24,4.9,,,2007,2018,2018-10-01,30.3,5764,0.14,0.32,0.02,0.06,0.03,0.05,0.04,0.08,0.07,0.15,0.21,0.12,0.08,0.02,0.32,0.51
NBA,2018 - 2019,Playoffs,Jordan Bell,GSW,15,105.5,17,31,0,0,7,10,2,13,7,12,19,11,4,7,41,1995-01-07,224.0,United States,Long Beach Polytechnic High School,2.0,8.0,Chicago Bulls,jordan bell,PF,200.66,204.47,101.42,212.72,265.43,5.4,23.5,24.13,2017,2018,2018-10-01,23.7,5765,0.16,0.29,0.0,0.0,0.07,0.09,0.02,0.12,0.07,0.11,0.18,0.1,0.04,0.07,0.39,0.61
NBA,2018 - 2019,Playoffs,Greg Monroe,PHI,10,89.7,16,40,1,4,7,9,4,11,14,17,31,4,5,4,40,1990-06-04,265.0,United States,Helen Cox High School,1.0,7.0,Detroit Pistons,greg monroe,PF/C,207.64,210.82,111.86,219.08,275.59,11.2,22.22,24.13,2010,2018,2018-10-01,28.3,5766,0.18,0.45,0.01,0.04,0.08,0.1,0.04,0.12,0.16,0.19,0.35,0.04,0.06,0.04,0.45,0.61
NBA,2018 - 2019,Playoffs,Myles Turner,IND,4,125.9,14,35,3,14,8,13,3,14,4,21,25,6,0,7,39,1996-03-24,250.0,United States,Trinity High School,1.0,11.0,Indiana Pacers,myles turner,C/PF,207.64,212.09,108.23,223.52,284.48,9.3,23.5,23.5,2015,2018,2018-10-01,22.5,5767,0.11,0.28,0.02,0.11,0.06,0.1,0.02,0.11,0.03,0.17,0.2,0.05,0.0,0.06,0.31,0.39
NBA,2018 - 2019,Playoffs,Gerald Green,HOU,11,97.1,12,40,10,29,5,5,3,12,0,12,12,1,3,3,39,1986-01-26,205.0,United States,Gulf Shores Academy,1.0,18.0,Boston Celtics,gerald green,SF,198.12,201.3,87.09,207.64,264.16,,,,2005,2018,2018-10-01,32.7,5768,0.12,0.41,0.1,0.3,0.05,0.05,0.03,0.12,0.0,0.12,0.12,0.01,0.03,0.03,0.4,0.27
NBA,2018 - 2019,Playoffs,Patty Mills,SAS,7,152.2,14,43,3,22,6,10,3,9,1,14,15,25,7,1,37,1988-08-11,180.0,Australia,Australian Institute of Sport,2.0,25.0,Portland Trail Blazers,patty mills,PG,180.98,184.15,79.56,187.96,241.3,6.9,,,2009,2018,2018-10-01,30.1,5769,0.09,0.28,0.02,0.14,0.04,0.07,0.02,0.06,0.01,0.09,0.1,0.16,0.05,0.01,0.24,0.32
NBA,2018 - 2019,Playoffs,Michael Carter-Williams,ORL,5,92.3,12,31,2,8,7,8,8,12,2,18,20,12,3,0,33,1991-10-10,190.0,United States,St. Andrew's High School ,1.0,11.0,Philadelphia Sixers,michael carter williams,PG,194.94,197.48,83.64,201.3,256.54,4.4,19.05,21.59,2013,2018,2018-10-01,27.0,5770,0.13,0.34,0.02,0.09,0.08,0.09,0.09,0.13,0.02,0.2,0.22,0.13,0.03,0.0,0.36,0.43
NBA,2018 - 2019,Playoffs,DeMarre Carroll,BRK,5,119.3,9,38,7,24,8,8,3,8,6,14,20,2,4,0,33,1986-07-27,215.0,United States,John Carroll Catholic High School,1.0,27.0,Memphis Grizzlies,demarre carroll,PF/SF,198.76,202.56,93.98,208.28,266.7,6.3,,,2009,2018,2018-10-01,32.2,5771,0.08,0.32,0.06,0.2,0.07,0.07,0.03,0.07,0.05,0.12,0.17,0.02,0.03,0.0,0.28,0.23
NBA,2018 - 2019,Playoffs,Joe Ingles,UTA,5,150.6,12,37,8,29,0,0,8,14,3,21,24,25,11,0,32,1987-10-02,226.0,Australia,Australian Institute of Sport,,,,joe ingles,SF,202.56,203.84,94.89,208.92,266.7,10.1,,,2009,2018,2018-10-01,31.0,5772,0.08,0.25,0.05,0.19,0.0,0.0,0.05,0.09,0.02,0.14,0.16,0.17,0.07,0.0,0.21,0.39
NBA,2018 - 2019,Playoffs,Wayne Ellington,DET,4,131.2,11,35,7,22,2,2,2,4,3,12,15,5,3,0,31,1987-11-29,200.0,United States,Episcopal Academy,1.0,28.0,Minnesota Timberwolves,wayne ellington,SG,193.68,196.22,91.81,199.39,254.0,5.5,,,2009,2018,2018-10-01,30.8,5773,0.08,0.27,0.05,0.17,0.02,0.02,0.02,0.03,0.02,0.09,0.11,0.04,0.02,0.0,0.24,0.2
NBA,2018 - 2019,Playoffs,Cory Joseph,IND,4,85.0,12,24,4,9,2,2,0,7,1,6,7,4,4,0,30,1991-08-20,200.0,Canada,Findlay College Prep,1.0,29.0,San Antonio Spurs,cory joseph,PG,187.96,191.14,84.46,196.85,251.46,9.7,21.59,26.67,2011,2018,2018-10-01,27.1,5774,0.14,0.28,0.05,0.11,0.02,0.02,0.0,0.08,0.01,0.07,0.08,0.05,0.05,0.0,0.35,0.39
NBA,2018 - 2019,Playoffs,Iman Shumpert,HOU,8,109.4,10,26,8,22,1,4,3,10,1,11,12,2,1,0,29,1990-06-26,220.0,United States,Oak Park & River Forest High School,1.0,17.0,New York Knicks,iman shumpert,PG/SG,193.68,196.85,100.61,207.01,252.73,6.5,22.86,22.86,2011,2018,2018-10-01,28.3,5775,0.09,0.24,0.07,0.2,0.01,0.04,0.03,0.09,0.01,0.1,0.11,0.02,0.01,0.0,0.27,0.2
NBA,2018 - 2019,Playoffs,Khem Birch,ORL,5,91.5,10,18,0,0,6,7,6,8,9,22,31,4,1,5,26,1992-09-28,220.0,Canada,Notre Dame Preparatory,,,,khem birch,PF,201.93,206.38,94.71,215.9,271.78,6.0,22.86,21.59,2014,2018,2018-10-01,26.0,5776,0.11,0.2,0.0,0.0,0.07,0.08,0.07,0.09,0.1,0.24,0.34,0.04,0.01,0.05,0.28,0.55
NBA,2018 - 2019,Playoffs,Terrance Ferguson,OKC,5,128.1,9,25,7,18,0,0,5,19,2,10,12,6,2,0,25,1998-05-17,190.0,United States,Prime Prep Academy,1.0,21.0,Oklahoma City Thunder,terrance ferguson,SG/SF,196.85,200.66,83.64,205.1,261.62,5.8,21.59,25.4,2017,2018,2018-10-01,20.4,5777,0.07,0.2,0.05,0.14,0.0,0.0,0.04,0.15,0.02,0.08,0.09,0.05,0.02,0.0,0.2,0.19
NBA,2018 - 2019,Playoffs,Nerlens Noel,OKC,5,60.3,12,20,0,0,0,2,5,9,11,8,19,0,2,3,24,1994-04-10,220.0,United States,Tilton School,1.0,6.0,New Orleans Pelicans,nerlens noel,C,208.28,212.72,93.62,222.88,279.4,4.15,24.13,25.4,2013,2018,2018-10-01,24.5,5778,0.2,0.33,0.0,0.0,0.0,0.03,0.08,0.15,0.18,0.13,0.32,0.0,0.03,0.05,0.4,0.56
NBA,2018 - 2019,Playoffs,T.J. McConnell,PHI,9,74.8,12,27,0,0,0,0,1,4,1,5,6,11,2,1,24,1992-03-25,190.0,United States,Chartiers Valley High School,,,,tj mcconnell,PG,184.15,187.96,85.18,187.96,245.11,7.3,19.05,17.78,2015,2018,2018-10-01,26.5,5779,0.16,0.36,0.0,0.0,0.0,0.0,0.01,0.05,0.01,0.07,0.08,0.15,0.03,0.01,0.32,0.38
NBA,2018 - 2019,Playoffs,Jodie Meeks,TOR,14,66.5,9,29,2,13,2,3,3,7,0,9,9,1,4,1,22,1987-08-21,210.0,United States,Norcross High School,2.0,11.0,Milwaukee Bucks,jodie meeks,SG,190.5,193.04,95.89,194.31,248.92,8.0,,,2009,2018,2018-10-01,31.1,5780,0.14,0.44,0.03,0.2,0.03,0.05,0.05,0.11,0.0,0.14,0.14,0.02,0.06,0.02,0.33,0.2
NBA,2018 - 2019,Playoffs,Thon Maker,DET,4,68.6,7,26,0,12,8,9,3,14,4,5,9,4,0,4,22,1997-02-25,221.0,South Sudan / Australia,Athlete Institute Prep,1.0,10.0,Milwaukee Bucks,thon maker,PF,212.72,215.26,97.98,220.98,280.67,6.05,22.22,24.13,2016,2018,2018-10-01,21.6,5781,0.1,0.38,0.0,0.17,0.12,0.13,0.04,0.2,0.06,0.07,0.13,0.06,0.0,0.06,0.32,0.24
NBA,2018 - 2019,Playoffs,Jared Dudley,BRK,4,82.2,3,11,2,9,4,4,4,10,0,2,2,11,3,1,12,1985-07-10,237.0,United States,Horizon High School,1.0,22.0,Charlotte Hornets,jared dudley,SF,195.58,201.3,99.34,200.66,259.08,7.1,,,2007,2018,2018-10-01,33.2,5782,0.04,0.13,0.02,0.11,0.05,0.05,0.05,0.12,0.0,0.02,0.02,0.13,0.04,0.01,0.15,0.21
NBA,2018 - 2019,Playoffs,Treveon Graham,BRK,5,78.7,2,10,0,7,3,6,3,10,3,8,11,3,2,1,7,1993-10-28,225.0,United States,St. Mary's Ryken High School,,,,treveon graham,SF,193.04,197.48,99.52,209.55,261.62,5.5,21.59,20.96,2015,2018,2018-10-01,24.9,5783,0.03,0.13,0.0,0.09,0.04,0.08,0.04,0.13,0.04,0.1,0.14,0.04,0.03,0.01,0.09,0.13
NBA,2019 - 2020,Playoffs,Anthony Davis,LAL,21,768.9,205,359,23,60,149,179,53,56,55,149,204,73,26,30,582,1993-03-11,253.0,United States,Perspectives Charter Academy,1.0,1.0,New Orleans Pelicans,anthony davis,PF/C,206.38,209.55,100.61,227.33,274.32,7.9,22.86,21.59,2012,2019,2019-10-01,26.6,6228,0.27,0.47,0.03,0.08,0.19,0.23,0.07,0.07,0.07,0.19,0.27,0.09,0.03,0.04,0.76,0.88
NBA,2019 - 2020,Playoffs,LeBron James,LAL,21,761.7,214,382,44,119,108,150,84,40,28,198,226,184,25,18,580,1984-12-30,250.0,United States,St. Vincent St. Mary High School,1.0,1.0,Cleveland Cavaliers,lebron james,SF/SG,201.3,,111.13,214.0,269.88,6.7,,,2003,2019,2019-10-01,34.8,6229,0.28,0.5,0.06,0.16,0.14,0.2,0.11,0.05,0.04,0.26,0.3,0.24,0.03,0.02,0.76,0.96
NBA,2019 - 2020,Playoffs,Jimmy Butler,MIA,21,806.5,144,295,15,43,164,191,59,37,46,90,136,127,41,14,467,1989-09-14,232.0,United States,Tomball High School,1.0,30.0,Chicago Bulls,jimmy butler,SF,198.12,202.56,100.79,201.93,257.81,5.4,22.86,22.86,2011,2019,2019-10-01,30.0,6230,0.18,0.37,0.02,0.05,0.2,0.24,0.07,0.05,0.06,0.11,0.17,0.16,0.05,0.02,0.58,0.68
NBA,2019 - 2020,Playoffs,Jaylen Brown,BOS,17,672.0,137,288,43,120,53,63,41,48,24,103,127,39,26,9,370,1996-10-24,220.0,United States,Joseph Wheeler High School,1.0,3.0,Boston Celtics,jaylen brown,SG/SF,196.22,200.02,101.06,212.72,260.35,5.05,22.22,22.86,2016,2019,2019-10-01,22.9,6231,0.2,0.43,0.06,0.18,0.08,0.09,0.06,0.07,0.04,0.15,0.19,0.06,0.04,0.01,0.55,0.55
NBA,2019 - 2020,Playoffs,Kawhi Leonard,LAC,13,510.9,131,268,24,73,81,94,33,29,24,97,121,72,30,11,367,1991-06-29,230.0,United States,Martin Luther King High School,1.0,15.0,Indiana Pacers,kawhi leonard,SF,198.12,200.66,103.15,220.98,269.24,5.4,24.76,28.58,2011,2019,2019-10-01,28.3,6232,0.26,0.52,0.05,0.14,0.16,0.18,0.06,0.06,0.05,0.19,0.24,0.14,0.06,0.02,0.72,0.84
NBA,2019 - 2020,Playoffs,James Harden,HOU,12,447.8,109,228,39,117,98,116,45,43,12,55,67,92,18,10,355,1989-08-26,220.0,United States,Artesia High School,1.0,3.0,Oklahoma City Thunder,james harden,SG,193.04,196.22,100.7,210.18,262.89,10.1,,,2009,2019,2019-10-01,30.1,6233,0.24,0.51,0.09,0.26,0.22,0.26,0.1,0.1,0.03,0.12,0.15,0.21,0.04,0.02,0.79,0.8
NBA,2019 - 2020,Playoffs,Tyler Herro,MIA,21,706.5,120,277,48,128,47,54,42,31,7,100,107,77,8,2,335,2000-01-20,195.0,United States,Whitnall High School,1.0,13.0,Miami Heat,tyler herro,SG,194.31,198.12,87.27,191.14,255.27,7.1,20.32,22.22,2019,2019,2019-10-01,19.7,6234,0.17,0.39,0.07,0.18,0.07,0.08,0.06,0.04,0.01,0.14,0.15,0.11,0.01,0.0,0.47,0.45
NBA,2019 - 2020,Playoffs,Kemba Walker,BOS,17,627.8,113,256,39,126,69,81,32,43,6,63,69,86,15,7,334,1990-05-08,184.0,United States,Rice High School,1.0,9.0,Charlotte Hornets,kemba walker,PG,181.61,185.42,83.46,191.77,232.41,5.9,20.32,22.86,2011,2019,2019-10-01,29.4,6235,0.18,0.41,0.06,0.2,0.11,0.13,0.05,0.07,0.01,0.1,0.11,0.14,0.02,0.01,0.53,0.51
NBA,2019 - 2020,Playoffs,Paul George,LAC,13,478.8,88,221,37,111,50,55,40,49,14,65,79,49,19,7,263,1990-05-02,220.0,United States,Pete Knight High School,1.0,10.0,Indiana Pacers,paul george,SF,202.56,205.1,97.25,211.46,271.78,5.0,21.59,22.86,2010,2019,2019-10-01,29.4,6236,0.18,0.46,0.08,0.23,0.1,0.11,0.08,0.1,0.03,0.14,0.16,0.1,0.04,0.01,0.55,0.49
NBA,2019 - 2020,Playoffs,Donovan Mitchell,UTA,7,263.6,83,157,33,64,55,58,29,11,6,29,35,34,7,2,254,1996-09-07,215.0,United States,Brewster Academy,1.0,13.0,Denver Nuggets,donovan mitchell,SG,186.06,190.5,95.89,208.28,246.38,5.9,21.59,24.13,2017,2019,2019-10-01,23.1,6237,0.31,0.6,0.13,0.24,0.21,0.22,0.11,0.04,0.02,0.11,0.13,0.13,0.03,0.01,0.96,0.85
NBA,2019 - 2020,Playoffs,Jae Crowder,MIA,21,660.0,81,201,55,161,35,46,15,55,11,106,117,39,14,12,252,1990-07-06,235.0,United States,Villa Rica High School,2.0,4.0,Cleveland Cavaliers,jae crowder,SF,194.94,199.39,109.41,206.38,252.73,9.0,24.13,26.67,2012,2019,2019-10-01,29.2,6238,0.12,0.3,0.08,0.24,0.05,0.07,0.02,0.08,0.02,0.16,0.18,0.06,0.02,0.02,0.38,0.44
NBA,2019 - 2020,Playoffs,Marcus Smart,BOS,17,647.6,78,198,41,123,49,56,45,55,10,79,89,78,21,8,246,1994-03-06,220.0,United States,Marcus High School,1.0,6.0,Boston Celtics,marcus smart,PG,187.96,191.14,103.06,206.38,251.46,10.55,22.86,22.22,2014,2019,2019-10-01,25.6,6239,0.12,0.31,0.06,0.19,0.08,0.09,0.07,0.08,0.02,0.12,0.14,0.12,0.03,0.01,0.38,0.41
NBA,2019 - 2020,Playoffs,Kentavious Caldwell-Pope,LAL,21,608.3,79,189,45,119,22,27,15,40,8,36,44,28,21,4,225,1993-02-18,205.0,United States,Greenville High School,1.0,8.0,Detroit Pistons,kentavious caldwell pope,SG,194.31,196.85,92.35,203.2,255.27,6.45,21.59,22.86,2013,2019,2019-10-01,26.6,6240,0.13,0.31,0.07,0.2,0.04,0.04,0.02,0.07,0.01,0.06,0.07,0.05,0.03,0.01,0.37,0.33
NBA,2019 - 2020,Playoffs,Jerami Grant,DEN,19,652.7,71,175,31,95,48,54,25,59,8,55,63,25,11,15,221,1994-03-12,220.0,United States,DeMatha Catholic High School,2.0,9.0,Philadelphia Sixers,jerami grant,SF,199.39,202.56,97.07,220.34,271.78,3.75,23.5,23.5,2014,2019,2019-10-01,25.6,6241,0.11,0.27,0.05,0.15,0.07,0.08,0.04,0.09,0.01,0.08,0.1,0.04,0.02,0.02,0.34,0.31
NBA,2019 - 2020,Playoffs,Kyle Kuzma,LAL,21,484.1,77,179,26,83,29,37,21,50,18,47,65,17,6,7,209,1995-07-24,220.0,United States,Rise Academy,1.0,27.0,Brooklyn Nets,kyle kuzma,SF/SG,203.2,207.01,100.97,214.0,273.05,9.4,21.59,24.13,2017,2019,2019-10-01,24.2,6242,0.16,0.37,0.05,0.17,0.06,0.08,0.04,0.1,0.04,0.1,0.13,0.04,0.01,0.01,0.43,0.35
NBA,2019 - 2020,Playoffs,Eric Gordon,HOU,12,409.6,72,176,29,90,35,40,24,26,6,26,32,36,10,7,208,1988-12-25,215.0,United States,North Central High School,1.0,7.0,Los Angeles Clippers,eric gordon,SG,187.96,191.14,100.7,205.74,251.46,8.2,,,2008,2019,2019-10-01,30.8,6243,0.18,0.43,0.07,0.22,0.09,0.1,0.06,0.06,0.01,0.06,0.08,0.09,0.02,0.02,0.51,0.4
NBA,2019 - 2020,Playoffs,Khris Middleton,MIL,10,355.3,71,180,23,65,38,46,34,41,5,64,69,60,11,2,203,1991-08-12,222.0,United States,Porter-Gaud High School,2.0,9.0,Detroit Pistons,khris middleton,SF,200.02,203.84,98.07,210.18,261.62,7.8,22.86,22.86,2012,2019,2019-10-01,28.1,6244,0.2,0.51,0.06,0.18,0.11,0.13,0.1,0.12,0.01,0.18,0.19,0.17,0.03,0.01,0.57,0.54
NBA,2019 - 2020,Playoffs,Pascal Siakam,TOR,11,418.2,72,182,10,53,33,46,22,33,14,69,83,42,12,4,187,1994-04-02,230.0,Cameroon,God's Academy,1.0,27.0,Toronto Raptors,pascal siakam,PF,203.84,207.01,102.78,221.62,273.05,5.2,23.5,25.4,2016,2019,2019-10-01,25.5,6245,0.17,0.44,0.02,0.13,0.08,0.11,0.05,0.08,0.03,0.16,0.2,0.1,0.03,0.01,0.45,0.44
NBA,2019 - 2020,Playoffs,Monte Morris,DEN,19,405.9,66,133,12,40,28,34,10,20,4,25,29,52,12,2,172,1995-06-27,175.0,United States,Flint Beecher High School,2.0,21.0,Denver Nuggets,monte morris,PG,186.06,189.23,79.47,193.04,245.11,6.9,20.96,22.22,2017,2019,2019-10-01,24.3,6246,0.16,0.33,0.03,0.1,0.07,0.08,0.02,0.05,0.01,0.06,0.07,0.13,0.03,0.0,0.42,0.45
NBA,2019 - 2020,Playoffs,Danny Green,LAL,21,524.7,59,170,39,115,10,15,12,48,25,41,66,26,20,16,167,1987-06-22,215.0,United States,St. Mary's High School,2.0,16.0,Cleveland Cavaliers,danny green,SG/SF,196.22,199.39,94.35,208.28,261.62,5.6,,,2009,2019,2019-10-01,32.3,6247,0.11,0.32,0.07,0.22,0.02,0.03,0.02,0.09,0.05,0.08,0.13,0.05,0.04,0.03,0.32,0.33
NBA,2019 - 2020,Playoffs,Brook Lopez,MIL,10,327.8,61,114,21,53,15,20,12,27,19,36,55,5,10,13,158,1988-04-01,270.0,United States,San Joaquin Memorial High School,1.0,10.0,New Jersey Nets,brook lopez,C,211.46,214.63,117.03,227.33,287.02,6.3,,,2008,2019,2019-10-01,31.5,6248,0.19,0.35,0.06,0.16,0.05,0.06,0.04,0.08,0.06,0.11,0.17,0.02,0.03,0.04,0.48,0.53
NBA,2019 - 2020,Playoffs,Marcus Morris,LAC,13,388.3,56,111,28,59,13,14,9,39,11,52,63,21,11,1,153,1989-09-02,235.0,United States,APEX Academy,1.0,14.0,Houston Rockets,marcus morris,PF/SF,200.66,205.1,104.14,208.28,267.97,8.0,20.96,21.59,2011,2019,2019-10-01,30.1,6249,0.14,0.29,0.07,0.15,0.03,0.04,0.02,0.1,0.03,0.13,0.16,0.05,0.03,0.0,0.39,0.45
NBA,2019 - 2020,Playoffs,Paul Millsap,DEN,19,459.4,47,118,15,44,43,54,25,49,26,63,89,23,12,9,152,1985-02-10,246.0,United States,Grambling Laboratory High School,2.0,17.0,Utah Jazz,paul millsap,PF,198.76,201.3,117.03,217.17,267.97,9.7,,,2006,2019,2019-10-01,34.6,6250,0.1,0.26,0.03,0.1,0.09,0.12,0.05,0.11,0.06,0.14,0.19,0.05,0.03,0.02,0.33,0.38
NBA,2019 - 2020,Playoffs,Chris Paul,OKC,7,261.2,55,112,16,43,23,26,23,18,3,49,52,37,11,3,149,1985-05-06,175.0,United States,West Forsyth High School,1.0,4.0,New Orleans Pelicans,chris paul,PG,182.24,185.42,80.74,193.68,236.22,,,,2005,2019,2019-10-01,34.4,6251,0.21,0.43,0.06,0.16,0.09,0.1,0.09,0.07,0.01,0.19,0.2,0.14,0.04,0.01,0.57,0.64
NBA,2019 - 2020,Playoffs,Norman Powell,TOR,11,273.2,51,104,22,52,23,29,11,29,4,22,26,11,6,3,147,1993-05-25,215.0,United States,Lincoln High School ,2.0,16.0,Milwaukee Bucks,norman powell,SG,190.5,193.68,97.7,210.18,260.35,6.4,23.5,22.86,2015,2019,2019-10-01,26.4,6252,0.19,0.38,0.08,0.19,0.08,0.11,0.04,0.11,0.01,0.08,0.1,0.04,0.02,0.01,0.54,0.45
NBA,2019 - 2020,Playoffs,Russell Westbrook,HOU,8,261.7,59,140,8,33,17,32,30,23,11,45,56,37,12,2,143,1988-11-12,200.0,United States,Leuzinger High School,1.0,4.0,Seattle SuperSonics,russell westbrook,PG,188.6,191.77,87.09,202.56,254.0,4.8,,,2008,2019,2019-10-01,30.9,6253,0.23,0.53,0.03,0.13,0.06,0.12,0.11,0.09,0.04,0.17,0.21,0.14,0.05,0.01,0.55,0.49
NBA,2019 - 2020,Playoffs,Nikola Vucevic,ORL,5,184.7,56,111,18,44,10,11,13,13,9,46,55,20,4,3,140,1990-10-24,260.0,Switzerland / Montenegro,Stoneridge Prep,1.0,16.0,Philadelphia Sixers,nikola vucevic,PF/C,208.92,212.72,117.84,224.79,285.75,6.1,23.5,26.04,2011,2019,2019-10-01,28.9,6254,0.3,0.6,0.1,0.24,0.05,0.06,0.07,0.07,0.05,0.25,0.3,0.11,0.02,0.02,0.76,0.83
NBA,2019 - 2020,Playoffs,Jeff Green,HOU,12,341.3,51,103,23,54,14,17,15,27,5,55,60,19,6,6,139,1986-08-28,235.0,United States,Northwestern High School,1.0,5.0,Boston Celtics,jeff green,SF,200.66,207.01,103.42,216.54,261.62,3.7,,,2007,2019,2019-10-01,33.1,6255,0.15,0.3,0.07,0.16,0.04,0.05,0.04,0.08,0.01,0.16,0.18,0.06,0.02,0.02,0.41,0.49
NBA,2019 - 2020,Playoffs,Montrezl Harrell,LAC,13,243.2,47,82,1,5,41,68,12,28,11,27,38,5,5,7,136,1994-01-26,240.0,United States,Hargrave Military Academy ,2.0,2.0,Houston Rockets,montrezl harrell,PF,200.66,201.93,114.94,224.16,276.86,11.9,22.86,24.76,2015,2019,2019-10-01,25.7,6256,0.19,0.34,0.0,0.02,0.17,0.28,0.05,0.12,0.05,0.11,0.16,0.02,0.02,0.03,0.56,0.48
NBA,2019 - 2020,Playoffs,Robert Covington,HOU,12,378.7,47,95,34,68,6,7,12,45,8,52,60,17,30,13,134,1990-12-14,225.0,United States,Proviso West High School,,,,robert covington,SF/PF,198.76,201.93,94.62,217.8,269.24,4.7,22.86,21.59,2013,2019,2019-10-01,28.8,6257,0.12,0.25,0.09,0.18,0.02,0.02,0.03,0.12,0.02,0.14,0.16,0.04,0.08,0.03,0.35,0.5
NBA,2019 - 2020,Playoffs,Kelly Olynyk,MIA,17,258.4,45,95,17,49,23,28,13,35,13,66,79,19,4,8,130,1991-04-19,240.0,Canada,Kamloops High School,1.0,13.0,Dallas Mavericks,kelly olynyk,PF/C,210.18,213.36,106.14,207.64,274.32,6.65,21.59,25.4,2013,2019,2019-10-01,28.5,6258,0.17,0.37,0.07,0.19,0.09,0.11,0.05,0.14,0.05,0.26,0.31,0.07,0.02,0.03,0.5,0.66
NBA,2019 - 2020,Playoffs,Markieff Morris,LAL,21,385.4,44,98,29,69,7,9,17,54,12,52,64,20,6,3,124,1989-09-02,245.0,United States,APEX Academy,1.0,13.0,Phoenix Suns,markieff morris,PF,202.56,206.38,109.23,210.18,270.51,10.2,21.59,20.96,2011,2019,2019-10-01,30.1,6259,0.11,0.25,0.08,0.18,0.02,0.02,0.04,0.14,0.03,0.13,0.17,0.05,0.02,0.01,0.32,0.39
NBA,2019 - 2020,Playoffs,Dennis Schroder,OKC,7,226.9,44,109,13,45,20,25,17,15,2,24,26,25,4,1,121,1993-09-15,172.0,Germany,,1.0,17.0,Atlanta Hawks,dennis schroder,PG,185.42,187.96,74.75,202.56,248.92,4.1,22.22,26.67,2013,2019,2019-10-01,26.0,6260,0.19,0.48,0.06,0.2,0.09,0.11,0.07,0.07,0.01,0.11,0.11,0.11,0.02,0.0,0.53,0.39
NBA,2019 - 2020,Playoffs,Rudy Gobert,UTA,7,270.3,48,74,0,0,22,42,9,26,24,56,80,8,4,10,118,1992-06-26,245.0,France,,1.0,27.0,Denver Nuggets,rudy gobert,C,214.63,218.44,107.77,234.95,292.1,4.4,24.76,25.4,2013,2019,2019-10-01,27.3,6261,0.18,0.27,0.0,0.0,0.08,0.16,0.03,0.1,0.09,0.21,0.3,0.03,0.01,0.04,0.44,0.62
NBA,2019 - 2020,Playoffs,Jordan Clarkson,UTA,7,200.1,45,97,17,49,10,10,7,15,2,22,24,15,6,0,117,1992-06-07,194.0,United States,Wagner High School,2.0,16.0,Washington Wizards,jordan clarkson,PG,191.14,195.58,84.5,203.2,248.92,4.3,20.96,22.86,2014,2019,2019-10-01,27.3,6262,0.22,0.48,0.08,0.24,0.05,0.05,0.03,0.07,0.01,0.11,0.12,0.07,0.03,0.0,0.58,0.51
NBA,2019 - 2020,Playoffs,C.J. McCollum,POR,5,196.2,44,99,13,35,15,22,15,10,5,24,29,16,6,2,116,1991-09-19,190.0,United States,Glen Oak High School,1.0,10.0,Portland Trail Blazers,cj mccollum,PG/SG,188.6,191.14,89.36,198.76,245.11,8.6,20.32,24.13,2013,2019,2019-10-01,28.0,6263,0.22,0.5,0.07,0.18,0.08,0.11,0.08,0.05,0.03,0.12,0.15,0.08,0.03,0.01,0.59,0.47
NBA,2019 - 2020,Playoffs,Shai Gilgeous-Alexander,OKC,7,279.0,39,90,14,35,22,23,15,17,3,34,37,29,7,3,114,1998-07-12,181.0,Canada,Hamilton Heights Christian Academy,1.0,11.0,Charlotte Hornets,shai gilgeous alexander,PG,194.31,198.12,81.65,212.09,264.16,3.0,22.86,22.86,2018,2019,2019-10-01,21.2,6264,0.14,0.32,0.05,0.13,0.08,0.08,0.05,0.06,0.01,0.12,0.13,0.1,0.03,0.01,0.41,0.45
NBA,2019 - 2020,Playoffs,Tim Hardaway Jr.,DAL,6,203.6,40,95,19,54,8,11,3,16,3,18,21,11,2,0,107,1992-03-16,205.0,United States,Palmetto High School,1.0,24.0,New York Knicks,tim hardaway jr,SG,194.31,198.76,90.45,200.66,256.54,6.05,20.32,23.5,2013,2019,2019-10-01,27.5,6265,0.2,0.47,0.09,0.27,0.04,0.05,0.01,0.08,0.01,0.09,0.1,0.05,0.01,0.0,0.53,0.4
NBA,2019 - 2020,Playoffs,Eric Bledsoe,MIL,9,267.1,38,98,8,32,21,26,23,20,5,36,41,53,11,6,105,1989-12-09,205.0,United States,Parker High School,1.0,18.0,Oklahoma City Thunder,eric bledsoe,PG,183.52,186.69,86.91,201.93,248.92,5.6,21.59,24.76,2010,2019,2019-10-01,29.8,6266,0.14,0.37,0.03,0.12,0.08,0.1,0.09,0.07,0.02,0.13,0.15,0.2,0.04,0.02,0.39,0.46
NBA,2019 - 2020,Playoffs,Dwight Howard,LAL,18,282.0,39,57,1,2,25,45,16,55,32,51,83,9,8,8,104,1985-12-08,265.0,United States,Southwest Atlanta Christian Academy,1.0,1.0,Orlando Magic,dwight howard,PF/C,205.74,208.92,108.86,224.79,283.21,10.5,,,2004,2019,2019-10-01,33.8,6267,0.14,0.2,0.0,0.01,0.09,0.16,0.06,0.2,0.11,0.18,0.29,0.03,0.03,0.03,0.37,0.56
NBA,2019 - 2020,Playoffs,Gary Harris,DEN,14,379.3,34,90,19,52,17,22,21,45,7,21,28,24,16,4,104,1994-09-14,210.0,United States,Hamilton Southeastern High School,1.0,19.0,Chicago Bulls,gary harris,SG,189.23,194.31,92.9,200.02,243.84,4.55,21.59,24.13,2014,2019,2019-10-01,25.0,6268,0.09,0.24,0.05,0.14,0.04,0.06,0.06,0.12,0.02,0.06,0.07,0.06,0.04,0.01,0.27,0.22
NBA,2019 - 2020,Playoffs,Mike Conley,UTA,5,164.9,31,64,18,34,19,22,5,10,3,11,14,26,8,1,99,1987-10-11,175.0,United States,Lawrence North High School,1.0,4.0,Memphis Grizzlies,mike conley,PG,180.34,184.78,79.38,197.48,240.03,4.2,,,2007,2019,2019-10-01,32.0,6269,0.19,0.39,0.11,0.21,0.12,0.13,0.03,0.06,0.02,0.07,0.08,0.16,0.05,0.01,0.6,0.66
NBA,2019 - 2020,Playoffs,Damian Lillard,POR,4,142.6,26,64,13,33,32,33,14,4,1,13,14,17,2,1,97,1990-07-15,195.0,United States,Oakland High School,1.0,6.0,Portland Trail Blazers,damian lillard,PG,187.32,189.86,85.64,202.56,242.57,5.9,22.22,24.76,2012,2019,2019-10-01,29.2,6270,0.18,0.45,0.09,0.23,0.22,0.23,0.1,0.03,0.01,0.09,0.1,0.12,0.01,0.01,0.68,0.54
NBA,2019 - 2020,Playoffs,George Hill,MIL,10,268.4,32,67,10,28,21,26,16,17,5,19,24,31,6,0,95,1986-05-04,188.0,United States,Broad Ripple High School,1.0,26.0,San Antonio Spurs,george hill,PG,186.06,189.23,82.1,205.74,247.65,3.0,,,2008,2019,2019-10-01,33.4,6271,0.12,0.25,0.04,0.1,0.08,0.1,0.06,0.06,0.02,0.07,0.09,0.12,0.02,0.0,0.35,0.37
NBA,2019 - 2020,Playoffs,Malcolm Brogdon,IND,4,159.8,26,65,9,24,25,28,10,10,0,17,17,40,4,0,86,1992-12-11,229.0,United States,Greater Atlanta Christian School,2.0,6.0,Milwaukee Bucks,malcolm brogdon,SG,192.4,196.85,101.15,209.55,248.92,5.4,22.86,26.04,2016,2019,2019-10-01,26.8,6272,0.16,0.41,0.06,0.15,0.16,0.18,0.06,0.06,0.0,0.11,0.11,0.25,0.03,0.0,0.54,0.6
NBA,2019 - 2020,Playoffs,Terrence Ross,ORL,5,135.1,30,64,10,30,12,14,8,14,1,21,22,5,4,1,82,1991-02-05,206.0,United States,Jefferson High School,1.0,8.0,Toronto Raptors,terrence ross,SG/SF,198.12,200.66,89.18,201.3,255.27,3.2,22.22,26.04,2012,2019,2019-10-01,28.7,6273,0.22,0.47,0.07,0.22,0.09,0.1,0.06,0.1,0.01,0.16,0.16,0.04,0.03,0.01,0.61,0.53
NBA,2019 - 2020,Playoffs,Caris LeVert,BRK,4,139.6,27,73,9,21,18,25,13,7,8,15,23,38,5,1,81,1994-08-25,204.0,United States,Pickerington High School Central,1.0,20.0,Indiana Pacers,caris levert,SG,197.48,200.66,86.64,208.28,256.54,7.55,21.59,23.5,2016,2019,2019-10-01,25.1,6274,0.19,0.52,0.06,0.15,0.13,0.18,0.09,0.05,0.06,0.11,0.16,0.27,0.04,0.01,0.58,0.59
NBA,2019 - 2020,Playoffs,T.J. Warren,IND,4,156.3,32,68,7,19,9,9,11,16,5,20,25,12,9,1,80,1993-09-05,215.0,United States,Word of God Christian Academy,1.0,14.0,Phoenix Suns,tj warren,SF,200.66,203.84,99.88,208.92,264.16,7.95,22.22,22.86,2014,2019,2019-10-01,26.1,6275,0.2,0.44,0.04,0.12,0.06,0.06,0.07,0.1,0.03,0.13,0.16,0.08,0.06,0.01,0.51,0.51
NBA,2019 - 2020,Playoffs,Andre Iguodala,MIA,21,409.7,30,65,14,39,5,7,14,44,11,43,54,31,17,13,79,1984-01-28,215.0,United States,Lanphier High School,1.0,9.0,Philadelphia Sixers,andre iguodala,SG/SF,197.48,200.02,98.43,210.82,267.97,6.7,,,2004,2019,2019-10-01,35.7,6276,0.07,0.16,0.03,0.1,0.01,0.02,0.03,0.11,0.03,0.1,0.13,0.08,0.04,0.03,0.19,0.34
NBA,2019 - 2020,Playoffs,JaMychal Green,LAC,13,221.7,31,55,10,23,7,9,5,29,13,36,49,7,2,3,79,1990-06-21,227.0,United States,St. Jude High School,,,,jamychal green,PF,203.2,205.74,98.61,219.08,270.51,9.8,23.5,23.5,2012,2019,2019-10-01,29.3,6277,0.14,0.25,0.05,0.1,0.03,0.04,0.02,0.13,0.06,0.16,0.22,0.03,0.01,0.01,0.36,0.49
NBA,2019 - 2020,Playoffs,Seth Curry,DAL,6,172.7,31,53,10,21,5,5,8,14,2,9,11,8,6,0,77,1990-08-23,185.0,United States,Charlotte Christian School,,,,seth curry,SG,185.42,190.5,81.28,193.04,247.65,9.6,20.32,20.96,2013,2019,2019-10-01,29.1,6278,0.18,0.31,0.06,0.12,0.03,0.03,0.05,0.08,0.01,0.05,0.06,0.05,0.03,0.0,0.45,0.41
NBA,2019 - 2020,Playoffs,Carmelo Anthony,POR,5,175.6,28,68,8,19,12,14,13,20,1,24,25,10,5,2,76,1984-05-29,240.0,United States,Oak Hill Academy,1.0,3.0,Denver Nuggets,carmelo anthony,SF,198.76,,105.69,213.36,267.97,8.0,,,2003,2019,2019-10-01,35.3,6279,0.16,0.39,0.05,0.11,0.07,0.08,0.07,0.11,0.01,0.14,0.14,0.06,0.03,0.01,0.43,0.36
NBA,2019 - 2020,Playoffs,Luguentz Dort,OKC,6,174.9,27,76,13,50,8,15,15,25,5,17,22,6,2,6,75,1999-04-19,215.0,Canada,Athlete Institute Prep,,,,luguentz dort,PG,189.86,193.68,100.79,204.47,252.73,5.0,21.59,22.86,2019,2019,2019-10-01,20.5,6280,0.15,0.43,0.07,0.29,0.05,0.09,0.09,0.14,0.03,0.1,0.13,0.03,0.01,0.03,0.43,0.22
NBA,2019 - 2020,Playoffs,Trey Burke,DAL,6,156.4,30,59,8,17,6,10,6,14,2,17,19,12,8,2,74,1992-11-12,175.0,United States,Northland High School,1.0,9.0,Minnesota Timberwolves,trey burke,PG,182.24,186.06,84.82,196.85,247.65,6.9,20.96,22.22,2013,2019,2019-10-01,26.9,6281,0.19,0.38,0.05,0.11,0.04,0.06,0.04,0.09,0.01,0.11,0.12,0.08,0.05,0.01,0.47,0.48
NBA,2019 - 2020,Playoffs,Steven Adams,OKC,7,210.3,31,52,0,1,9,20,16,10,34,47,81,9,4,2,71,1993-07-20,265.0,New Zealand,Scots College,1.0,12.0,Oklahoma City Thunder,steven adams,C,210.18,213.36,115.44,224.79,278.13,6.65,24.13,27.94,2013,2019,2019-10-01,26.2,6282,0.15,0.25,0.0,0.0,0.04,0.1,0.08,0.05,0.16,0.22,0.39,0.04,0.02,0.01,0.34,0.56
NBA,2019 - 2020,Playoffs,Victor Oladipo,IND,4,122.5,22,56,12,33,15,16,14,14,0,13,13,10,9,0,71,1992-05-04,210.0,United States,DeMatha Catholic High School,1.0,2.0,Orlando Magic,victor oladipo,SG,191.14,193.68,96.71,206.38,255.27,6.55,22.22,23.5,2013,2019,2019-10-01,27.4,6283,0.18,0.46,0.1,0.27,0.12,0.13,0.11,0.11,0.0,0.11,0.11,0.08,0.07,0.0,0.58,0.44
NBA,2019 - 2020,Playoffs,Landry Shamet,LAC,13,243.1,24,59,15,42,5,7,13,18,0,22,22,17,6,3,68,1997-03-13,190.0,United States,Park Hill High School,1.0,26.0,Philadelphia Sixers,landry shamet,PG,193.04,196.22,85.55,200.02,254.0,4.85,20.32,22.86,2018,2019,2019-10-01,22.6,6284,0.1,0.24,0.06,0.17,0.02,0.03,0.05,0.07,0.0,0.09,0.09,0.07,0.02,0.01,0.28,0.27
NBA,2019 - 2020,Playoffs,Donte DiVincenzo,MIL,10,164.8,23,51,7,21,13,20,10,21,8,24,32,12,7,3,66,1997-01-31,203.0,United States,Salesianum School,1.0,17.0,Milwaukee Bucks,donte divincenzo,SG,191.77,194.31,90.99,198.12,247.65,5.0,20.96,22.86,2018,2019,2019-10-01,22.7,6285,0.14,0.31,0.04,0.13,0.08,0.12,0.06,0.13,0.05,0.15,0.19,0.07,0.04,0.02,0.4,0.45
NBA,2019 - 2020,Playoffs,D.J. Augustin,ORL,5,127.8,18,46,8,17,22,23,12,6,0,10,10,30,1,0,66,1987-11-10,183.0,United States,Hightower High School,1.0,9.0,Charlotte Hornets,dj augustin,PG,177.8,181.61,77.79,191.77,240.03,8.1,,,2008,2019,2019-10-01,31.9,6286,0.14,0.36,0.06,0.13,0.17,0.18,0.09,0.05,0.0,0.08,0.08,0.23,0.01,0.0,0.52,0.52
NBA,2019 - 2020,Playoffs,Joe Ingles,UTA,7,234.3,22,54,14,40,6,6,4,15,1,23,24,33,4,1,64,1987-10-02,226.0,Australia,Australian Institute of Sport,,,,joe ingles,SF,202.56,203.84,94.89,208.92,266.7,10.1,,,2009,2019,2019-10-01,32.0,6287,0.09,0.23,0.06,0.17,0.03,0.03,0.02,0.06,0.0,0.1,0.1,0.14,0.02,0.0,0.27,0.37
NBA,2019 - 2020,Playoffs,Myles Turner,IND,4,145.5,25,44,6,14,7,16,9,13,11,32,43,3,2,16,63,1996-03-24,250.0,United States,Trinity High School,1.0,11.0,Indiana Pacers,myles turner,C/PF,207.64,212.09,108.23,223.52,284.48,9.3,23.5,23.5,2015,2019,2019-10-01,23.5,6288,0.17,0.3,0.04,0.1,0.05,0.11,0.06,0.09,0.08,0.22,0.3,0.02,0.01,0.11,0.43,0.62
NBA,2019 - 2020,Playoffs,Tobias Harris,PHI,4,148.6,23,60,2,15,15,19,5,11,14,24,38,16,2,1,63,1992-07-15,235.0,United States,Half Hollow Hills West High School,1.0,19.0,Charlotte Hornets,tobias harris,SF/PF,199.39,202.56,101.06,210.82,262.89,8.4,22.22,22.86,2011,2019,2019-10-01,27.2,6289,0.15,0.4,0.01,0.1,0.1,0.13,0.03,0.07,0.09,0.16,0.26,0.11,0.01,0.01,0.42,0.5
NBA,2019 - 2020,Playoffs,Kyle Korver,MIL,10,118.7,20,47,15,37,7,7,5,9,1,7,8,1,3,1,62,1981-03-17,212.0,United States,Pella High School,2.0,22.0,New Jersey Nets,kyle korver,SF,198.76,,95.71,207.01,260.35,6.7,,,2003,2019,2019-10-01,38.5,6290,0.17,0.4,0.13,0.31,0.06,0.06,0.04,0.08,0.01,0.06,0.07,0.01,0.03,0.01,0.52,0.37
NBA,2019 - 2020,Playoffs,Dorian Finney-Smith,DAL,6,190.6,23,52,11,30,4,5,9,22,12,22,34,19,7,3,61,1993-05-04,220.0,United States,I.C. Norcom High School,,,,dorian finney smith,SF,199.39,202.56,96.43,212.72,267.97,6.45,22.86,24.76,2016,2019,2019-10-01,26.4,6291,0.12,0.27,0.06,0.16,0.02,0.03,0.05,0.12,0.06,0.12,0.18,0.1,0.04,0.02,0.32,0.45
NBA,2019 - 2020,Playoffs,Markelle Fultz,ORL,5,146.7,24,60,6,16,6,7,13,20,0,11,11,26,5,3,60,1998-05-29,200.0,United States,DeMatha Catholic High School,1.0,1.0,Philadelphia Sixers,markelle fultz,PG,,,,,,,,,2017,2019,2019-10-01,21.3,6292,0.16,0.41,0.04,0.11,0.04,0.05,0.09,0.14,0.0,0.07,0.07,0.18,0.03,0.02,0.41,0.36
NBA,2019 - 2020,Playoffs,Georges Niang,UTA,7,114.1,22,44,12,29,2,2,2,9,4,11,15,4,0,1,58,1993-06-17,230.0,United States,Tilton School,2.0,20.0,Indiana Pacers,georges niang,PF,200.02,204.47,104.69,208.28,261.62,10.05,23.5,23.5,2016,2019,2019-10-01,26.3,6293,0.19,0.39,0.11,0.25,0.02,0.02,0.02,0.08,0.04,0.1,0.13,0.04,0.0,0.01,0.51,0.47
NBA,2019 - 2020,Playoffs,Shake Milton,PHI,4,125.9,21,44,10,25,6,7,6,13,1,12,13,11,2,0,58,1996-09-26,207.0,United States,Owasso High School,2.0,24.0,Dallas Mavericks,shake milton,SG/PG,194.31,196.85,93.98,215.26,252.73,6.8,22.22,24.13,2018,2019,2019-10-01,23.0,6294,0.17,0.35,0.08,0.2,0.05,0.06,0.05,0.1,0.01,0.1,0.1,0.09,0.02,0.0,0.46,0.43
NBA,2019 - 2020,Playoffs,Austin Rivers,HOU,12,211.0,19,61,9,35,10,13,8,22,2,28,30,16,7,1,57,1992-08-01,200.0,United States,Winter Park High School,1.0,10.0,New Orleans Pelicans,austin rivers,SG/PG,191.77,195.58,91.99,201.3,245.11,6.2,21.59,25.4,2012,2019,2019-10-01,27.2,6295,0.09,0.29,0.04,0.17,0.05,0.06,0.04,0.1,0.01,0.13,0.14,0.08,0.03,0.0,0.27,0.27
NBA,2019 - 2020,Playoffs,Marvin Williams,MIL,10,178.7,21,47,10,23,3,3,3,14,13,35,48,9,5,3,55,1986-06-19,237.0,United States,Bremerton High School,1.0,2.0,Atlanta Hawks,marvin williams,PF/SF,200.66,203.84,103.51,222.25,274.32,,,,2005,2019,2019-10-01,33.3,6296,0.12,0.26,0.06,0.13,0.02,0.02,0.02,0.08,0.07,0.2,0.27,0.05,0.03,0.02,0.31,0.52
NBA,2019 - 2020,Playoffs,Gordon Hayward,BOS,5,157.2,20,50,7,24,7,8,7,10,3,17,20,14,7,2,54,1990-03-23,225.0,United States,Brownsburg High School,1.0,9.0,Utah Jazz,gordon hayward,SF,200.02,203.2,95.71,202.56,261.62,6.9,21.59,23.5,2010,2019,2019-10-01,29.5,6297,0.13,0.32,0.04,0.15,0.04,0.05,0.04,0.06,0.02,0.11,0.13,0.09,0.04,0.01,0.34,0.37
NBA,2019 - 2020,Playoffs,Enes Kanter,BOS,11,102.4,22,42,1,1,5,10,4,19,19,24,43,7,0,0,50,1992-05-20,250.0,Switzerland / Turkey,Stoneridge Prep,1.0,3.0,Utah Jazz,enes kanter,PF/C,207.64,211.46,117.57,217.17,278.13,5.9,24.13,27.3,2011,2019,2019-10-01,27.4,6298,0.21,0.41,0.01,0.01,0.05,0.1,0.04,0.19,0.19,0.23,0.42,0.07,0.0,0.0,0.49,0.69
NBA,2019 - 2020,Playoffs,Grant Williams,BOS,17,169.6,15,26,10,17,7,10,4,33,7,19,26,6,2,5,47,1998-11-30,236.0,United States,Providence Day School,1.0,22.0,Boston Celtics,grant williams,PF,197.48,201.93,108.95,207.64,265.43,5.4,22.86,26.67,2019,2019,2019-10-01,20.8,6299,0.09,0.15,0.06,0.1,0.04,0.06,0.02,0.19,0.04,0.11,0.15,0.04,0.01,0.03,0.28,0.41
NBA,2019 - 2020,Playoffs,Mason Plumlee,DEN,19,206.5,19,39,0,1,8,12,11,40,31,30,61,25,4,8,46,1990-03-05,235.0,United States,Christ School,1.0,22.0,Brooklyn Nets,mason plumlee,C/PF,211.46,214.63,108.05,210.82,274.32,6.15,24.76,24.13,2013,2019,2019-10-01,29.6,6300,0.09,0.19,0.0,0.0,0.04,0.06,0.05,0.19,0.15,0.15,0.3,0.12,0.02,0.04,0.22,0.53
NBA,2019 - 2020,Playoffs,Darius Bazley,OKC,7,125.9,13,31,11,22,9,10,6,2,2,45,47,6,0,3,46,2000-06-12,208.0,United States,Princeton High School,1.0,23.0,Utah Jazz,darius bazley,PF,202.56,205.74,94.53,213.36,271.78,3.6,22.86,24.76,2019,2019,2019-10-01,19.3,6301,0.1,0.25,0.09,0.17,0.07,0.08,0.05,0.02,0.02,0.36,0.37,0.05,0.0,0.02,0.37,0.6
NBA,2019 - 2020,Playoffs,Ben McLemore,HOU,11,129.6,15,40,14,36,0,0,3,8,2,9,11,6,4,0,44,1993-02-11,195.0,United States,Christian Life Center,1.0,7.0,Sacramento Kings,ben mclemore,SG,191.77,194.94,85.82,202.56,255.27,5.0,22.22,24.13,2013,2019,2019-10-01,26.6,6302,0.12,0.31,0.11,0.28,0.0,0.0,0.02,0.06,0.02,0.07,0.08,0.05,0.03,0.0,0.34,0.29
NBA,2019 - 2020,Playoffs,Terence Davis,TOR,6,83.8,14,29,8,19,7,7,6,11,2,11,13,7,1,0,43,1997-05-16,205.0,United States,Southaven High School,,,,terence davis,SG,190.5,194.31,87.27,205.1,256.54,4.1,23.5,27.3,2019,2019,2019-10-01,22.4,6303,0.17,0.35,0.1,0.23,0.08,0.08,0.07,0.13,0.02,0.13,0.16,0.08,0.01,0.0,0.51,0.51
NBA,2019 - 2020,Playoffs,Alec Burks,PHI,4,94.8,16,49,3,16,7,9,3,7,7,8,15,7,1,3,42,1991-07-20,214.0,United States,Grandview High School,1.0,12.0,Utah Jazz,alec burks,SG,195.58,198.12,87.36,208.28,262.89,5.1,22.86,20.96,2011,2019,2019-10-01,28.2,6304,0.17,0.52,0.03,0.17,0.07,0.09,0.03,0.07,0.07,0.08,0.16,0.07,0.01,0.03,0.44,0.31
NBA,2019 - 2020,Playoffs,Jarrett Allen,BRK,4,132.2,14,24,0,0,13,16,11,7,17,42,59,9,2,7,41,1998-04-21,237.0,United States,St. Stephen's Episcopal School,1.0,22.0,Brooklyn Nets,jarrett allen,C,205.74,208.92,105.96,226.7,278.13,7.4,24.13,26.67,2017,2019,2019-10-01,21.4,6305,0.11,0.18,0.0,0.0,0.1,0.12,0.08,0.05,0.13,0.32,0.45,0.07,0.02,0.05,0.31,0.73
NBA,2019 - 2020,Playoffs,JaVale McGee,LAL,14,135.2,20,32,0,2,1,2,9,22,16,28,44,7,2,10,41,1988-01-19,270.0,United States,Hales Franciscan,1.0,18.0,Washington Wizards,javale mcgee,C/PF,210.82,213.36,109.32,228.6,290.83,5.3,,,2008,2019,2019-10-01,31.7,6306,0.15,0.24,0.0,0.01,0.01,0.01,0.07,0.16,0.12,0.21,0.33,0.05,0.01,0.07,0.3,0.6
NBA,2019 - 2020,Playoffs,Pat Connaughton,MIL,10,170.9,15,35,8,23,2,2,5,12,5,34,39,11,2,2,40,1993-01-06,209.0,United States,St. John's Prep,2.0,11.0,Brooklyn Nets,pat connaughton,SG,193.04,196.22,97.52,203.2,243.84,10.2,21.59,23.5,2015,2019,2019-10-01,26.7,6307,0.09,0.2,0.05,0.13,0.01,0.01,0.03,0.07,0.03,0.2,0.23,0.06,0.01,0.01,0.23,0.4
NBA,2019 - 2020,Playoffs,P.J. Dozier,DEN,12,124.7,14,33,2,8,8,14,8,13,2,16,18,12,2,2,38,1996-10-25,205.0,United States,Spring Valley High School,,,,pj dozier,SG,196.22,200.02,90.99,210.82,256.54,6.1,21.59,24.13,2017,2019,2019-10-01,22.9,6308,0.11,0.26,0.02,0.06,0.06,0.11,0.06,0.1,0.02,0.13,0.14,0.1,0.02,0.02,0.3,0.32
NBA,2019 - 2020,Playoffs,James Ennis,ORL,5,119.1,12,35,4,16,7,9,6,19,6,23,29,6,5,2,35,1990-07-01,210.0,United States,Ventura High School,2.0,20.0,Atlanta Hawks,james ennis,SF,197.48,200.66,91.08,212.09,265.43,4.5,21.59,22.22,2013,2019,2019-10-01,29.3,6309,0.1,0.29,0.03,0.13,0.06,0.08,0.05,0.16,0.05,0.19,0.24,0.05,0.04,0.02,0.29,0.38
NBA,2019 - 2020,Playoffs,Hassan Whiteside,POR,5,106.1,13,24,1,1,7,14,6,17,7,28,35,2,1,10,34,1989-06-13,265.0,United States,The Patterson School,2.0,3.0,Sacramento Kings,hassan whiteside,C/PF,209.55,212.09,102.78,231.14,287.02,5.5,20.96,26.04,2010,2019,2019-10-01,30.3,6310,0.12,0.23,0.01,0.01,0.07,0.13,0.06,0.16,0.07,0.26,0.33,0.02,0.01,0.09,0.32,0.54
NBA,2019 - 2020,Playoffs,Aaron Holiday,IND,4,71.9,12,21,4,9,3,5,4,10,1,4,5,10,4,0,31,1996-09-30,185.0,United States,Campbell Hall School,1.0,23.0,Indiana Pacers,aaron holiday,PG,182.24,184.78,84.82,201.93,246.38,6.4,22.22,21.59,2018,2019,2019-10-01,23.0,6311,0.17,0.29,0.06,0.13,0.04,0.07,0.06,0.14,0.01,0.06,0.07,0.14,0.06,0.0,0.43,0.49
NBA,2019 - 2020,Playoffs,Al Horford,PHI,4,128.5,12,25,0,4,4,7,3,14,9,20,29,9,1,5,28,1986-06-03,245.0,Dominican Republic / United States,Grand Ledge High School,1.0,3.0,Atlanta Hawks,al horford,PF,203.2,207.64,111.58,215.26,271.78,9.1,,,2007,2019,2019-10-01,33.3,6312,0.09,0.19,0.0,0.03,0.03,0.05,0.02,0.11,0.07,0.16,0.23,0.07,0.01,0.04,0.22,0.43
NBA,2019 - 2020,Playoffs,Anfernee Simons,POR,4,82.0,8,26,6,14,5,6,4,7,1,10,11,10,6,0,27,1999-06-08,185.0,United States,IMG Academy,1.0,24.0,Portland Trail Blazers,anfernee simons,SG/PG,188.6,191.14,83.1,206.38,252.73,7.7,22.22,22.86,2018,2019,2019-10-01,20.3,6313,0.1,0.32,0.07,0.17,0.06,0.07,0.05,0.09,0.01,0.12,0.13,0.12,0.07,0.0,0.33,0.37
NBA,2019 - 2020,Playoffs,Khem Birch,ORL,5,89.5,7,14,0,0,10,11,5,11,9,16,25,7,1,0,24,1992-09-28,220.0,Canada,Notre Dame Preparatory,,,,khem birch,PF,201.93,206.38,94.71,215.9,271.78,6.0,22.86,21.59,2014,2019,2019-10-01,27.0,6314,0.08,0.16,0.0,0.0,0.11,0.12,0.06,0.12,0.1,0.18,0.28,0.08,0.01,0.0,0.27,0.49
NBA,2019 - 2020,Playoffs,Nerlens Noel,OKC,7,97.2,8,17,0,1,5,10,2,15,5,24,29,3,2,5,21,1994-04-10,220.0,United States,Tilton School,1.0,6.0,New Orleans Pelicans,nerlens noel,C,208.28,212.72,93.62,222.88,279.4,4.15,24.13,25.4,2013,2019,2019-10-01,25.5,6315,0.08,0.17,0.0,0.01,0.05,0.1,0.02,0.15,0.05,0.25,0.3,0.03,0.02,0.05,0.22,0.46
NBA,2019 - 2020,Playoffs,Wesley Iwundu,ORL,5,75.8,6,20,4,7,5,8,3,5,1,10,11,4,3,2,21,1994-12-20,195.0,United States,Spring Westfield High School,2.0,3.0,Orlando Magic,wesley iwundu,SG/SF,196.85,200.02,87.72,215.9,267.97,4.0,22.22,24.13,2017,2019,2019-10-01,24.8,6316,0.08,0.26,0.05,0.09,0.07,0.11,0.04,0.07,0.01,0.13,0.15,0.05,0.04,0.03,0.28,0.29
NBA,2019 - 2020,Playoffs,Semi Ojeleye,BOS,13,122.2,7,28,5,23,2,2,1,9,2,10,12,1,3,0,21,1994-12-05,241.0,United States,Ottawa High School,2.0,7.0,Boston Celtics,semi ojeleye,SF/SG,196.22,200.02,109.5,207.64,259.08,5.5,22.22,24.13,2017,2019,2019-10-01,24.8,6317,0.06,0.23,0.04,0.19,0.02,0.02,0.01,0.07,0.02,0.08,0.1,0.01,0.02,0.0,0.17,0.12
NBA,2019 - 2020,Playoffs,J.R. Smith,LAL,10,74.9,7,26,6,22,0,0,7,11,0,3,3,3,2,0,20,1985-09-09,225.0,United States,Saint Benedict's Preparatory School,1.0,18.0,New Orleans Pelicans,jr smith,SG/SF,196.85,200.02,102.97,208.28,264.16,6.7,,,2004,2019,2019-10-01,34.1,6318,0.09,0.35,0.08,0.29,0.0,0.0,0.09,0.15,0.0,0.04,0.04,0.04,0.03,0.0,0.27,0.03
